[{"fields": {"model": "logentry", "app_label": "admin"}, "model": "contenttypes.contenttype", "pk": 1}, {"fields": {"model": "permission", "app_label": "auth"}, "model": "contenttypes.contenttype", "pk": 2}, {"fields": {"model": "group", "app_label": "auth"}, "model": "contenttypes.contenttype", "pk": 3}, {"fields": {"model": "user", "app_label": "auth"}, "model": "contenttypes.contenttype", "pk": 4}, {"fields": {"model": "contenttype", "app_label": "contenttypes"}, "model": "contenttypes.contenttype", "pk": 5}, {"fields": {"model": "session", "app_label": "sessions"}, "model": "contenttypes.contenttype", "pk": 6}, {"fields": {"model": "site", "app_label": "sites"}, "model": "contenttypes.contenttype", "pk": 7}, {"fields": {"model": "wpage", "app_label": "motorapp"}, "model": "contenttypes.contenttype", "pk": 8}, {"fields": {"model": "catpage", "app_label": "motorapp"}, "model": "contenttypes.contenttype", "pk": 9}, {"fields": {"model": "sitesettings", "app_label": "motorapp"}, "model": "contenttypes.contenttype", "pk": 10}, {"fields": {"model": "modulo", "app_label": "motorapp"}, "model": "contenttypes.contenttype", "pk": 11}, {"fields": {"model": "settsmodulo", "app_label": "motorapp"}, "model": "contenttypes.contenttype", "pk": 12}, {"fields": {"model": "defaultsettmodulo", "app_label": "motorapp"}, "model": "contenttypes.contenttype", "pk": 13}, {"fields": {"model": "itmmodulo", "app_label": "motorapp"}, "model": "contenttypes.contenttype", "pk": 14}, {"fields": {"model": "paramitm", "app_label": "motorapp"}, "model": "contenttypes.contenttype", "pk": 15}, {"fields": {"model": "mediaitm", "app_label": "motorapp"}, "model": "contenttypes.contenttype", "pk": 16}, {"fields": {"model": "fileitm", "app_label": "motorapp"}, "model": "contenttypes.contenttype", "pk": 17}, {"fields": {"model": "categoria", "app_label": "motorapp"}, "model": "contenttypes.contenttype", "pk": 18}, {"fields": {"model": "color", "app_label": "cfgapp"}, "model": "contenttypes.contenttype", "pk": 19}, {"fields": {"model": "combinacion", "app_label": "cfgapp"}, "model": "contenttypes.contenttype", "pk": 20}, {"fields": {"model": "tipografia", "app_label": "cfgapp"}, "model": "contenttypes.contenttype", "pk": 21}, {"fields": {"model": "sitesetting", "app_label": "cfgapp"}, "model": "contenttypes.contenttype", "pk": 22}, {"fields": {"model": "promocion", "app_label": "dinamicasapp"}, "model": "contenttypes.contenttype", "pk": 23}, {"fields": {"model": "promocat", "app_label": "dinamicasapp"}, "model": "contenttypes.contenttype", "pk": 24}, {"fields": {"model": "segmento", "app_label": "dinamicasapp"}, "model": "contenttypes.contenttype", "pk": 25}, {"fields": {"model": "pregunta", "app_label": "dinamicasapp"}, "model": "contenttypes.contenttype", "pk": 26}, {"fields": {"model": "dinpalabra", "app_label": "dinamicasapp"}, "model": "contenttypes.contenttype", "pk": 27}, {"fields": {"model": "respuesta", "app_label": "dinamicasapp"}, "model": "contenttypes.contenttype", "pk": 28}, {"fields": {"model": "profuser", "app_label": "dinamicasapp"}, "model": "contenttypes.contenttype", "pk": 29}, {"fields": {"model": "participacion", "app_label": "dinamicasapp"}, "model": "contenttypes.contenttype", "pk": 30}, {"fields": {"model": "resparticipacion", "app_label": "dinamicasapp"}, "model": "contenttypes.contenttype", "pk": 31}, {"fields": {"model": "profileuser", "app_label": "dinamicasapp"}, "model": "contenttypes.contenttype", "pk": 32}, {"fields": {"model": "respondepalabras", "app_label": "dinamicasapp"}, "model": "contenttypes.contenttype", "pk": 33}, {"fields": {"expire_date": "2018-04-24T01:03:09.866Z", "session_data": "YTBlZWFlMzE2YzQ1ODI0ODkxNDNjMDk3MjZhM2QzZGUwZjE5MmJkZDp7Il9hdXRoX3VzZXJfaGFzaCI6ImYxZjE4YzJmMTMyZDllNGVlZDg0NWVkNTEwYjg2OTMxMGI0OGIxYTIiLCJfYXV0aF91c2VyX2JhY2tlbmQiOiJkamFuZ28uY29udHJpYi5hdXRoLmJhY2tlbmRzLk1vZGVsQmFja2VuZCIsIl9hdXRoX3VzZXJfaWQiOiI2In0="}, "model": "sessions.session", "pk": "apb0avzei9niwys1duynurbpwhfsq70k"}, {"fields": {"expire_date": "2018-04-21T15:13:08.083Z", "session_data": "YmY5MTM3ZDExYjg1NzAyZDZlY2ZiNzQxMzJiMzIwM2U0ZTZhYjgzZjp7fQ=="}, "model": "sessions.session", "pk": "kb1uynbhm5ilcv17ang8lhe0h2dvlxwo"}, {"fields": {"expire_date": "2018-04-24T00:59:39.053Z", "session_data": "YjM5MmE5ODQ3ZGRhODI2YzU4ZjExYTNmNDAwZWNhY2VlZmFlYmE2MTp7Il9hdXRoX3VzZXJfaGFzaCI6ImRkMzQ4YmQxNzk4YTZjMjVlYzlkNmI1NjE4ODAzOWM1YjU0ZGFhMWMiLCJfYXV0aF91c2VyX2JhY2tlbmQiOiJkamFuZ28uY29udHJpYi5hdXRoLmJhY2tlbmRzLk1vZGVsQmFja2VuZCIsIl9hdXRoX3VzZXJfaWQiOiI0In0="}, "model": "sessions.session", "pk": "ke5lanahjd4sbed5uwnhxmq0q81ok9h3"}, {"fields": {"expire_date": "2018-04-24T09:14:44.462Z", "session_data": "ZDNjZmYwNTRhYjZjZTVlOThhNDVhZDE3ZjZlNGI3OWM4NTJjY2ZhMzp7Il9hdXRoX3VzZXJfaGFzaCI6IjQwYmQwYTNiNTViNjU3MmIzNzExZDNhZTk3YjI3Y2M1ODczMmI1YzciLCJfYXV0aF91c2VyX2JhY2tlbmQiOiJkamFuZ28uY29udHJpYi5hdXRoLmJhY2tlbmRzLk1vZGVsQmFja2VuZCIsIl9hdXRoX3VzZXJfaWQiOiIxMCJ9"}, "model": "sessions.session", "pk": "zi84ebylkd46ye908i343c02p9xzxu5b"}, {"fields": {"domain": "example.com", "name": "example.com"}, "model": "sites.site", "pk": 1}, {"fields": {"status": "publish", "orden": 1, "likes": 340, "vigencia": "2018-04-16", "premio": "<p>Un pase VIP doble para disfrutar a Lenny Kravitz en la Arena Guadalajara el 18 de Abril.<br/></p>", "img": "/static/temps/promo_2_lg.jpg", "destacado": true, "color": "c227b9", "imglg": "/static/temps/promo_2_min.jpg", "categorias": "[\"musica\"]", "linea_tres": "linea de texto", "shares": 120, "bases": "<p>Para poder participar en este concurso deber\u00e1s contestar todas las preguntas de la trivia. Al finalizar la vigencia de la din\u00e1mica se elegir\u00e1n los ganadores tomando en cuenta:<br/><br/>- La mayor cantidad de respuestas correctas.<br/>- El tiempo de participaci\u00f3n.<br/><br/>Los 5 mejores resultados ser\u00e1n contactados directamente para recibir su premio.<br/></p>", "linea_dos": "en su concierto", "dinamica": "trivia", "titulo": "<p>La trivia consta de 6 preguntas de opci\u00f3n m\u00faltiple, selecciona la respuesta correcta y pasa a la siguiente pregunta. La mayor cantidad de respuestas correctas con el menor tiempo de participaci\u00f3n gana.<br/></p>", "segmentos": "[\"claro_musica\"]", "terms": "<p>Lorem ipsum dolor sit amet, consectetur adipiscing elit. Sed gravida cursus lacus, eget tempus dolor molestie et. Ut sed congue risus. Mauris vitae orci in risus iaculis vestibulum. Curabitur ullamcorper, risus et vehicula suscipit, urna ante malesuada lorem, at feugiat augue felis in nisi. Ut dapibus libero sem, quis dignissim sem lobortis nec. Curabitur rhoncus non nunc vel faucibus. Phasellus velit dolor, euismod vel cursus nec, sagittis nec lorem. Mauris id est est. Nulla non odio nisi.<br/><br/>Donec sit amet condimentum ipsum, eget laoreet urna. Duis nunc sem, interdum eu mauris eu, rhoncus aliquam risus. Morbi metus nisl, eleifend eget risus id, facilisis pretium nisi. Aenean eget ullamcorper elit, nec suscipit urna. Donec id viverra odio, in luctus felis. Fusce tincidunt sagittis nulla, tincidunt lacinia turpis fringilla ac. Mauris laoreet lectus eget nulla vulputate varius. Vestibulum ac nisl ligula. Ut suscipit turpis vel bibendum gravida. Sed eleifend vehicula leo nec tempus. Phasellus nec felis aliquam, sodales nibh eget, luctus nulla.<br/></p>", "linea_uno": "Lenny Kravitz te espera"}, "model": "dinamicasapp.promocion", "pk": 2}, {"fields": {"status": "publish", "orden": 3, "likes": 340, "vigencia": "2018-04-12", "premio": "<p>Un pase doble para vivir la m\u00fasica del Tecate Location Mexicali el 14 de abril.<br/></p>", "img": "/static/temps/promo_3_min.jpg", "destacado": true, "color": "c227b9", "imglg": "/static/temps/promo_3_lg.jpg", "categorias": "[\"musica\"]", "linea_tres": "linea de texto", "shares": 120, "bases": "<p>Para poder participar en este concurso deber\u00e1s contestar todas las preguntas de la trivia. Al finalizar la vigencia de la din\u00e1mica se elegir\u00e1n los ganadores tomando en cuenta:<br/><br/>- La mayor cantidad de respuestas correctas.<br/>- El tiempo de participaci\u00f3n.<br/><br/>Los 8 mejores resultados ser\u00e1n contactados directamente para recibir su premio.<br/></p>", "linea_dos": "Tecate Location Mexicali", "dinamica": "trivia", "titulo": "<p>La trivia consta de 6 preguntas de opci\u00f3n m\u00faltiple, selecciona la respuesta correcta y pasa a la siguiente pregunta. La mayor cantidad de respuestas correctas con el menor tiempo de participaci\u00f3n gana.<br/></p>", "segmentos": "[]", "terms": "<p>Lorem ipsum dolor sit amet, consectetur adipiscing elit. Sed gravida cursus lacus, eget tempus dolor molestie et. Ut sed congue risus. Mauris vitae orci in risus iaculis vestibulum. Curabitur ullamcorper, risus et vehicula suscipit, urna ante malesuada lorem, at feugiat augue felis in nisi. Ut dapibus libero sem, quis dignissim sem lobortis nec. Curabitur rhoncus non nunc vel faucibus. Phasellus velit dolor, euismod vel cursus nec, sagittis nec lorem. Mauris id est est. Nulla non odio nisi.<br/><br/>Donec sit amet condimentum ipsum, eget laoreet urna. Duis nunc sem, interdum eu mauris eu, rhoncus aliquam risus. Morbi metus nisl, eleifend eget risus id, facilisis pretium nisi. Aenean eget ullamcorper elit, nec suscipit urna. Donec id viverra odio, in luctus felis. Fusce tincidunt sagittis nulla, tincidunt lacinia turpis fringilla ac. Mauris laoreet lectus eget nulla vulputate varius. Vestibulum ac nisl ligula. Ut suscipit turpis vel bibendum gravida. Sed eleifend vehicula leo nec tempus. Phasellus nec felis aliquam, sodales nibh eget, luctus nulla.<br/></p>", "linea_uno": "Vive la m\u00fasica en el"}, "model": "dinamicasapp.promocion", "pk": 3}, {"fields": {"status": "publish", "orden": 2, "likes": 340, "vigencia": "2018-04-20", "premio": "<p>Un pase doble para la NASCAR Peak M\u00e9xico Series en San Luis Potos\u00ed el 22 de abril.<br/></p>", "img": "/static/temps/promo_4_min.jpg", "destacado": true, "color": "c227b9", "imglg": "/static/temps/promo_4_lg.jpg", "categorias": "[\"automovilismo\"]", "linea_tres": "linea de texto", "shares": 120, "bases": "<p>Para poder participar en este concurso deber\u00e1s contestar todas las preguntas de la trivia. Al finalizar la vigencia de la din\u00e1mica se elegir\u00e1n los ganadores tomando en cuenta:<br/><br/>- La mayor cantidad de respuestas correctas.<br/>- El tiempo de participaci\u00f3n.<br/><br/>Los 247 mejores resultados ser\u00e1n contactados directamente para recibir su premio.<br/></p>", "linea_dos": "trae pases dobles.", "dinamica": "trivia", "titulo": "<p>La trivia consta de 6 preguntas de opci\u00f3n m\u00faltiple, selecciona la respuesta correcta y pasa a la siguiente pregunta. La mayor cantidad de respuestas correctas con el menor tiempo de participaci\u00f3n gana.<br/></p>", "segmentos": "[]", "terms": "<p>Lorem ipsum dolor sit amet, consectetur adipiscing elit. Sed gravida cursus lacus, eget tempus dolor molestie et. Ut sed congue risus. Mauris vitae orci in risus iaculis vestibulum. Curabitur ullamcorper, risus et vehicula suscipit, urna ante malesuada lorem, at feugiat augue felis in nisi. Ut dapibus libero sem, quis dignissim sem lobortis nec. Curabitur rhoncus non nunc vel faucibus. Phasellus velit dolor, euismod vel cursus nec, sagittis nec lorem. Mauris id est est. Nulla non odio nisi.<br/><br/>Donec sit amet condimentum ipsum, eget laoreet urna. Duis nunc sem, interdum eu mauris eu, rhoncus aliquam risus. Morbi metus nisl, eleifend eget risus id, facilisis pretium nisi. Aenean eget ullamcorper elit, nec suscipit urna. Donec id viverra odio, in luctus felis. Fusce tincidunt sagittis nulla, tincidunt lacinia turpis fringilla ac. Mauris laoreet lectus eget nulla vulputate varius. Vestibulum ac nisl ligula. Ut suscipit turpis vel bibendum gravida. Sed eleifend vehicula leo nec tempus. Phasellus nec felis aliquam, sodales nibh eget, luctus nulla.<br/></p>", "linea_uno": "La velocidad de la NASCAR"}, "model": "dinamicasapp.promocion", "pk": 4}, {"fields": {"status": "publish", "orden": 3, "likes": 340, "vigencia": "2018-04-19", "premio": "<p>Un pase doble para vivir la m\u00fasica del Tecate Location Culiac\u00e1n en Splash Club Culiac\u00e1n el 21 de abril.<br/></p>", "img": "/static/temps/promo_5_min.jpg", "destacado": false, "color": "c227b9", "imglg": "/static/temps/promo_5_lg.jpg", "categorias": "[\"musica\"]", "linea_tres": "linea de texto", "shares": 120, "bases": "<p>Para poder participar en este concurso deber\u00e1s contestar todas las preguntas de la trivia. Al finalizar la vigencia de la din\u00e1mica se elegir\u00e1n los ganadores tomando en cuenta:<br/><br/>- La mayor cantidad de respuestas correctas.<br/>- El tiempo de participaci\u00f3n.<br/><br/>Los 8 mejores resultados ser\u00e1n contactados directamente para recibir su premio.<br/></p>", "linea_dos": "en el Tecate Location Culiac\u00e1n", "dinamica": "trivia", "titulo": "<p>La trivia consta de 6 preguntas de opci\u00f3n m\u00faltiple, selecciona la respuesta correcta y pasa a la siguiente pregunta. La mayor cantidad de respuestas correctas con el menor tiempo de participaci\u00f3n gana.<br/></p>", "segmentos": "[]", "terms": "<p>Lorem ipsum dolor sit amet, consectetur adipiscing elit. Sed gravida cursus lacus, eget tempus dolor molestie et. Ut sed congue risus. Mauris vitae orci in risus iaculis vestibulum. Curabitur ullamcorper, risus et vehicula suscipit, urna ante malesuada lorem, at feugiat augue felis in nisi. Ut dapibus libero sem, quis dignissim sem lobortis nec. Curabitur rhoncus non nunc vel faucibus. Phasellus velit dolor, euismod vel cursus nec, sagittis nec lorem. Mauris id est est. Nulla non odio nisi.<br/><br/>Donec sit amet condimentum ipsum, eget laoreet urna. Duis nunc sem, interdum eu mauris eu, rhoncus aliquam risus. Morbi metus nisl, eleifend eget risus id, facilisis pretium nisi. Aenean eget ullamcorper elit, nec suscipit urna. Donec id viverra odio, in luctus felis. Fusce tincidunt sagittis nulla, tincidunt lacinia turpis fringilla ac. Mauris laoreet lectus eget nulla vulputate varius. Vestibulum ac nisl ligula. Ut suscipit turpis vel bibendum gravida. Sed eleifend vehicula leo nec tempus. Phasellus nec felis aliquam, sodales nibh eget, luctus nulla.<br/></p>", "linea_uno": "Disfruta excelentes bandas mexicanas"}, "model": "dinamicasapp.promocion", "pk": 5}, {"fields": {"status": "publish", "orden": 4, "likes": 340, "vigencia": "2018-04-19", "premio": "<p>Un pase doble y meet &amp; greet con Zo\u00e9 en el Tecate Location Culiac\u00e1n en Splash Club Culiac\u00e1n el 21 de abril.<br/></p>", "img": "/static/temps/promo_6_min.jpg", "destacado": false, "color": "c227b9", "imglg": "/static/temps/promo_6_lg.jpg", "categorias": "[\"musica\"]", "linea_tres": "linea de texto", "shares": 120, "bases": "<p>Para poder participar en este concurso deber\u00e1s contestar todas las preguntas. Al finalizar la vigencia de la din\u00e1mica se elegir\u00e1n los ganadores tomando en cuenta:<br/><br/>- La mayor cantidad de respuestas correctas.<br/>- El tiempo de participaci\u00f3n.<br/><br/>Los 4 mejores resultados ser\u00e1n contactados directamente para recibir su premio.<br/></p>", "linea_dos": "el Tecate Location Culiac\u00e1n", "dinamica": "palabras", "titulo": "<p>La din\u00e1mica consta de 5 pares de im\u00e1genes, una pista, y un campo en blanco, debes escribir en el campo en blanco una palabra que asocie al par de im\u00e1genes, cuando est\u00e9s listo pasa a la siguiente pregunta. La mayor cantidad de respuestas correctas con el menor tiempo de participaci\u00f3n gana.<br/></p>", "segmentos": "[]", "terms": "<p>Lorem ipsum dolor sit amet, consectetur adipiscing elit. Sed gravida cursus lacus, eget tempus dolor molestie et. Ut sed congue risus. Mauris vitae orci in risus iaculis vestibulum. Curabitur ullamcorper, risus et vehicula suscipit, urna ante malesuada lorem, at feugiat augue felis in nisi. Ut dapibus libero sem, quis dignissim sem lobortis nec. Curabitur rhoncus non nunc vel faucibus. Phasellus velit dolor, euismod vel cursus nec, sagittis nec lorem. Mauris id est est. Nulla non odio nisi.<br/><br/>Donec sit amet condimentum ipsum, eget laoreet urna. Duis nunc sem, interdum eu mauris eu, rhoncus aliquam risus. Morbi metus nisl, eleifend eget risus id, facilisis pretium nisi. Aenean eget ullamcorper elit, nec suscipit urna. Donec id viverra odio, in luctus felis. Fusce tincidunt sagittis nulla, tincidunt lacinia turpis fringilla ac. Mauris laoreet lectus eget nulla vulputate varius. Vestibulum ac nisl ligula. Ut suscipit turpis vel bibendum gravida. Sed eleifend vehicula leo nec tempus. Phasellus nec felis aliquam, sodales nibh eget, luctus nulla.<br/></p>", "linea_uno": "Zo\u00e9 espera conocerte en"}, "model": "dinamicasapp.promocion", "pk": 6}, {"fields": {"status": "publish", "orden": 5, "likes": 340, "vigencia": "2018-04-12", "premio": "<p>Un pase doble y meet &amp; greet con Zo\u00e9 en el Tecate Location Mexicali el 14 de abril.<br/></p>", "img": "/static/temps/promo_7_min.jpg", "destacado": false, "color": "c227b9", "imglg": "/static/temps/promo_7_lg.jpg", "categorias": "[\"musica\"]", "linea_tres": "linea de texto", "shares": 120, "bases": "<p>Para poder participar en este concurso deber\u00e1s contestar todas las preguntas. Al finalizar la vigencia de la din\u00e1mica se elegir\u00e1n los ganadores tomando en cuenta:<br/><br/>- La mayor cantidad de respuestas correctas.<br/>- El tiempo de participaci\u00f3n.<br/><br/>Los 4 mejores resultados ser\u00e1n contactados directamente para recibir su premio.<br/></p>", "linea_dos": "el Tecate Location Mexicali", "dinamica": "palabras", "titulo": "<p>La din\u00e1mica consta de 5 pares de im\u00e1genes, una pista, y un campo en blanco, debes escribir en el campo en blanco una palabra que asocie al par de im\u00e1genes, cuando est\u00e9s listo pasa a la siguiente pregunta. La mayor cantidad de respuestas correctas con el menor tiempo de participaci\u00f3n gana.<br/></p>", "segmentos": "[]", "terms": "<p>Lorem ipsum dolor sit amet, consectetur adipiscing elit. Sed gravida cursus lacus, eget tempus dolor molestie et. Ut sed congue risus. Mauris vitae orci in risus iaculis vestibulum. Curabitur ullamcorper, risus et vehicula suscipit, urna ante malesuada lorem, at feugiat augue felis in nisi. Ut dapibus libero sem, quis dignissim sem lobortis nec. Curabitur rhoncus non nunc vel faucibus. Phasellus velit dolor, euismod vel cursus nec, sagittis nec lorem. Mauris id est est. Nulla non odio nisi.<br/><br/>Donec sit amet condimentum ipsum, eget laoreet urna. Duis nunc sem, interdum eu mauris eu, rhoncus aliquam risus. Morbi metus nisl, eleifend eget risus id, facilisis pretium nisi. Aenean eget ullamcorper elit, nec suscipit urna. Donec id viverra odio, in luctus felis. Fusce tincidunt sagittis nulla, tincidunt lacinia turpis fringilla ac. Mauris laoreet lectus eget nulla vulputate varius. Vestibulum ac nisl ligula. Ut suscipit turpis vel bibendum gravida. Sed eleifend vehicula leo nec tempus. Phasellus nec felis aliquam, sodales nibh eget, luctus nulla.<br/></p>", "linea_uno": "Asiste y conoce a Zo\u00e9 en"}, "model": "dinamicasapp.promocion", "pk": 7}, {"fields": {"status": "publish", "orden": 6, "likes": 340, "vigencia": "2018-04-16", "premio": "<p>Un pase VIP doble para disfrutar a Lenny Kravitz en la Arena Guadalajara el 18 de abril.<br/></p>", "img": "/static/temps/promo_8_min.jpg", "destacado": false, "color": "c227b9", "imglg": "/static/temps/promo_8_lg.jpg", "categorias": "[\"musica\"]", "linea_tres": "linea de texto", "shares": 120, "bases": "<p>Para poder participar en este concurso deber\u00e1s contestar de manera correcta en el menor tiempo posible. Al finalizar la vigencia de la din\u00e1mica se elegir\u00e1n los ganadores tomando en cuenta:<br/><br/>- El tiempo de participaci\u00f3n.<br/><br/>Los 5 mejores resultados ser\u00e1n contactados directamente para recibir su premio.<br/></p>", "linea_dos": "y gana pases VIP!", "dinamica": "panorama", "titulo": "<p>La din\u00e1mica consta de una imagen panor\u00e1mica y un acertijo, debes hacer click sobre el elemento de la imagen que indica el acertijo. El resultado correcto con el menor tiempo de participaci\u00f3n gana.<br/></p>", "segmentos": "[]", "terms": "<p>Lorem ipsum dolor sit amet, consectetur adipiscing elit. Sed gravida cursus lacus, eget tempus dolor molestie et. Ut sed congue risus. Mauris vitae orci in risus iaculis vestibulum. Curabitur ullamcorper, risus et vehicula suscipit, urna ante malesuada lorem, at feugiat augue felis in nisi. Ut dapibus libero sem, quis dignissim sem lobortis nec. Curabitur rhoncus non nunc vel faucibus. Phasellus velit dolor, euismod vel cursus nec, sagittis nec lorem. Mauris id est est. Nulla non odio nisi.<br/><br/>Donec sit amet condimentum ipsum, eget laoreet urna. Duis nunc sem, interdum eu mauris eu, rhoncus aliquam risus. Morbi metus nisl, eleifend eget risus id, facilisis pretium nisi. Aenean eget ullamcorper elit, nec suscipit urna. Donec id viverra odio, in luctus felis. Fusce tincidunt sagittis nulla, tincidunt lacinia turpis fringilla ac. Mauris laoreet lectus eget nulla vulputate varius. Vestibulum ac nisl ligula. Ut suscipit turpis vel bibendum gravida. Sed eleifend vehicula leo nec tempus. Phasellus nec felis aliquam, sodales nibh eget, luctus nulla.<br/></p>", "linea_uno": "\u00a1Encuentra a Lenny Kravitz"}, "model": "dinamicasapp.promocion", "pk": 8}, {"fields": {"status": "publish", "orden": 7, "likes": 340, "vigencia": "2018-04-20", "premio": "<p>Un pase doble y acceso al hospitality para la NASCAR Peak M\u00e9xico Series en San Luis Potos\u00ed el 22 de abril.<br/></p>", "img": "/static/temps/promo_9_min.jpg", "destacado": false, "color": "c227b9", "imglg": "/static/temps/promo_9_lg.jpg", "categorias": "[\"automovilismo\"]", "linea_tres": "linea de texto", "shares": 120, "bases": "<p>Para poder participar en este concurso deber\u00e1s contestar de manera correcta en el menor tiempo posible. Al finalizar la vigencia de la din\u00e1mica se elegir\u00e1n los ganadores tomando en cuenta:<br/><br/>- El tiempo de participaci\u00f3n.<br/><br/>Los 3 mejores resultados ser\u00e1n contactados directamente para recibir su premio.<br/></p>", "linea_dos": "NASCAR Peak M\u00e9xico Series!", "dinamica": "panorama", "titulo": "<p>La din\u00e1mica consta de una imagen panor\u00e1mica y un acertijo, debes hacer click sobre el elemento de la imagen que indica el acertijo. El resultado correcto con el menor tiempo de participaci\u00f3n gana.<br/></p>", "segmentos": "[]", "terms": "<p>Lorem ipsum dolor sit amet, consectetur adipiscing elit. Sed gravida cursus lacus, eget tempus dolor molestie et. Ut sed congue risus. Mauris vitae orci in risus iaculis vestibulum. Curabitur ullamcorper, risus et vehicula suscipit, urna ante malesuada lorem, at feugiat augue felis in nisi. Ut dapibus libero sem, quis dignissim sem lobortis nec. Curabitur rhoncus non nunc vel faucibus. Phasellus velit dolor, euismod vel cursus nec, sagittis nec lorem. Mauris id est est. Nulla non odio nisi.<br/><br/>Donec sit amet condimentum ipsum, eget laoreet urna. Duis nunc sem, interdum eu mauris eu, rhoncus aliquam risus. Morbi metus nisl, eleifend eget risus id, facilisis pretium nisi. Aenean eget ullamcorper elit, nec suscipit urna. Donec id viverra odio, in luctus felis. Fusce tincidunt sagittis nulla, tincidunt lacinia turpis fringilla ac. Mauris laoreet lectus eget nulla vulputate varius. Vestibulum ac nisl ligula. Ut suscipit turpis vel bibendum gravida. Sed eleifend vehicula leo nec tempus. Phasellus nec felis aliquam, sodales nibh eget, luctus nulla.<br/></p>", "linea_uno": "\u00a1Accede al hospitality de la"}, "model": "dinamicasapp.promocion", "pk": 9}, {"fields": {"status": "publish", "orden": 8, "likes": 340, "vigencia": "2018-04-13", "premio": "<p>Un pase doble para vivir la velocidad de la F\u00f3rmula 4 en Pachuca el 15 de abril.<br/></p>", "img": "/static/temps/promo_10_min.jpg", "destacado": false, "color": "c227b9", "imglg": "/static/temps/promo_10_lg.jpg", "categorias": "[\"automovilismo\"]", "linea_tres": "linea de texto", "shares": 120, "bases": "<p>Para poder participar en este concurso deber\u00e1s contestar todas las preguntas de la trivia. Al finalizar la vigencia de la din\u00e1mica se elegir\u00e1n los ganadores tomando en cuenta:<br/><br/>- La mayor cantidad de respuestas correctas.<br/>- El tiempo de participaci\u00f3n.<br/><br/>Los 25 mejores resultados ser\u00e1n contactados directamente para recibir su premio.<br/></p>", "linea_dos": "dos accesos a la F4", "dinamica": "trivia", "titulo": "<p>La trivia consta de 6 preguntas de opci\u00f3n m\u00faltiple, selecciona la respuesta correcta y pasa a la siguiente pregunta. La mayor cantidad de respuestas correctas con el menor tiempo de participaci\u00f3n gana.<br/></p>", "segmentos": "[]", "terms": "<p>Lorem ipsum dolor sit amet, consectetur adipiscing elit. Sed gravida cursus lacus, eget tempus dolor molestie et. Ut sed congue risus. Mauris vitae orci in risus iaculis vestibulum. Curabitur ullamcorper, risus et vehicula suscipit, urna ante malesuada lorem, at feugiat augue felis in nisi. Ut dapibus libero sem, quis dignissim sem lobortis nec. Curabitur rhoncus non nunc vel faucibus. Phasellus velit dolor, euismod vel cursus nec, sagittis nec lorem. Mauris id est est. Nulla non odio nisi.<br/><br/>Donec sit amet condimentum ipsum, eget laoreet urna. Duis nunc sem, interdum eu mauris eu, rhoncus aliquam risus. Morbi metus nisl, eleifend eget risus id, facilisis pretium nisi. Aenean eget ullamcorper elit, nec suscipit urna. Donec id viverra odio, in luctus felis. Fusce tincidunt sagittis nulla, tincidunt lacinia turpis fringilla ac. Mauris laoreet lectus eget nulla vulputate varius. Vestibulum ac nisl ligula. Ut suscipit turpis vel bibendum gravida. Sed eleifend vehicula leo nec tempus. Phasellus nec felis aliquam, sodales nibh eget, luctus nulla.<br/></p>", "linea_uno": "Doble velocidad con"}, "model": "dinamicasapp.promocion", "pk": 10}, {"fields": {"status": "publish", "orden": 9, "likes": 340, "vigencia": "2018-04-13", "premio": "<p>Un pase doble para vivir la velocidad de la F\u00f3rmula 4 en Pachuca el 15 de abril. <br/></p>", "img": "/static/temps/promo_11_min.jpg", "destacado": false, "color": "c227b9", "imglg": "/static/temps/promo_11_lg.jpg", "categorias": "[\"automovilismo\"]", "linea_tres": "linea de texto", "shares": 120, "bases": "<p>Para poder participar en este concurso deber\u00e1s contestar todas las preguntas. Al finalizar la vigencia de la din\u00e1mica se elegir\u00e1n los ganadores tomando en cuenta:<br/><br/>- La mayor cantidad de respuestas correctas.<br/>- El tiempo de participaci\u00f3n.<br/><br/>Los 25 mejores resultados ser\u00e1n contactados directamente para recibir su premio.<br/></p>", "linea_dos": "con estos pases dobles!", "dinamica": "palabras", "titulo": "<p></p><p style=\\\"color: #000000;\\\"></p><p></p><p>La din\u00e1mica consta de 5 pares de im\u00e1genes, una pista, y un campo en blanco, debes escribir en el campo en blanco una palabra que asocie al par de im\u00e1genes, cuando est\u00e9s listo pasa a la siguiente pregunta. La mayor cantidad de respuestas correctas con el menor tiempo de participaci\u00f3n gana.</p><p></p>", "segmentos": "[]", "terms": "<p>Lorem ipsum dolor sit amet, consectetur adipiscing elit. Sed gravida cursus lacus, eget tempus dolor molestie et. Ut sed congue risus. Mauris vitae orci in risus iaculis vestibulum. Curabitur ullamcorper, risus et vehicula suscipit, urna ante malesuada lorem, at feugiat augue felis in nisi. Ut dapibus libero sem, quis dignissim sem lobortis nec. Curabitur rhoncus non nunc vel faucibus. Phasellus velit dolor, euismod vel cursus nec, sagittis nec lorem. Mauris id est est. Nulla non odio nisi.<br/><br/>Donec sit amet condimentum ipsum, eget laoreet urna. Duis nunc sem, interdum eu mauris eu, rhoncus aliquam risus. Morbi metus nisl, eleifend eget risus id, facilisis pretium nisi. Aenean eget ullamcorper elit, nec suscipit urna. Donec id viverra odio, in luctus felis. Fusce tincidunt sagittis nulla, tincidunt lacinia turpis fringilla ac. Mauris laoreet lectus eget nulla vulputate varius. Vestibulum ac nisl ligula. Ut suscipit turpis vel bibendum gravida. Sed eleifend vehicula leo nec tempus. Phasellus nec felis aliquam, sodales nibh eget, luctus nulla.<br/></p>", "linea_uno": "\u00a1No te pierdas de la F4"}, "model": "dinamicasapp.promocion", "pk": 11}, {"fields": {"orden": 0, "catname": "Categor\u00edas", "catslug": "categorias", "parentcat": null}, "model": "dinamicasapp.promocat", "pk": 5}, {"fields": {"orden": 0, "catname": "Automovilismo", "catslug": "automovilismo", "parentcat": 5}, "model": "dinamicasapp.promocat", "pk": 6}, {"fields": {"orden": 0, "catname": "Atletismo", "catslug": "atletismo", "parentcat": 5}, "model": "dinamicasapp.promocat", "pk": 7}, {"fields": {"orden": 0, "catname": "Beisbol", "catslug": "beisbol", "parentcat": 5}, "model": "dinamicasapp.promocat", "pk": 8}, {"fields": {"orden": 0, "catname": "F\u00fatbol", "catslug": "futbol", "parentcat": 5}, "model": "dinamicasapp.promocat", "pk": 9}, {"fields": {"orden": 0, "catname": "M\u00fasica", "catslug": "musica", "parentcat": 5}, "model": "dinamicasapp.promocat", "pk": 10}, {"fields": {"orden": 0, "catname": "Teatro", "catslug": "teatro", "parentcat": 5}, "model": "dinamicasapp.promocat", "pk": 11}, {"fields": {"orden": 0, "catname": "Tenis", "catslug": "tenis", "parentcat": 5}, "model": "dinamicasapp.promocat", "pk": 12}, {"fields": {"orden": 0, "catname": "Entretenimiento", "catslug": "entretenimiento", "parentcat": 5}, "model": "dinamicasapp.promocat", "pk": 13}, {"fields": {"orden": 1, "owners": 2, "imagen": "static/media/promocion/crop_3.jpeg", "pregunta": "\u00bfEn d\u00f3nde naci\u00f3 el cantante Lenny Kravitz?"}, "model": "dinamicasapp.pregunta", "pk": 3}, {"fields": {"orden": 1, "owners": 2, "imagen": "static/media/promocion/crop_4.jpeg", "pregunta": "\u00bfEn qu\u00e9 famosa saga actu\u00f3?"}, "model": "dinamicasapp.pregunta", "pk": 4}, {"fields": {"orden": 1, "owners": 2, "imagen": "static/media/promocion/crop_5.jpeg", "pregunta": "\u00bfCu\u00e1l es el nombre de su \u00e1lbum m\u00e1s reciente?"}, "model": "dinamicasapp.pregunta", "pk": 5}, {"fields": {"orden": 1, "owners": 2, "imagen": "static/media/promocion/crop_6.jpeg", "pregunta": "\u00bfEn qu\u00e9 ciudades de M\u00e9xico presentar\u00e1 su nuevo tour?"}, "model": "dinamicasapp.pregunta", "pk": 6}, {"fields": {"orden": 1, "owners": 2, "imagen": "static/media/promocion/crop_7.jpeg", "pregunta": "\u00bfCu\u00e1ntos Grammys ha ganado Lenny Kravitz a lo largo de su carrera musical?"}, "model": "dinamicasapp.pregunta", "pk": 7}, {"fields": {"orden": 1, "owners": 2, "imagen": "static/media/promocion/crop_8.jpeg", "pregunta": "\u00bfEn qu\u00e9 a\u00f1o lanz\u00f3 su canci\u00f3n Fly Away?"}, "model": "dinamicasapp.pregunta", "pk": 8}, {"fields": {"orden": 1, "owners": 3, "imagen": "static/media/promocion/crop_14.jpeg", "pregunta": "\u00bfC\u00f3mo se llam\u00f3 el primer disco musical de Enjambre?"}, "model": "dinamicasapp.pregunta", "pk": 14}, {"fields": {"orden": 1, "owners": 3, "imagen": "static/media/promocion/crop_15.jpeg", "pregunta": "Para su canci\u00f3n Paseo Sideral, \u00bfcon qu\u00e9 actriz mexicana colabor\u00f3 Costera?"}, "model": "dinamicasapp.pregunta", "pk": 15}, {"fields": {"orden": 1, "owners": 3, "imagen": "static/media/promocion/crop_16.jpeg", "pregunta": "\u00bfCu\u00e1l de estas canciones pertenece a Reyno?"}, "model": "dinamicasapp.pregunta", "pk": 16}, {"fields": {"orden": 1, "owners": 3, "imagen": "static/media/promocion/crop_17.jpeg", "pregunta": "\u00bfCu\u00e1l es el nombre el guitarrista de Enjambre?"}, "model": "dinamicasapp.pregunta", "pk": 17}, {"fields": {"orden": 1, "owners": 3, "imagen": "static/media/promocion/crop_18.jpeg", "pregunta": "\u00bfA qu\u00e9 otro grupo perteneci\u00f3 Mauricio Garc\u00eda, vocalista de Costera?"}, "model": "dinamicasapp.pregunta", "pk": 18}, {"fields": {"orden": 1, "owners": 3, "imagen": "static/media/promocion/crop_19.jpeg", "pregunta": "\u00bfDe d\u00f3nde es originario el grupo musical Zo\u00e9?"}, "model": "dinamicasapp.pregunta", "pk": 19}, {"fields": {"orden": 1, "owners": 4, "imagen": "static/media/promocion/crop_20.jpeg", "pregunta": "\u00bfCu\u00e1l es el significado de NASCAR?"}, "model": "dinamicasapp.pregunta", "pk": 20}, {"fields": {"orden": 1, "owners": 4, "imagen": "static/media/promocion/crop_21.jpeg", "pregunta": "\u00bfCu\u00e1l de estas marcas no compite actualmente en NASCAR Peak?"}, "model": "dinamicasapp.pregunta", "pk": 21}, {"fields": {"orden": 1, "owners": 4, "imagen": "static/media/promocion/crop_22.jpeg", "pregunta": "\u00bfQui\u00e9n es el actual piloto campe\u00f3n de la NASCAR Peak?"}, "model": "dinamicasapp.pregunta", "pk": 22}, {"fields": {"orden": 1, "owners": 4, "imagen": "static/media/promocion/crop_23.jpeg", "pregunta": "\u00bfQui\u00e9n es el \u00fanico piloto que ha conseguido ser tres veces campe\u00f3n?"}, "model": "dinamicasapp.pregunta", "pk": 23}, {"fields": {"orden": 1, "owners": 4, "imagen": "static/media/promocion/crop_24.jpeg", "pregunta": "\u00bfQui\u00e9n fue Rookie del a\u00f1o en el 2014?"}, "model": "dinamicasapp.pregunta", "pk": 24}, {"fields": {"orden": 1, "owners": 4, "imagen": "static/media/promocion/crop_25.jpeg", "pregunta": "\u00bfCu\u00e1l es la pista con m\u00e1s carreras en la historia de NASCAR Peak M\u00e9xico?"}, "model": "dinamicasapp.pregunta", "pk": 25}, {"fields": {"orden": 1, "owners": 5, "imagen": "static/media/promocion/crop_26.jpeg", "pregunta": "\u00bfCu\u00e1l es el nombre del vocalista de Camilo S\u00e9ptimo?"}, "model": "dinamicasapp.pregunta", "pk": 26}, {"fields": {"orden": 1, "owners": 5, "imagen": "static/media/promocion/crop_27.jpeg", "pregunta": "\u00bfCon qu\u00e9 artista mexicano realizaron una colaboraci\u00f3n Los Master Plus en su \u00faltimo video?"}, "model": "dinamicasapp.pregunta", "pk": 27}, {"fields": {"orden": 1, "owners": 5, "imagen": "static/media/promocion/crop_28.jpeg", "pregunta": "\u00bfC\u00f3mo se llama el m\u00e1s reciente sencillo de Zo\u00e9?"}, "model": "dinamicasapp.pregunta", "pk": 28}, {"fields": {"orden": 1, "owners": 5, "imagen": "static/media/promocion/crop_29.jpeg", "pregunta": "\u00bfEn qu\u00e9 otro grupo musical participa Jay de la Cueva, integrante de Fobia?"}, "model": "dinamicasapp.pregunta", "pk": 29}, {"fields": {"orden": 1, "owners": 5, "imagen": "static/media/promocion/crop_30.jpeg", "pregunta": "\u00bfCu\u00e1ntos \u00e1lbumes ha lanzado al mercado Zo\u00e9?"}, "model": "dinamicasapp.pregunta", "pk": 30}, {"fields": {"orden": 1, "owners": 5, "imagen": "static/media/promocion/crop_31.jpeg", "pregunta": "\u00bfEn qu\u00e9 a\u00f1o lanz\u00f3 Fobia su canci\u00f3n \u201cHoy Tengo Miedo\u201d?"}, "model": "dinamicasapp.pregunta", "pk": 31}, {"fields": {"orden": 1, "owners": 10, "imagen": "static/media/promocion/crop_32.jpeg", "pregunta": "\u00bfEn qu\u00e9 a\u00f1o se realiz\u00f3 el primer campeonato de F4 M\u00e9xico?"}, "model": "dinamicasapp.pregunta", "pk": 32}, {"fields": {"orden": 1, "owners": 10, "imagen": "static/media/promocion/crop_33.jpeg", "pregunta": "\u00bfCu\u00e1l es el precio m\u00e1ximo estipulado para un motor de F4?"}, "model": "dinamicasapp.pregunta", "pk": 33}, {"fields": {"orden": 1, "owners": 10, "imagen": "static/media/promocion/crop_34.jpeg", "pregunta": "\u00bfEn d\u00f3nde se celebr\u00f3 en Marzo la fecha 3 de F4?"}, "model": "dinamicasapp.pregunta", "pk": 34}, {"fields": {"orden": 1, "owners": 10, "imagen": "static/media/promocion/crop_35_xKiG2AI.jpeg", "pregunta": "\u00bfCu\u00e1l es la edad m\u00ednima para participar en F4?"}, "model": "dinamicasapp.pregunta", "pk": 35}, {"fields": {"tiempo": null, "imagen_uno": "static/media/imtrivs/crop_1.jpeg", "description": "Todos tienen un nombre, pero juntos tienen otro.", "promopk": 6, "imagen_dos": "static/media/imtrivs/crop_1_Mw5GI64.jpeg", "palabra": "Zo\u00e9"}, "model": "dinamicasapp.dinpalabra", "pk": 1}, {"fields": {"tiempo": null, "imagen_uno": "static/media/imtrivs/crop_2.jpeg", "description": "Puede ser el\u00e9ctrica o ac\u00fastica", "promopk": 6, "imagen_dos": "static/media/imtrivs/crop_2_b1aK0mO.jpeg", "palabra": "guitarra"}, "model": "dinamicasapp.dinpalabra", "pk": 2}, {"fields": {"tiempo": null, "imagen_uno": "static/media/imtrivs/crop_3.jpeg", "description": "Los conciertos son para disfrutarlos entre:", "promopk": 6, "imagen_dos": "static/media/imtrivs/crop_3_z6yNo54.jpeg", "palabra": "amigos"}, "model": "dinamicasapp.dinpalabra", "pk": 3}, {"fields": {"tiempo": null, "imagen_uno": "static/media/imtrivs/crop_4.jpeg", "description": "Generalmente es el integrante m\u00e1s conocido de una banda.", "promopk": 6, "imagen_dos": "static/media/imtrivs/crop_4_QbtLkxA.jpeg", "palabra": "cantante"}, "model": "dinamicasapp.dinpalabra", "pk": 4}, {"fields": {"tiempo": null, "imagen_uno": "static/media/imtrivs/crop_5.jpeg", "description": "Se recomienda usarlos en eventos con mucho calor.", "promopk": 6, "imagen_dos": "static/media/imtrivs/crop_5_ovBZNg4.jpeg", "palabra": "shorts"}, "model": "dinamicasapp.dinpalabra", "pk": 5}, {"fields": {"tiempo": null, "imagen_uno": "static/media/imtrivs/crop_6.jpeg", "description": "Estira el brazo y recuerda este gran momento.", "promopk": 7, "imagen_dos": "static/media/imtrivs/crop_6_dTJOQFO.jpeg", "palabra": "selfie"}, "model": "dinamicasapp.dinpalabra", "pk": 6}, {"fields": {"tiempo": null, "imagen_uno": "static/media/imtrivs/crop_7.jpeg", "description": "Los festivales son muy largos, divi\u00e9rtete pero no la olvides.", "promopk": 7, "imagen_dos": "static/media/imtrivs/crop_7_QMU1J3i.jpeg", "palabra": "comida"}, "model": "dinamicasapp.dinpalabra", "pk": 7}, {"fields": {"tiempo": null, "imagen_uno": "static/media/imtrivs/crop_8.jpeg", "description": "Ser\u00eda dif\u00edcil que existiera sin la m\u00fasica.", "promopk": 7, "imagen_dos": "static/media/imtrivs/crop_8_JVxB0Rn.jpeg", "palabra": "baile"}, "model": "dinamicasapp.dinpalabra", "pk": 8}, {"fields": {"tiempo": null, "imagen_uno": "static/media/imtrivs/crop_9.jpeg", "description": "Parece lluvia de colores.", "promopk": 7, "imagen_dos": "static/media/imtrivs/crop_9_5NaCNcQ.jpeg", "palabra": "confeti"}, "model": "dinamicasapp.dinpalabra", "pk": 9}, {"fields": {"tiempo": null, "imagen_uno": "static/media/imtrivs/crop_10.jpeg", "description": "Utiliza ambas manos y dale varios a tu artista favorito.", "promopk": 7, "imagen_dos": "static/media/imtrivs/crop_10_D4vwK1V.jpeg", "palabra": "aplausos"}, "model": "dinamicasapp.dinpalabra", "pk": 10}, {"fields": {"tiempo": null, "imagen_uno": "static/media/imtrivs/crop_11.jpeg", "description": "Es el objetivo de la cerrera, llegar a ella.", "promopk": 11, "imagen_dos": "static/media/imtrivs/crop_11_tgmTH2X.jpeg", "palabra": "meta"}, "model": "dinamicasapp.dinpalabra", "pk": 11}, {"fields": {"tiempo": null, "imagen_uno": "static/media/imtrivs/crop_12.jpeg", "description": "Es importante tanto en el internet como en la pista.", "promopk": 11, "imagen_dos": "static/media/imtrivs/crop_12_j1MnuKE.jpeg", "palabra": "velocidad"}, "model": "dinamicasapp.dinpalabra", "pk": 12}, {"fields": {"tiempo": null, "imagen_uno": "static/media/imtrivs/crop_13.jpeg", "description": "null", "promopk": 11, "imagen_dos": "static/media/imtrivs/crop_13_LBTJWFR.jpeg", "palabra": ""}, "model": "dinamicasapp.dinpalabra", "pk": 13}, {"fields": {"resp": "1998", "cor": "True", "indice": "A", "pregunta": 8}, "model": "dinamicasapp.respuesta", "pk": 34}, {"fields": {"resp": "2002", "cor": "False", "indice": "B", "pregunta": 8}, "model": "dinamicasapp.respuesta", "pk": 35}, {"fields": {"resp": "2000", "cor": "False", "indice": "C", "pregunta": 8}, "model": "dinamicasapp.respuesta", "pk": 36}, {"fields": {"resp": "Cinco", "cor": "False", "indice": "A", "pregunta": 7}, "model": "dinamicasapp.respuesta", "pk": 37}, {"fields": {"resp": "Ninguno", "cor": "False", "indice": "B", "pregunta": 7}, "model": "dinamicasapp.respuesta", "pk": 38}, {"fields": {"resp": "Cuatro", "cor": "True", "indice": "C", "pregunta": 7}, "model": "dinamicasapp.respuesta", "pk": 39}, {"fields": {"resp": "Ciudad de M\u00e9xico, Guadalajara y Monterrey", "cor": "True", "indice": "A", "pregunta": 6}, "model": "dinamicasapp.respuesta", "pk": 40}, {"fields": {"resp": "Monterrey y Guadalajara", "cor": "False", "indice": "B", "pregunta": 6}, "model": "dinamicasapp.respuesta", "pk": 41}, {"fields": {"resp": "Monterrey, Puebla y Ciudad de M\u00e9xico", "cor": "False", "indice": "C", "pregunta": 6}, "model": "dinamicasapp.respuesta", "pk": 42}, {"fields": {"resp": "Lenny", "cor": "False", "indice": "A", "pregunta": 5}, "model": "dinamicasapp.respuesta", "pk": 43}, {"fields": {"resp": "Raise Vibration", "cor": "True", "indice": "B", "pregunta": 5}, "model": "dinamicasapp.respuesta", "pk": 44}, {"fields": {"resp": "Crush", "cor": "False", "indice": "C", "pregunta": 5}, "model": "dinamicasapp.respuesta", "pk": 45}, {"fields": {"resp": "Harry Potter", "cor": "False", "indice": "A", "pregunta": 4}, "model": "dinamicasapp.respuesta", "pk": 46}, {"fields": {"resp": "Hunger Games", "cor": "True", "indice": "B", "pregunta": 4}, "model": "dinamicasapp.respuesta", "pk": 47}, {"fields": {"resp": "Divergente", "cor": "False", "indice": "C", "pregunta": 4}, "model": "dinamicasapp.respuesta", "pk": 48}, {"fields": {"resp": "Londres", "cor": "False", "indice": "A", "pregunta": 3}, "model": "dinamicasapp.respuesta", "pk": 52}, {"fields": {"resp": "Los \u00c1ngeles", "cor": "False", "indice": "B", "pregunta": 3}, "model": "dinamicasapp.respuesta", "pk": 53}, {"fields": {"resp": "Nueva York", "cor": "True", "indice": "C", "pregunta": 3}, "model": "dinamicasapp.respuesta", "pk": 54}, {"fields": {"resp": "V\u00eda L\u00e1ctea", "cor": "False", "indice": "A", "pregunta": 14}, "model": "dinamicasapp.respuesta", "pk": 88}, {"fields": {"resp": "Consuelo en Domingo", "cor": "True", "indice": "B", "pregunta": 14}, "model": "dinamicasapp.respuesta", "pk": 89}, {"fields": {"resp": "Imperfecto Extra\u00f1o", "cor": "False", "indice": "C", "pregunta": 14}, "model": "dinamicasapp.respuesta", "pk": 90}, {"fields": {"resp": "Paula", "cor": "False", "indice": "A", "pregunta": 16}, "model": "dinamicasapp.respuesta", "pk": 94}, {"fields": {"resp": "Me quitas el aire", "cor": "False", "indice": "B", "pregunta": 16}, "model": "dinamicasapp.respuesta", "pk": 95}, {"fields": {"resp": "F\u00f3rmula", "cor": "True", "indice": "C", "pregunta": 16}, "model": "dinamicasapp.respuesta", "pk": 96}, {"fields": {"resp": "Tessa Ia", "cor": "True", "indice": "A", "pregunta": 15}, "model": "dinamicasapp.respuesta", "pk": 97}, {"fields": {"resp": "Camila Sodo", "cor": "False", "indice": "B", "pregunta": 15}, "model": "dinamicasapp.respuesta", "pk": 98}, {"fields": {"resp": "Irene Azuela", "cor": "False", "indice": "C", "pregunta": 15}, "model": "dinamicasapp.respuesta", "pk": 99}, {"fields": {"resp": "Javier Mej\u00eda", "cor": "True", "indice": "A", "pregunta": 17}, "model": "dinamicasapp.respuesta", "pk": 100}, {"fields": {"resp": "Le\u00f3n Larregui", "cor": "False", "indice": "B", "pregunta": 17}, "model": "dinamicasapp.respuesta", "pk": 101}, {"fields": {"resp": "Mauricio Garc\u00eda", "cor": "False", "indice": "C", "pregunta": 17}, "model": "dinamicasapp.respuesta", "pk": 102}, {"fields": {"resp": "Moderatto", "cor": "False", "indice": "A", "pregunta": 18}, "model": "dinamicasapp.respuesta", "pk": 103}, {"fields": {"resp": "LeBaron", "cor": "True", "indice": "B", "pregunta": 18}, "model": "dinamicasapp.respuesta", "pk": 104}, {"fields": {"resp": "Zo\u00e9", "cor": "False", "indice": "C", "pregunta": 18}, "model": "dinamicasapp.respuesta", "pk": 105}, {"fields": {"resp": "Morelia", "cor": "False", "indice": "A", "pregunta": 19}, "model": "dinamicasapp.respuesta", "pk": 109}, {"fields": {"resp": "Guadalajara", "cor": "False", "indice": "B", "pregunta": 19}, "model": "dinamicasapp.respuesta", "pk": 110}, {"fields": {"resp": "Cuernavaca", "cor": "True", "indice": "C", "pregunta": 19}, "model": "dinamicasapp.respuesta", "pk": 111}, {"fields": {"resp": "Jay de la Cueva", "cor": "False", "indice": "A", "pregunta": 26}, "model": "dinamicasapp.respuesta", "pk": 184}, {"fields": {"resp": "Manuel Mendoza", "cor": "True", "indice": "B", "pregunta": 26}, "model": "dinamicasapp.respuesta", "pk": 185}, {"fields": {"resp": "Micky Huidobro", "cor": "False", "indice": "C", "pregunta": 26}, "model": "dinamicasapp.respuesta", "pk": 186}, {"fields": {"resp": "Caloncho", "cor": "True", "indice": "A", "pregunta": 27}, "model": "dinamicasapp.respuesta", "pk": 187}, {"fields": {"resp": "Siddhartha", "cor": "False", "indice": "B", "pregunta": 27}, "model": "dinamicasapp.respuesta", "pk": 188}, {"fields": {"resp": "Carlos Rivera", "cor": "False", "indice": "C", "pregunta": 27}, "model": "dinamicasapp.respuesta", "pk": 189}, {"fields": {"resp": "Mi\u00e9nteme", "cor": "False", "indice": "A", "pregunta": 28}, "model": "dinamicasapp.respuesta", "pk": 190}, {"fields": {"resp": "Azul", "cor": "True", "indice": "B", "pregunta": 28}, "model": "dinamicasapp.respuesta", "pk": 191}, {"fields": {"resp": "opci\u00f3n 3", "cor": "False", "indice": "C", "pregunta": 28}, "model": "dinamicasapp.respuesta", "pk": 192}, {"fields": {"resp": "Los Masters Plus", "cor": "False", "indice": "A", "pregunta": 29}, "model": "dinamicasapp.respuesta", "pk": 196}, {"fields": {"resp": "Enjambre", "cor": "False", "indice": "B", "pregunta": 29}, "model": "dinamicasapp.respuesta", "pk": 197}, {"fields": {"resp": "Moderatto", "cor": "True", "indice": "C", "pregunta": 29}, "model": "dinamicasapp.respuesta", "pk": 198}, {"fields": {"resp": "cuatro", "cor": "False", "indice": "A", "pregunta": 30}, "model": "dinamicasapp.respuesta", "pk": 202}, {"fields": {"resp": "siete", "cor": "False", "indice": "B", "pregunta": 30}, "model": "dinamicasapp.respuesta", "pk": 203}, {"fields": {"resp": "seis", "cor": "False", "indice": "C", "pregunta": 30}, "model": "dinamicasapp.respuesta", "pk": 204}, {"fields": {"resp": "1998", "cor": "False", "indice": "A", "pregunta": 31}, "model": "dinamicasapp.respuesta", "pk": 205}, {"fields": {"resp": "2002", "cor": "False", "indice": "B", "pregunta": 31}, "model": "dinamicasapp.respuesta", "pk": 206}, {"fields": {"resp": "2003", "cor": "True", "indice": "C", "pregunta": 31}, "model": "dinamicasapp.respuesta", "pk": 207}, {"fields": {"resp": "National Automobile Speed Competition Association Rules", "cor": "False", "indice": "A", "pregunta": 20}, "model": "dinamicasapp.respuesta", "pk": 208}, {"fields": {"resp": "National Advanced Stock Car Auto Rally", "cor": "False", "indice": "B", "pregunta": 20}, "model": "dinamicasapp.respuesta", "pk": 209}, {"fields": {"resp": "National Association for Stock Car Auto Racing", "cor": "True", "indice": "C", "pregunta": 20}, "model": "dinamicasapp.respuesta", "pk": 210}, {"fields": {"resp": "Ford", "cor": "False", "indice": "A", "pregunta": 21}, "model": "dinamicasapp.respuesta", "pk": 211}, {"fields": {"resp": "Mazda", "cor": "False", "indice": "B", "pregunta": 21}, "model": "dinamicasapp.respuesta", "pk": 212}, {"fields": {"resp": "Honda", "cor": "True", "indice": "C", "pregunta": 21}, "model": "dinamicasapp.respuesta", "pk": 213}, {"fields": {"resp": "Abraham Calder\u00f3n", "cor": "True", "indice": "A", "pregunta": 22}, "model": "dinamicasapp.respuesta", "pk": 214}, {"fields": {"resp": "Rub\u00e9n Garc\u00eda, Jr.", "cor": "False", "indice": "B", "pregunta": 22}, "model": "dinamicasapp.respuesta", "pk": 215}, {"fields": {"resp": "Jimmy Morales", "cor": "False", "indice": "C", "pregunta": 22}, "model": "dinamicasapp.respuesta", "pk": 216}, {"fields": {"resp": "Rogelio L\u00f3pez", "cor": "False", "indice": "A", "pregunta": 23}, "model": "dinamicasapp.respuesta", "pk": 217}, {"fields": {"resp": "Germ\u00e1n Quiroga", "cor": "True", "indice": "B", "pregunta": 23}, "model": "dinamicasapp.respuesta", "pk": 218}, {"fields": {"resp": "Abraham Calder\u00f3n", "cor": "False", "indice": "C", "pregunta": 23}, "model": "dinamicasapp.respuesta", "pk": 219}, {"fields": {"resp": "Jimmy Morales", "cor": "False", "indice": "A", "pregunta": 24}, "model": "dinamicasapp.respuesta", "pk": 220}, {"fields": {"resp": "Santiago Tovar", "cor": "False", "indice": "B", "pregunta": 24}, "model": "dinamicasapp.respuesta", "pk": 221}, {"fields": {"resp": "Rodrigo Marban", "cor": "True", "indice": "C", "pregunta": 24}, "model": "dinamicasapp.respuesta", "pk": 222}, {"fields": {"resp": "Aut\u00f3dromo Hermanos Rodr\u00edguez", "cor": "False", "indice": "A", "pregunta": 25}, "model": "dinamicasapp.respuesta", "pk": 223}, {"fields": {"resp": "Aut\u00f3dromo Monterrey", "cor": "False", "indice": "B", "pregunta": 25}, "model": "dinamicasapp.respuesta", "pk": 224}, {"fields": {"resp": "Aut\u00f3dromo Potosino", "cor": "True", "indice": "C", "pregunta": 25}, "model": "dinamicasapp.respuesta", "pk": 225}, {"fields": {"resp": "2003", "cor": "False", "indice": "A", "pregunta": 32}, "model": "dinamicasapp.respuesta", "pk": 265}, {"fields": {"resp": "2013", "cor": "False", "indice": "B", "pregunta": 32}, "model": "dinamicasapp.respuesta", "pk": 266}, {"fields": {"resp": "2014", "cor": "True", "indice": "C", "pregunta": 32}, "model": "dinamicasapp.respuesta", "pk": 267}, {"fields": {"resp": "\u20ac10,000", "cor": "False", "indice": "A", "pregunta": 33}, "model": "dinamicasapp.respuesta", "pk": 268}, {"fields": {"resp": "8,500 USD", "cor": "False", "indice": "B", "pregunta": 33}, "model": "dinamicasapp.respuesta", "pk": 269}, {"fields": {"resp": "\u20ac9,500", "cor": "True", "indice": "C", "pregunta": 33}, "model": "dinamicasapp.respuesta", "pk": 270}, {"fields": {"resp": "15", "cor": "True", "indice": "A", "pregunta": 35}, "model": "dinamicasapp.respuesta", "pk": 271}, {"fields": {"resp": "16", "cor": "False", "indice": "B", "pregunta": 35}, "model": "dinamicasapp.respuesta", "pk": 272}, {"fields": {"resp": "17", "cor": "False", "indice": "C", "pregunta": 35}, "model": "dinamicasapp.respuesta", "pk": 273}, {"fields": {"resp": "Aguascalientes", "cor": "True", "indice": "A", "pregunta": 34}, "model": "dinamicasapp.respuesta", "pk": 274}, {"fields": {"resp": "Puebla", "cor": "False", "indice": "B", "pregunta": 34}, "model": "dinamicasapp.respuesta", "pk": 275}, {"fields": {"resp": "San Luis Potos\u00ed", "cor": "False", "indice": "C", "pregunta": 34}, "model": "dinamicasapp.respuesta", "pk": 276}, {"fields": {"date_add": "2018-04-10T08:52:05.599Z", "parti": 4, "typo": "trivia", "pregunta": 20, "respuesta": 209}, "model": "dinamicasapp.resparticipacion", "pk": 1}, {"fields": {"date_add": "2018-04-10T08:52:05.602Z", "parti": 4, "typo": "trivia", "pregunta": 21, "respuesta": 213}, "model": "dinamicasapp.resparticipacion", "pk": 2}, {"fields": {"date_add": "2018-04-10T08:52:05.604Z", "parti": 4, "typo": "trivia", "pregunta": 22, "respuesta": 216}, "model": "dinamicasapp.resparticipacion", "pk": 3}, {"fields": {"date_add": "2018-04-10T08:52:05.606Z", "parti": 4, "typo": "trivia", "pregunta": 22, "respuesta": 216}, "model": "dinamicasapp.resparticipacion", "pk": 4}, {"fields": {"date_add": "2018-04-10T08:52:05.608Z", "parti": 4, "typo": "trivia", "pregunta": 23, "respuesta": 218}, "model": "dinamicasapp.resparticipacion", "pk": 5}, {"fields": {"date_add": "2018-04-10T08:52:05.611Z", "parti": 4, "typo": "trivia", "pregunta": 24, "respuesta": 221}, "model": "dinamicasapp.resparticipacion", "pk": 6}, {"fields": {"date_add": "2018-04-10T08:52:05.613Z", "parti": 4, "typo": "trivia", "pregunta": 25, "respuesta": 225}, "model": "dinamicasapp.resparticipacion", "pk": 7}, {"fields": {"date_add": "2018-04-10T09:00:37.761Z", "parti": 5, "typo": "trivia", "pregunta": 14, "respuesta": 88}, "model": "dinamicasapp.resparticipacion", "pk": 8}, {"fields": {"date_add": "2018-04-10T09:00:37.765Z", "parti": 5, "typo": "trivia", "pregunta": 16, "respuesta": 94}, "model": "dinamicasapp.resparticipacion", "pk": 9}, {"fields": {"date_add": "2018-04-10T09:00:37.768Z", "parti": 5, "typo": "trivia", "pregunta": 15, "respuesta": 97}, "model": "dinamicasapp.resparticipacion", "pk": 10}, {"fields": {"date_add": "2018-04-10T09:00:37.771Z", "parti": 5, "typo": "trivia", "pregunta": 17, "respuesta": 100}, "model": "dinamicasapp.resparticipacion", "pk": 11}, {"fields": {"date_add": "2018-04-10T09:00:37.774Z", "parti": 5, "typo": "trivia", "pregunta": 18, "respuesta": 103}, "model": "dinamicasapp.resparticipacion", "pk": 12}, {"fields": {"date_add": "2018-04-10T09:00:37.777Z", "parti": 5, "typo": "trivia", "pregunta": 19, "respuesta": 109}, "model": "dinamicasapp.resparticipacion", "pk": 13}, {"fields": {"date_add": "2018-04-10T09:03:14.805Z", "parti": 6, "typo": "trivia", "pregunta": 20, "respuesta": 208}, "model": "dinamicasapp.resparticipacion", "pk": 14}, {"fields": {"date_add": "2018-04-10T09:03:14.809Z", "parti": 6, "typo": "trivia", "pregunta": 21, "respuesta": 211}, "model": "dinamicasapp.resparticipacion", "pk": 15}, {"fields": {"date_add": "2018-04-10T09:03:14.813Z", "parti": 6, "typo": "trivia", "pregunta": 22, "respuesta": 214}, "model": "dinamicasapp.resparticipacion", "pk": 16}, {"fields": {"date_add": "2018-04-10T09:03:14.821Z", "parti": 6, "typo": "trivia", "pregunta": 23, "respuesta": 217}, "model": "dinamicasapp.resparticipacion", "pk": 17}, {"fields": {"date_add": "2018-04-10T09:03:14.825Z", "parti": 6, "typo": "trivia", "pregunta": 24, "respuesta": 220}, "model": "dinamicasapp.resparticipacion", "pk": 18}, {"fields": {"date_add": "2018-04-10T09:03:14.827Z", "parti": 6, "typo": "trivia", "pregunta": 25, "respuesta": 223}, "model": "dinamicasapp.resparticipacion", "pk": 19}, {"fields": {"date_add": "2018-04-10T09:09:50.910Z", "parti": 7, "typo": "trivia", "pregunta": 8, "respuesta": 36}, "model": "dinamicasapp.resparticipacion", "pk": 20}, {"fields": {"date_add": "2018-04-10T09:09:50.913Z", "parti": 7, "typo": "trivia", "pregunta": 7, "respuesta": 39}, "model": "dinamicasapp.resparticipacion", "pk": 21}, {"fields": {"date_add": "2018-04-10T09:09:50.916Z", "parti": 7, "typo": "trivia", "pregunta": 6, "respuesta": 42}, "model": "dinamicasapp.resparticipacion", "pk": 22}, {"fields": {"date_add": "2018-04-10T09:09:50.919Z", "parti": 7, "typo": "trivia", "pregunta": 5, "respuesta": 45}, "model": "dinamicasapp.resparticipacion", "pk": 23}, {"fields": {"date_add": "2018-04-10T09:09:50.922Z", "parti": 7, "typo": "trivia", "pregunta": 4, "respuesta": 48}, "model": "dinamicasapp.resparticipacion", "pk": 24}, {"fields": {"date_add": "2018-04-10T09:09:50.924Z", "parti": 7, "typo": "trivia", "pregunta": 3, "respuesta": 54}, "model": "dinamicasapp.resparticipacion", "pk": 25}, {"fields": {"date_add": "2018-04-10T09:19:04.981Z", "parti": 8, "typo": "trivia", "pregunta": 8, "respuesta": 35}, "model": "dinamicasapp.resparticipacion", "pk": 26}, {"fields": {"date_add": "2018-04-10T09:19:04.985Z", "parti": 8, "typo": "trivia", "pregunta": 7, "respuesta": 38}, "model": "dinamicasapp.resparticipacion", "pk": 27}, {"fields": {"date_add": "2018-04-10T09:19:04.988Z", "parti": 8, "typo": "trivia", "pregunta": 6, "respuesta": 41}, "model": "dinamicasapp.resparticipacion", "pk": 28}, {"fields": {"date_add": "2018-04-10T09:19:04.992Z", "parti": 8, "typo": "trivia", "pregunta": 5, "respuesta": 44}, "model": "dinamicasapp.resparticipacion", "pk": 29}, {"fields": {"date_add": "2018-04-10T09:19:04.995Z", "parti": 8, "typo": "trivia", "pregunta": 4, "respuesta": 47}, "model": "dinamicasapp.resparticipacion", "pk": 30}, {"fields": {"date_add": "2018-04-10T09:19:04.998Z", "parti": 8, "typo": "trivia", "pregunta": 3, "respuesta": 53}, "model": "dinamicasapp.resparticipacion", "pk": 31}, {"fields": {"date_add": "2018-04-10T09:21:28.314Z", "parti": 9, "typo": "trivia", "pregunta": 20, "respuesta": 209}, "model": "dinamicasapp.resparticipacion", "pk": 32}, {"fields": {"date_add": "2018-04-10T09:21:28.317Z", "parti": 9, "typo": "trivia", "pregunta": 21, "respuesta": 212}, "model": "dinamicasapp.resparticipacion", "pk": 33}, {"fields": {"date_add": "2018-04-10T09:21:28.320Z", "parti": 9, "typo": "trivia", "pregunta": 22, "respuesta": 216}, "model": "dinamicasapp.resparticipacion", "pk": 34}, {"fields": {"date_add": "2018-04-10T09:21:28.323Z", "parti": 9, "typo": "trivia", "pregunta": 23, "respuesta": 218}, "model": "dinamicasapp.resparticipacion", "pk": 35}, {"fields": {"date_add": "2018-04-10T09:21:28.326Z", "parti": 9, "typo": "trivia", "pregunta": 24, "respuesta": 221}, "model": "dinamicasapp.resparticipacion", "pk": 36}, {"fields": {"date_add": "2018-04-10T09:21:28.328Z", "parti": 9, "typo": "trivia", "pregunta": 25, "respuesta": 223}, "model": "dinamicasapp.resparticipacion", "pk": 37}, {"fields": {"date_add": "2018-04-10T09:22:07.083Z", "parti": 10, "typo": "trivia", "pregunta": 14, "respuesta": 89}, "model": "dinamicasapp.resparticipacion", "pk": 38}, {"fields": {"date_add": "2018-04-10T09:22:07.086Z", "parti": 10, "typo": "trivia", "pregunta": 16, "respuesta": 95}, "model": "dinamicasapp.resparticipacion", "pk": 39}, {"fields": {"date_add": "2018-04-10T09:22:07.091Z", "parti": 10, "typo": "trivia", "pregunta": 15, "respuesta": 97}, "model": "dinamicasapp.resparticipacion", "pk": 40}, {"fields": {"date_add": "2018-04-10T09:22:07.093Z", "parti": 10, "typo": "trivia", "pregunta": 17, "respuesta": 102}, "model": "dinamicasapp.resparticipacion", "pk": 41}, {"fields": {"date_add": "2018-04-10T09:22:07.095Z", "parti": 10, "typo": "trivia", "pregunta": 18, "respuesta": 103}, "model": "dinamicasapp.resparticipacion", "pk": 42}, {"fields": {"date_add": "2018-04-10T09:22:07.098Z", "parti": 10, "typo": "trivia", "pregunta": 19, "respuesta": 110}, "model": "dinamicasapp.resparticipacion", "pk": 43}, {"fields": {"date_add": "2018-04-10T09:25:25.007Z", "parti": 11, "typo": "trivia", "pregunta": 14, "respuesta": 89}, "model": "dinamicasapp.resparticipacion", "pk": 44}, {"fields": {"date_add": "2018-04-10T09:25:25.010Z", "parti": 11, "typo": "trivia", "pregunta": 16, "respuesta": 95}, "model": "dinamicasapp.resparticipacion", "pk": 45}, {"fields": {"date_add": "2018-04-10T09:25:25.013Z", "parti": 11, "typo": "trivia", "pregunta": 15, "respuesta": 98}, "model": "dinamicasapp.resparticipacion", "pk": 46}, {"fields": {"date_add": "2018-04-10T09:25:25.016Z", "parti": 11, "typo": "trivia", "pregunta": 17, "respuesta": 100}, "model": "dinamicasapp.resparticipacion", "pk": 47}, {"fields": {"date_add": "2018-04-10T09:25:25.018Z", "parti": 11, "typo": "trivia", "pregunta": 18, "respuesta": 104}, "model": "dinamicasapp.resparticipacion", "pk": 48}, {"fields": {"date_add": "2018-04-10T09:25:25.021Z", "parti": 11, "typo": "trivia", "pregunta": 19, "respuesta": 111}, "model": "dinamicasapp.resparticipacion", "pk": 49}, {"fields": {"date_add": "2018-04-10T09:27:41.802Z", "parti": 12, "typo": "trivia", "pregunta": 8, "respuesta": 34}, "model": "dinamicasapp.resparticipacion", "pk": 50}, {"fields": {"date_add": "2018-04-10T09:27:41.806Z", "parti": 12, "typo": "trivia", "pregunta": 7, "respuesta": 38}, "model": "dinamicasapp.resparticipacion", "pk": 51}, {"fields": {"date_add": "2018-04-10T09:27:41.813Z", "parti": 12, "typo": "trivia", "pregunta": 6, "respuesta": 42}, "model": "dinamicasapp.resparticipacion", "pk": 52}, {"fields": {"date_add": "2018-04-10T09:27:41.817Z", "parti": 12, "typo": "trivia", "pregunta": 5, "respuesta": 44}, "model": "dinamicasapp.resparticipacion", "pk": 53}, {"fields": {"date_add": "2018-04-10T09:27:41.819Z", "parti": 12, "typo": "trivia", "pregunta": 4, "respuesta": 46}, "model": "dinamicasapp.resparticipacion", "pk": 54}, {"fields": {"date_add": "2018-04-10T09:27:41.824Z", "parti": 12, "typo": "trivia", "pregunta": 3, "respuesta": 53}, "model": "dinamicasapp.resparticipacion", "pk": 55}, {"fields": {"date_add": "2018-04-10T09:30:53.278Z", "parti": 13, "typo": "trivia", "pregunta": 20, "respuesta": 208}, "model": "dinamicasapp.resparticipacion", "pk": 63}, {"fields": {"date_add": "2018-04-10T09:30:53.285Z", "parti": 13, "typo": "trivia", "pregunta": 21, "respuesta": 211}, "model": "dinamicasapp.resparticipacion", "pk": 64}, {"fields": {"date_add": "2018-04-10T09:30:53.289Z", "parti": 13, "typo": "trivia", "pregunta": 22, "respuesta": 214}, "model": "dinamicasapp.resparticipacion", "pk": 65}, {"fields": {"date_add": "2018-04-10T09:30:53.294Z", "parti": 13, "typo": "trivia", "pregunta": 23, "respuesta": 217}, "model": "dinamicasapp.resparticipacion", "pk": 66}, {"fields": {"date_add": "2018-04-10T09:30:53.301Z", "parti": 13, "typo": "trivia", "pregunta": 24, "respuesta": 220}, "model": "dinamicasapp.resparticipacion", "pk": 67}, {"fields": {"date_add": "2018-04-10T09:30:53.304Z", "parti": 13, "typo": "trivia", "pregunta": 25, "respuesta": 223}, "model": "dinamicasapp.resparticipacion", "pk": 68}, {"fields": {"codename": "add_logentry", "name": "Can add log entry", "content_type": 1}, "model": "auth.permission", "pk": 1}, {"fields": {"codename": "change_logentry", "name": "Can change log entry", "content_type": 1}, "model": "auth.permission", "pk": 2}, {"fields": {"codename": "delete_logentry", "name": "Can delete log entry", "content_type": 1}, "model": "auth.permission", "pk": 3}, {"fields": {"codename": "add_permission", "name": "Can add permission", "content_type": 2}, "model": "auth.permission", "pk": 4}, {"fields": {"codename": "change_permission", "name": "Can change permission", "content_type": 2}, "model": "auth.permission", "pk": 5}, {"fields": {"codename": "delete_permission", "name": "Can delete permission", "content_type": 2}, "model": "auth.permission", "pk": 6}, {"fields": {"codename": "add_group", "name": "Can add group", "content_type": 3}, "model": "auth.permission", "pk": 7}, {"fields": {"codename": "change_group", "name": "Can change group", "content_type": 3}, "model": "auth.permission", "pk": 8}, {"fields": {"codename": "delete_group", "name": "Can delete group", "content_type": 3}, "model": "auth.permission", "pk": 9}, {"fields": {"codename": "add_user", "name": "Can add user", "content_type": 4}, "model": "auth.permission", "pk": 10}, {"fields": {"codename": "change_user", "name": "Can change user", "content_type": 4}, "model": "auth.permission", "pk": 11}, {"fields": {"codename": "delete_user", "name": "Can delete user", "content_type": 4}, "model": "auth.permission", "pk": 12}, {"fields": {"codename": "add_contenttype", "name": "Can add content type", "content_type": 5}, "model": "auth.permission", "pk": 13}, {"fields": {"codename": "change_contenttype", "name": "Can change content type", "content_type": 5}, "model": "auth.permission", "pk": 14}, {"fields": {"codename": "delete_contenttype", "name": "Can delete content type", "content_type": 5}, "model": "auth.permission", "pk": 15}, {"fields": {"codename": "add_session", "name": "Can add session", "content_type": 6}, "model": "auth.permission", "pk": 16}, {"fields": {"codename": "change_session", "name": "Can change session", "content_type": 6}, "model": "auth.permission", "pk": 17}, {"fields": {"codename": "delete_session", "name": "Can delete session", "content_type": 6}, "model": "auth.permission", "pk": 18}, {"fields": {"codename": "add_site", "name": "Can add site", "content_type": 7}, "model": "auth.permission", "pk": 19}, {"fields": {"codename": "change_site", "name": "Can change site", "content_type": 7}, "model": "auth.permission", "pk": 20}, {"fields": {"codename": "delete_site", "name": "Can delete site", "content_type": 7}, "model": "auth.permission", "pk": 21}, {"fields": {"codename": "add_wpage", "name": "Can add wpage", "content_type": 8}, "model": "auth.permission", "pk": 22}, {"fields": {"codename": "change_wpage", "name": "Can change wpage", "content_type": 8}, "model": "auth.permission", "pk": 23}, {"fields": {"codename": "delete_wpage", "name": "Can delete wpage", "content_type": 8}, "model": "auth.permission", "pk": 24}, {"fields": {"codename": "add_catpage", "name": "Can add catpage", "content_type": 9}, "model": "auth.permission", "pk": 25}, {"fields": {"codename": "change_catpage", "name": "Can change catpage", "content_type": 9}, "model": "auth.permission", "pk": 26}, {"fields": {"codename": "delete_catpage", "name": "Can delete catpage", "content_type": 9}, "model": "auth.permission", "pk": 27}, {"fields": {"codename": "add_sitesettings", "name": "Can add sitesettings", "content_type": 10}, "model": "auth.permission", "pk": 28}, {"fields": {"codename": "change_sitesettings", "name": "Can change sitesettings", "content_type": 10}, "model": "auth.permission", "pk": 29}, {"fields": {"codename": "delete_sitesettings", "name": "Can delete sitesettings", "content_type": 10}, "model": "auth.permission", "pk": 30}, {"fields": {"codename": "add_modulo", "name": "Can add modulo", "content_type": 11}, "model": "auth.permission", "pk": 31}, {"fields": {"codename": "change_modulo", "name": "Can change modulo", "content_type": 11}, "model": "auth.permission", "pk": 32}, {"fields": {"codename": "delete_modulo", "name": "Can delete modulo", "content_type": 11}, "model": "auth.permission", "pk": 33}, {"fields": {"codename": "add_settsmodulo", "name": "Can add settsmodulo", "content_type": 12}, "model": "auth.permission", "pk": 34}, {"fields": {"codename": "change_settsmodulo", "name": "Can change settsmodulo", "content_type": 12}, "model": "auth.permission", "pk": 35}, {"fields": {"codename": "delete_settsmodulo", "name": "Can delete settsmodulo", "content_type": 12}, "model": "auth.permission", "pk": 36}, {"fields": {"codename": "add_defaultsettmodulo", "name": "Can add defaultsettmodulo", "content_type": 13}, "model": "auth.permission", "pk": 37}, {"fields": {"codename": "change_defaultsettmodulo", "name": "Can change defaultsettmodulo", "content_type": 13}, "model": "auth.permission", "pk": 38}, {"fields": {"codename": "delete_defaultsettmodulo", "name": "Can delete defaultsettmodulo", "content_type": 13}, "model": "auth.permission", "pk": 39}, {"fields": {"codename": "add_itmmodulo", "name": "Can add itmmodulo", "content_type": 14}, "model": "auth.permission", "pk": 40}, {"fields": {"codename": "change_itmmodulo", "name": "Can change itmmodulo", "content_type": 14}, "model": "auth.permission", "pk": 41}, {"fields": {"codename": "delete_itmmodulo", "name": "Can delete itmmodulo", "content_type": 14}, "model": "auth.permission", "pk": 42}, {"fields": {"codename": "add_paramitm", "name": "Can add paramitm", "content_type": 15}, "model": "auth.permission", "pk": 43}, {"fields": {"codename": "change_paramitm", "name": "Can change paramitm", "content_type": 15}, "model": "auth.permission", "pk": 44}, {"fields": {"codename": "delete_paramitm", "name": "Can delete paramitm", "content_type": 15}, "model": "auth.permission", "pk": 45}, {"fields": {"codename": "add_mediaitm", "name": "Can add mediaitm", "content_type": 16}, "model": "auth.permission", "pk": 46}, {"fields": {"codename": "change_mediaitm", "name": "Can change mediaitm", "content_type": 16}, "model": "auth.permission", "pk": 47}, {"fields": {"codename": "delete_mediaitm", "name": "Can delete mediaitm", "content_type": 16}, "model": "auth.permission", "pk": 48}, {"fields": {"codename": "add_fileitm", "name": "Can add fileitm", "content_type": 17}, "model": "auth.permission", "pk": 49}, {"fields": {"codename": "change_fileitm", "name": "Can change fileitm", "content_type": 17}, "model": "auth.permission", "pk": 50}, {"fields": {"codename": "delete_fileitm", "name": "Can delete fileitm", "content_type": 17}, "model": "auth.permission", "pk": 51}, {"fields": {"codename": "add_categoria", "name": "Can add categoria", "content_type": 18}, "model": "auth.permission", "pk": 52}, {"fields": {"codename": "change_categoria", "name": "Can change categoria", "content_type": 18}, "model": "auth.permission", "pk": 53}, {"fields": {"codename": "delete_categoria", "name": "Can delete categoria", "content_type": 18}, "model": "auth.permission", "pk": 54}, {"fields": {"codename": "add_color", "name": "Can add color", "content_type": 19}, "model": "auth.permission", "pk": 55}, {"fields": {"codename": "change_color", "name": "Can change color", "content_type": 19}, "model": "auth.permission", "pk": 56}, {"fields": {"codename": "delete_color", "name": "Can delete color", "content_type": 19}, "model": "auth.permission", "pk": 57}, {"fields": {"codename": "add_combinacion", "name": "Can add combinacion", "content_type": 20}, "model": "auth.permission", "pk": 58}, {"fields": {"codename": "change_combinacion", "name": "Can change combinacion", "content_type": 20}, "model": "auth.permission", "pk": 59}, {"fields": {"codename": "delete_combinacion", "name": "Can delete combinacion", "content_type": 20}, "model": "auth.permission", "pk": 60}, {"fields": {"codename": "add_tipografia", "name": "Can add tipografia", "content_type": 21}, "model": "auth.permission", "pk": 61}, {"fields": {"codename": "change_tipografia", "name": "Can change tipografia", "content_type": 21}, "model": "auth.permission", "pk": 62}, {"fields": {"codename": "delete_tipografia", "name": "Can delete tipografia", "content_type": 21}, "model": "auth.permission", "pk": 63}, {"fields": {"codename": "add_sitesetting", "name": "Can add sitesetting", "content_type": 22}, "model": "auth.permission", "pk": 64}, {"fields": {"codename": "change_sitesetting", "name": "Can change sitesetting", "content_type": 22}, "model": "auth.permission", "pk": 65}, {"fields": {"codename": "delete_sitesetting", "name": "Can delete sitesetting", "content_type": 22}, "model": "auth.permission", "pk": 66}, {"fields": {"codename": "add_promocion", "name": "Can add promocion", "content_type": 23}, "model": "auth.permission", "pk": 67}, {"fields": {"codename": "change_promocion", "name": "Can change promocion", "content_type": 23}, "model": "auth.permission", "pk": 68}, {"fields": {"codename": "delete_promocion", "name": "Can delete promocion", "content_type": 23}, "model": "auth.permission", "pk": 69}, {"fields": {"codename": "add_promocat", "name": "Can add promocat", "content_type": 24}, "model": "auth.permission", "pk": 70}, {"fields": {"codename": "change_promocat", "name": "Can change promocat", "content_type": 24}, "model": "auth.permission", "pk": 71}, {"fields": {"codename": "delete_promocat", "name": "Can delete promocat", "content_type": 24}, "model": "auth.permission", "pk": 72}, {"fields": {"codename": "add_segmento", "name": "Can add segmento", "content_type": 25}, "model": "auth.permission", "pk": 73}, {"fields": {"codename": "change_segmento", "name": "Can change segmento", "content_type": 25}, "model": "auth.permission", "pk": 74}, {"fields": {"codename": "delete_segmento", "name": "Can delete segmento", "content_type": 25}, "model": "auth.permission", "pk": 75}, {"fields": {"codename": "add_pregunta", "name": "Can add pregunta", "content_type": 26}, "model": "auth.permission", "pk": 76}, {"fields": {"codename": "change_pregunta", "name": "Can change pregunta", "content_type": 26}, "model": "auth.permission", "pk": 77}, {"fields": {"codename": "delete_pregunta", "name": "Can delete pregunta", "content_type": 26}, "model": "auth.permission", "pk": 78}, {"fields": {"codename": "add_dinpalabra", "name": "Can add dinpalabra", "content_type": 27}, "model": "auth.permission", "pk": 79}, {"fields": {"codename": "change_dinpalabra", "name": "Can change dinpalabra", "content_type": 27}, "model": "auth.permission", "pk": 80}, {"fields": {"codename": "delete_dinpalabra", "name": "Can delete dinpalabra", "content_type": 27}, "model": "auth.permission", "pk": 81}, {"fields": {"codename": "add_respuesta", "name": "Can add respuesta", "content_type": 28}, "model": "auth.permission", "pk": 82}, {"fields": {"codename": "change_respuesta", "name": "Can change respuesta", "content_type": 28}, "model": "auth.permission", "pk": 83}, {"fields": {"codename": "delete_respuesta", "name": "Can delete respuesta", "content_type": 28}, "model": "auth.permission", "pk": 84}, {"fields": {"codename": "add_profuser", "name": "Can add profuser", "content_type": 29}, "model": "auth.permission", "pk": 85}, {"fields": {"codename": "change_profuser", "name": "Can change profuser", "content_type": 29}, "model": "auth.permission", "pk": 86}, {"fields": {"codename": "delete_profuser", "name": "Can delete profuser", "content_type": 29}, "model": "auth.permission", "pk": 87}, {"fields": {"codename": "add_participacion", "name": "Can add participacion", "content_type": 30}, "model": "auth.permission", "pk": 88}, {"fields": {"codename": "change_participacion", "name": "Can change participacion", "content_type": 30}, "model": "auth.permission", "pk": 89}, {"fields": {"codename": "delete_participacion", "name": "Can delete participacion", "content_type": 30}, "model": "auth.permission", "pk": 90}, {"fields": {"codename": "add_resparticipacion", "name": "Can add resparticipacion", "content_type": 31}, "model": "auth.permission", "pk": 91}, {"fields": {"codename": "change_resparticipacion", "name": "Can change resparticipacion", "content_type": 31}, "model": "auth.permission", "pk": 92}, {"fields": {"codename": "delete_resparticipacion", "name": "Can delete resparticipacion", "content_type": 31}, "model": "auth.permission", "pk": 93}, {"fields": {"codename": "add_profileuser", "name": "Can add profileuser", "content_type": 32}, "model": "auth.permission", "pk": 94}, {"fields": {"codename": "change_profileuser", "name": "Can change profileuser", "content_type": 32}, "model": "auth.permission", "pk": 95}, {"fields": {"codename": "delete_profileuser", "name": "Can delete profileuser", "content_type": 32}, "model": "auth.permission", "pk": 96}, {"fields": {"codename": "add_respondepalabras", "name": "Can add respondepalabras", "content_type": 33}, "model": "auth.permission", "pk": 97}, {"fields": {"codename": "change_respondepalabras", "name": "Can change respondepalabras", "content_type": 33}, "model": "auth.permission", "pk": 98}, {"fields": {"codename": "delete_respondepalabras", "name": "Can delete respondepalabras", "content_type": 33}, "model": "auth.permission", "pk": 99}, {"fields": {"username": "usuario", "first_name": "Nombre", "last_name": "", "is_active": true, "is_superuser": false, "is_staff": false, "last_login": null, "groups": [], "user_permissions": [], "password": "", "email": "usuario", "date_joined": "2018-04-09T21:14:49.817Z"}, "model": "auth.user", "pk": 1}, {"fields": {"username": "123", "first_name": "Ivan", "last_name": "", "is_active": true, "is_superuser": false, "is_staff": false, "last_login": null, "groups": [], "user_permissions": [], "password": "", "email": "123", "date_joined": "2018-04-09T21:52:55.834Z"}, "model": "auth.user", "pk": 2}, {"fields": {"username": "23452345", "first_name": "", "last_name": "", "is_active": true, "is_superuser": false, "is_staff": true, "last_login": "2018-04-09T23:04:14.466Z", "groups": [], "user_permissions": [], "password": "pbkdf2_sha256$20000$YbsB3gHXjGaY$RFLG8Cl89OxyMd/bEfMOqnhhbsHQdRCc92nECiIT+ZE=", "email": "jr@gmail.com", "date_joined": "2018-04-09T23:04:14.398Z"}, "model": "auth.user", "pk": 3}, {"fields": {"username": "lenny-kravitz", "first_name": "", "last_name": "", "is_active": true, "is_superuser": false, "is_staff": true, "last_login": "2018-04-10T00:59:39.050Z", "groups": [], "user_permissions": [], "password": "pbkdf2_sha256$20000$1D2JevkxpqvO$hfGMIIYFR2MvtlFM/YIetm/b1oxbciiNPWk3+jImD+I=", "email": "correo@correo.com", "date_joined": "2018-04-10T00:59:39.004Z"}, "model": "auth.user", "pk": 4}, {"fields": {"username": "9001", "first_name": "", "last_name": "", "is_active": true, "is_superuser": false, "is_staff": true, "last_login": "2018-04-10T01:01:36.555Z", "groups": [], "user_permissions": [], "password": "pbkdf2_sha256$20000$djq4Uc5z3kYh$q6Hi72MjUMyN3OEWzjQ88tHS8apbXF4LePfHG3K9d7A=", "email": "9001@gmail.com", "date_joined": "2018-04-10T01:01:36.507Z"}, "model": "auth.user", "pk": 5}, {"fields": {"username": "9002", "first_name": "", "last_name": "", "is_active": true, "is_superuser": false, "is_staff": true, "last_login": "2018-04-10T01:03:09.863Z", "groups": [], "user_permissions": [], "password": "pbkdf2_sha256$20000$cq2OhB40r7HX$47do+XXgul7LMu87DgiPkN8DkwVa+M4Px6+zJEdWqOY=", "email": "9002@gmail.com", "date_joined": "2018-04-10T01:03:09.820Z"}, "model": "auth.user", "pk": 6}, {"fields": {"username": "pedro", "first_name": "mario", "last_name": "", "is_active": true, "is_superuser": false, "is_staff": false, "last_login": null, "groups": [], "user_permissions": [], "password": "", "email": "pedro", "date_joined": "2018-04-10T08:51:31.850Z"}, "model": "auth.user", "pk": 7}, {"fields": {"username": "pedrito", "first_name": "mariok", "last_name": "", "is_active": true, "is_superuser": false, "is_staff": false, "last_login": null, "groups": [], "user_permissions": [], "password": "", "email": "pedrito", "date_joined": "2018-04-10T08:59:57.710Z"}, "model": "auth.user", "pk": 8}, {"fields": {"username": "carlos", "first_name": "mariokk", "last_name": "", "is_active": true, "is_superuser": false, "is_staff": false, "last_login": null, "groups": [], "user_permissions": [], "password": "", "email": "carlos", "date_joined": "2018-04-10T09:02:38.278Z"}, "model": "auth.user", "pk": 9}, {"fields": {"username": "88", "first_name": "", "last_name": "", "is_active": true, "is_superuser": false, "is_staff": true, "last_login": "2018-04-10T09:14:44.460Z", "groups": [], "user_permissions": [], "password": "pbkdf2_sha256$20000$Uo5PkGsVnlza$YdxM6USg2K8onviooXSKbECMXZXY2oZe55tiARriZV4=", "email": "88@gmail.com", "date_joined": "2018-04-10T09:14:44.407Z"}, "model": "auth.user", "pk": 10}, {"fields": {"username": "carlossss", "first_name": "mariokkss", "last_name": "", "is_active": true, "is_superuser": false, "is_staff": false, "last_login": null, "groups": [], "user_permissions": [], "password": "", "email": "carlossss", "date_joined": "2018-04-10T09:18:45.372Z"}, "model": "auth.user", "pk": 11}, {"fields": {"username": "ccccarlos", "first_name": "mariokkss", "last_name": "", "is_active": true, "is_superuser": false, "is_staff": false, "last_login": null, "groups": [], "user_permissions": [], "password": "", "email": "ccccarlos", "date_joined": "2018-04-10T09:20:58.376Z"}, "model": "auth.user", "pk": 12}, {"fields": {"username": "manolo", "first_name": "marnolin", "last_name": "", "is_active": true, "is_superuser": false, "is_staff": false, "last_login": null, "groups": [], "user_permissions": [], "password": "", "email": "manolo", "date_joined": "2018-04-10T09:25:02.483Z"}, "model": "auth.user", "pk": 13}, {"fields": {"username": "maaanolo", "first_name": "marnolin", "last_name": "", "is_active": true, "is_superuser": false, "is_staff": false, "last_login": null, "groups": [], "user_permissions": [], "password": "", "email": "maaanolo", "date_joined": "2018-04-10T09:29:22.907Z"}, "model": "auth.user", "pk": 14}, {"fields": {"usuariopk": 1, "date_reg": "2018-04-09T21:14:49.824Z", "servicios": "claromusica,clarovideo", "imagen": ""}, "model": "dinamicasapp.profileuser", "pk": 1}, {"fields": {"usuariopk": 2, "date_reg": "2018-04-09T21:52:55.840Z", "servicios": "clarovideo,claromusica", "imagen": ""}, "model": "dinamicasapp.profileuser", "pk": 2}, {"fields": {"usuariopk": 7, "date_reg": "2018-04-10T08:51:31.856Z", "servicios": "claro_musica", "imagen": ""}, "model": "dinamicasapp.profileuser", "pk": 3}, {"fields": {"usuariopk": 8, "date_reg": "2018-04-10T08:59:57.718Z", "servicios": "claro_musica", "imagen": ""}, "model": "dinamicasapp.profileuser", "pk": 4}, {"fields": {"usuariopk": 9, "date_reg": "2018-04-10T09:02:38.285Z", "servicios": "claro_musica", "imagen": ""}, "model": "dinamicasapp.profileuser", "pk": 5}, {"fields": {"usuariopk": 11, "date_reg": "2018-04-10T09:18:45.378Z", "servicios": "claro_musica", "imagen": ""}, "model": "dinamicasapp.profileuser", "pk": 6}, {"fields": {"usuariopk": 12, "date_reg": "2018-04-10T09:20:58.386Z", "servicios": "claro_musica", "imagen": ""}, "model": "dinamicasapp.profileuser", "pk": 7}, {"fields": {"usuariopk": 13, "date_reg": "2018-04-10T09:25:02.489Z", "servicios": "claro_musica", "imagen": ""}, "model": "dinamicasapp.profileuser", "pk": 8}, {"fields": {"usuariopk": 14, "date_reg": "2018-04-10T09:29:22.912Z", "servicios": "claro_musica", "imagen": ""}, "model": "dinamicasapp.profileuser", "pk": 9}, {"fields": {"nivelanswer": 0, "tiempo": "8:12", "usuario": 3, "promopk": 2, "inicio": "2018-04-09T23:14:18.951Z", "final": null}, "model": "dinamicasapp.participacion", "pk": 1}, {"fields": {"nivelanswer": 0, "tiempo": "12:10", "usuario": 5, "promopk": 2, "inicio": "2018-04-10T01:01:51.581Z", "final": null}, "model": "dinamicasapp.participacion", "pk": 2}, {"fields": {"nivelanswer": 0, "tiempo": "12:10", "usuario": 6, "promopk": 2, "inicio": "2018-04-10T01:03:24.296Z", "final": null}, "model": "dinamicasapp.participacion", "pk": 3}, {"fields": {"nivelanswer": 3, "tiempo": "17000.0", "usuario": 7, "promopk": 4, "inicio": "2018-04-10T08:51:48.592Z", "final": "2018-04-10T08:52:05.614Z"}, "model": "dinamicasapp.participacion", "pk": 4}, {"fields": {"nivelanswer": 2, "tiempo": "17000.0", "usuario": 8, "promopk": 3, "inicio": "2018-04-10T09:00:20.336Z", "final": "2018-04-10T09:00:37.778Z"}, "model": "dinamicasapp.participacion", "pk": 5}, {"fields": {"nivelanswer": 1, "tiempo": "9000.0", "usuario": 9, "promopk": 4, "inicio": "2018-04-10T09:03:05.551Z", "final": "2018-04-10T09:03:14.829Z"}, "model": "dinamicasapp.participacion", "pk": 6}, {"fields": {"nivelanswer": 2, "tiempo": "12000.0", "usuario": 9, "promopk": 2, "inicio": "2018-04-10T09:09:38.271Z", "final": "2018-04-10T09:09:50.925Z"}, "model": "dinamicasapp.participacion", "pk": 7}, {"fields": {"nivelanswer": 2, "tiempo": "9000.0", "usuario": 11, "promopk": 2, "inicio": "2018-04-10T09:18:55.265Z", "final": "2018-04-10T09:19:04.999Z"}, "model": "dinamicasapp.participacion", "pk": 8}, {"fields": {"nivelanswer": 1, "tiempo": "19000.0", "usuario": 12, "promopk": 4, "inicio": "2018-04-10T09:21:09.415Z", "final": "2018-04-10T09:21:28.330Z"}, "model": "dinamicasapp.participacion", "pk": 9}, {"fields": {"nivelanswer": 2, "tiempo": "10000.0", "usuario": 12, "promopk": 3, "inicio": "2018-04-10T09:21:57.372Z", "final": "2018-04-10T09:22:07.099Z"}, "model": "dinamicasapp.participacion", "pk": 10}, {"fields": {"nivelanswer": 4, "tiempo": "13000.0", "usuario": 13, "promopk": 3, "inicio": "2018-04-10T09:25:12.510Z", "final": "2018-04-10T09:25:25.022Z"}, "model": "dinamicasapp.participacion", "pk": 11}, {"fields": {"nivelanswer": 2, "tiempo": "11000.0", "usuario": 13, "promopk": 2, "inicio": "2018-04-10T09:27:30.908Z", "final": "2018-04-10T09:27:41.826Z"}, "model": "dinamicasapp.participacion", "pk": 12}, {"fields": {"nivelanswer": 1, "tiempo": "80000.0", "usuario": 14, "promopk": 4, "inicio": "2018-04-10T09:29:33.982Z", "final": "2018-04-10T09:30:53.306Z"}, "model": "dinamicasapp.participacion", "pk": 13}, {"fields": {"nivelanswer": null, "tiempo": null, "usuario": 14, "promopk": 2, "inicio": "2018-04-10T09:36:30.919Z", "final": null}, "model": "dinamicasapp.participacion", "pk": 14}]