[{"fields": {"model": "logentry", "app_label": "admin"}, "model": "contenttypes.contenttype", "pk": 1}, {"fields": {"model": "permission", "app_label": "auth"}, "model": "contenttypes.contenttype", "pk": 2}, {"fields": {"model": "group", "app_label": "auth"}, "model": "contenttypes.contenttype", "pk": 3}, {"fields": {"model": "user", "app_label": "auth"}, "model": "contenttypes.contenttype", "pk": 4}, {"fields": {"model": "contenttype", "app_label": "contenttypes"}, "model": "contenttypes.contenttype", "pk": 5}, {"fields": {"model": "session", "app_label": "sessions"}, "model": "contenttypes.contenttype", "pk": 6}, {"fields": {"model": "site", "app_label": "sites"}, "model": "contenttypes.contenttype", "pk": 7}, {"fields": {"model": "wpage", "app_label": "motorapp"}, "model": "contenttypes.contenttype", "pk": 8}, {"fields": {"model": "catpage", "app_label": "motorapp"}, "model": "contenttypes.contenttype", "pk": 9}, {"fields": {"model": "sitesettings", "app_label": "motorapp"}, "model": "contenttypes.contenttype", "pk": 10}, {"fields": {"model": "modulo", "app_label": "motorapp"}, "model": "contenttypes.contenttype", "pk": 11}, {"fields": {"model": "settsmodulo", "app_label": "motorapp"}, "model": "contenttypes.contenttype", "pk": 12}, {"fields": {"model": "defaultsettmodulo", "app_label": "motorapp"}, "model": "contenttypes.contenttype", "pk": 13}, {"fields": {"model": "itmmodulo", "app_label": "motorapp"}, "model": "contenttypes.contenttype", "pk": 14}, {"fields": {"model": "paramitm", "app_label": "motorapp"}, "model": "contenttypes.contenttype", "pk": 15}, {"fields": {"model": "mediaitm", "app_label": "motorapp"}, "model": "contenttypes.contenttype", "pk": 16}, {"fields": {"model": "fileitm", "app_label": "motorapp"}, "model": "contenttypes.contenttype", "pk": 17}, {"fields": {"model": "categoria", "app_label": "motorapp"}, "model": "contenttypes.contenttype", "pk": 18}, {"fields": {"model": "color", "app_label": "cfgapp"}, "model": "contenttypes.contenttype", "pk": 19}, {"fields": {"model": "combinacion", "app_label": "cfgapp"}, "model": "contenttypes.contenttype", "pk": 20}, {"fields": {"model": "tipografia", "app_label": "cfgapp"}, "model": "contenttypes.contenttype", "pk": 21}, {"fields": {"model": "sitesetting", "app_label": "cfgapp"}, "model": "contenttypes.contenttype", "pk": 22}, {"fields": {"model": "promocion", "app_label": "dinamicasapp"}, "model": "contenttypes.contenttype", "pk": 23}, {"fields": {"model": "promocat", "app_label": "dinamicasapp"}, "model": "contenttypes.contenttype", "pk": 24}, {"fields": {"model": "segmento", "app_label": "dinamicasapp"}, "model": "contenttypes.contenttype", "pk": 25}, {"fields": {"model": "pregunta", "app_label": "dinamicasapp"}, "model": "contenttypes.contenttype", "pk": 26}, {"fields": {"model": "dinpalabra", "app_label": "dinamicasapp"}, "model": "contenttypes.contenttype", "pk": 27}, {"fields": {"model": "respuesta", "app_label": "dinamicasapp"}, "model": "contenttypes.contenttype", "pk": 28}, {"fields": {"model": "participacion", "app_label": "dinamicasapp"}, "model": "contenttypes.contenttype", "pk": 30}, {"fields": {"model": "resparticipacion", "app_label": "dinamicasapp"}, "model": "contenttypes.contenttype", "pk": 31}, {"fields": {"model": "profileuser", "app_label": "dinamicasapp"}, "model": "contenttypes.contenttype", "pk": 32}, {"fields": {"model": "respondepalabras", "app_label": "dinamicasapp"}, "model": "contenttypes.contenttype", "pk": 33}, {"fields": {"model": "dinfutbol", "app_label": "dinamicasapp"}, "model": "contenttypes.contenttype", "pk": 34}, {"fields": {"model": "partiwin", "app_label": "dinamicasapp"}, "model": "contenttypes.contenttype", "pk": 35}, {"fields": {"model": "respondefutbol", "app_label": "dinamicasapp"}, "model": "contenttypes.contenttype", "pk": 36}, {"fields": {"model": "delikes", "app_label": "dinamicasapp"}, "model": "contenttypes.contenttype", "pk": 37}, {"fields": {"model": "pagesetts", "app_label": "dinamicasapp"}, "model": "contenttypes.contenttype", "pk": 38}, {"fields": {"model": "tablerosopa", "app_label": "dinamicasapp"}, "model": "contenttypes.contenttype", "pk": 39}, {"fields": {"model": "catpromo", "app_label": "dinamicasapp"}, "model": "contenttypes.contenttype", "pk": 40}, {"fields": {"model": "mediapromo", "app_label": "dinamicasapp"}, "model": "contenttypes.contenttype", "pk": 41}, {"fields": {"expire_date": "2018-04-24T01:03:09.866Z", "session_data": "YTBlZWFlMzE2YzQ1ODI0ODkxNDNjMDk3MjZhM2QzZGUwZjE5MmJkZDp7Il9hdXRoX3VzZXJfaGFzaCI6ImYxZjE4YzJmMTMyZDllNGVlZDg0NWVkNTEwYjg2OTMxMGI0OGIxYTIiLCJfYXV0aF91c2VyX2JhY2tlbmQiOiJkamFuZ28uY29udHJpYi5hdXRoLmJhY2tlbmRzLk1vZGVsQmFja2VuZCIsIl9hdXRoX3VzZXJfaWQiOiI2In0="}, "model": "sessions.session", "pk": "apb0avzei9niwys1duynurbpwhfsq70k"}, {"fields": {"expire_date": "2018-04-21T15:13:08.083Z", "session_data": "YmY5MTM3ZDExYjg1NzAyZDZlY2ZiNzQxMzJiMzIwM2U0ZTZhYjgzZjp7fQ=="}, "model": "sessions.session", "pk": "kb1uynbhm5ilcv17ang8lhe0h2dvlxwo"}, {"fields": {"expire_date": "2018-04-24T00:59:39.053Z", "session_data": "YjM5MmE5ODQ3ZGRhODI2YzU4ZjExYTNmNDAwZWNhY2VlZmFlYmE2MTp7Il9hdXRoX3VzZXJfaGFzaCI6ImRkMzQ4YmQxNzk4YTZjMjVlYzlkNmI1NjE4ODAzOWM1YjU0ZGFhMWMiLCJfYXV0aF91c2VyX2JhY2tlbmQiOiJkamFuZ28uY29udHJpYi5hdXRoLmJhY2tlbmRzLk1vZGVsQmFja2VuZCIsIl9hdXRoX3VzZXJfaWQiOiI0In0="}, "model": "sessions.session", "pk": "ke5lanahjd4sbed5uwnhxmq0q81ok9h3"}, {"fields": {"expire_date": "2018-04-24T09:14:44.462Z", "session_data": "ZDNjZmYwNTRhYjZjZTVlOThhNDVhZDE3ZjZlNGI3OWM4NTJjY2ZhMzp7Il9hdXRoX3VzZXJfaGFzaCI6IjQwYmQwYTNiNTViNjU3MmIzNzExZDNhZTk3YjI3Y2M1ODczMmI1YzciLCJfYXV0aF91c2VyX2JhY2tlbmQiOiJkamFuZ28uY29udHJpYi5hdXRoLmJhY2tlbmRzLk1vZGVsQmFja2VuZCIsIl9hdXRoX3VzZXJfaWQiOiIxMCJ9"}, "model": "sessions.session", "pk": "zi84ebylkd46ye908i343c02p9xzxu5b"}, {"fields": {"domain": "example.com", "name": "example.com"}, "model": "sites.site", "pk": 1}, {"fields": {"fin": "2018-06-30", "ventaja": "clarodrive", "inicio": "2018-06-16"}, "model": "dinamicasapp.pagesetts", "pk": 3}, {"fields": {"fin": "2018-07-15", "ventaja": "clubclaroapp", "inicio": "2018-07-01"}, "model": "dinamicasapp.pagesetts", "pk": 6}, {"fields": {"fin": "2018-08-16", "ventaja": "contestone", "inicio": "2018-08-01"}, "model": "dinamicasapp.pagesetts", "pk": 25}, {"fields": {"status": "publish", "fecha_publicacion": null, "destacado": false, "color": "c227b9", "ciudad": "", "likes": 0, "texto_alterno": "<p>Un pase VIP doble para disfrutar a Lenny Kravitz en la Arena Guadalajara el 18 de Abril.<br/></p>", "linea_uno": "Ellos son los ganadores de la din\u00e1mica", "vigencia": "2018-04-24", "img": "/static/temps/promo_2_min.jpg", "shares": 120, "bases": "<p>El cantante neoyorkino Lenny Kravitz se present\u00f3 en Guadalajara, luego de 13 a\u00f1os de no visitar tierra azteca, esto como parte de su Raise Vibration World Tour.<br/><br/>El show de Lenny arranc\u00f3 cuando el reloj marcaba las 22:06 horas. Apareci\u00f3 con con sus gafas oscuras y su caracter\u00edstico cabello rizado. La producci\u00f3n tuvo una estructura met\u00e1lica llena de luces donde el vocalista estuvo junto a su banda.<br/><br/>Despu\u00e9s de casi 2 horas y pasada la media noche se retir\u00f3 del escenario muy agradecido dejando satisfechos a todos los ganadores de la Beneficios Telcel que se regresaron felices a sus casas en la misma limosina en la que llegaron.<br/></p>", "dinamica": "trivia", "titulo": "", "lugar": "", "header_final": "", "terms": "<p>Lorem ipsum dolor sit amet, consectetur adipiscing elit. Sed gravida cursus lacus, eget tempus dolor molestie et. Ut sed congue risus. Mauris vitae orci in risus iaculis vestibulum. Curabitur ullamcorper, risus et vehicula suscipit, urna ante malesuada lorem, at feugiat augue felis in nisi. Ut dapibus libero sem, quis dignissim sem lobortis nec. Curabitur rhoncus non nunc vel faucibus. Phasellus velit dolor, euismod vel cursus nec, sagittis nec lorem. Mauris id est est. Nulla non odio nisi.<br/><br/>Donec sit amet condimentum ipsum, eget laoreet urna. Duis nunc sem, interdum eu mauris eu, rhoncus aliquam risus. Morbi metus nisl, eleifend eget risus id, facilisis pretium nisi. Aenean eget ullamcorper elit, nec suscipit urna. Donec id viverra odio, in luctus felis. Fusce tincidunt sagittis nulla, tincidunt lacinia turpis fringilla ac. Mauris laoreet lectus eget nulla vulputate varius. Vestibulum ac nisl ligula. Ut suscipit turpis vel bibendum gravida. Sed eleifend vehicula leo nec tempus. Phasellus nec felis aliquam, sodales nibh eget, luctus nulla.<br/></p>", "orden": 99, "fecha_evento": "2018-04-25", "categorias": "[\"musica\"]", "segmentos": "[]", "imglg": "/static/temps/promo_2_lg.jpg", "linea_dos": "por pases dobles de Lenny Kravitz"}, "model": "dinamicasapp.promocion", "pk": 2}, {"fields": {"status": "publish", "fecha_publicacion": null, "destacado": true, "color": "c227b9", "ciudad": "Aguascalientes", "likes": 23, "texto_alterno": "", "linea_uno": "La velocidad de la NASCAR", "vigencia": "2018-07-22", "img": "/static/temps/promo_4_min.jpg", "shares": 120, "bases": "<p>\u00a1Vive toda la velocidad de NASCAR Peak M\u00e9xico Series!<br/><br/>Esto se trata de velocidad, habr\u00e1 un total de 250 pases dobles, pero \u00fanicamente los tres m\u00e1s r\u00e1pidos obtendr\u00e1n accesos al hospitality en el auditorio Cajititl\u00e1n de Guadalajara.<br/><br/>En sus marcas, \u00bflistos? \u00a1Fuera!<br/></p>", "dinamica": "trivia", "titulo": "<p>TRIVIA<br/>La trivia consta de 5 preguntas de opci\u00f3n m\u00faltiple, selecciona la respuesta correcta y pasa a la siguiente pregunta. La mayor cantidad de respuestas correctas con el menor tiempo de participaci\u00f3n gana.<br/></p>", "lugar": "Ovalo Aguascalientes", "header_final": "", "terms": "<p>Lorem ipsum dolor sit amet, consectetur adipiscing elit. Sed gravida cursus lacus, eget tempus dolor molestie et. Ut sed congue risus. Mauris vitae orci in risus iaculis vestibulum. Curabitur ullamcorper, risus et vehicula suscipit, urna ante malesuada lorem, at feugiat augue felis in nisi. Ut dapibus libero sem, quis dignissim sem lobortis nec. Curabitur rhoncus non nunc vel faucibus. Phasellus velit dolor, euismod vel cursus nec, sagittis nec lorem. Mauris id est est. Nulla non odio nisi.<br/><br/>Donec sit amet condimentum ipsum, eget laoreet urna. Duis nunc sem, interdum eu mauris eu, rhoncus aliquam risus. Morbi metus nisl, eleifend eget risus id, facilisis pretium nisi. Aenean eget ullamcorper elit, nec suscipit urna. Donec id viverra odio, in luctus felis. Fusce tincidunt sagittis nulla, tincidunt lacinia turpis fringilla ac. Mauris laoreet lectus eget nulla vulputate varius. Vestibulum ac nisl ligula. Ut suscipit turpis vel bibendum gravida. Sed eleifend vehicula leo nec tempus. Phasellus nec felis aliquam, sodales nibh eget, luctus nulla.<br/></p>", "orden": 3, "fecha_evento": "2018-07-29", "categorias": "[\"automovilismo\"]", "segmentos": "[]", "imglg": "/static/temps/promo_4_lg.jpg", "linea_dos": "trae pases dobles y acceso al hospitality."}, "model": "dinamicasapp.promocion", "pk": 4}, {"fields": {"status": "publish", "fecha_publicacion": null, "destacado": false, "color": "c227b9", "ciudad": "Guadalajara", "likes": 0, "texto_alterno": "<p>El cantante neoyorkino Lenny Kravitz se present\u00f3 en Guadalajara, luego de 13 a\u00f1os de no visitar tierra azteca, esto como parte de su Raise Vibration World Tour.<br/><br/>El show de Lenny arranc\u00f3 cuando el reloj marcaba las 22:06 horas. Apareci\u00f3 con con sus gafas oscuras y su caracter\u00edstico cabello rizado. La producci\u00f3n tuvo una estructura met\u00e1lica llena de luces donde el vocalista estuvo junto a su banda.<br/><br/>Despu\u00e9s de casi 2 horas y pasada la media noche se retir\u00f3 del escenario muy agradecido dejando satisfechos a todos los ganadores de la Beneficios Telcel que se regresaron felices a sus casas en la misma limosina en la que llegaron.<br/></p>", "linea_uno": "\u00a1As\u00ed se vivi\u00f3 el concierto de Lenny Kravitz por los ganadores!", "vigencia": "2018-04-24", "img": "/static/temps/promo_8_min.jpg", "shares": 120, "bases": "<p><span style=\\\\\\\\\\\\\\\\\\\\\\\\\\\\\\\\\\\\\\\\\\\"font-size: 16px;text-align: left;float: none;\\\\\\\\\\\\\\\\\\\\\\\\\\\\\\\\\\\\\\\\\\\">El cantante neoyorkino Lenny Kravitz se present\u00f3 en Guadalajara, luego de 13 a\u00f1os de no visitar tierra azteca, esto como parte de su Raise Vibration World Tour.</span><br style=\\\\\\\\\\\\\\\\\\\\\\\\\\\\\\\\\\\\\\\\\\\"font-size: 16px;text-align: left;\\\\\\\\\\\\\\\\\\\\\\\\\\\\\\\\\\\\\\\\\\\"/><br style=\\\\\\\\\\\\\\\\\\\\\\\\\\\\\\\\\\\\\\\\\\\"font-size: 16px;text-align: left;\\\\\\\\\\\\\\\\\\\\\\\\\\\\\\\\\\\\\\\\\\\"/><span style=\\\\\\\\\\\\\\\\\\\\\\\\\\\\\\\\\\\\\\\\\\\"font-size: 16px;text-align: left;float: none;\\\\\\\\\\\\\\\\\\\\\\\\\\\\\\\\\\\\\\\\\\\">El show de Lenny arranc\u00f3 cuando el reloj marcaba las 22:06 horas. Apareci\u00f3 con con sus gafas oscuras y su caracter\u00edstico cabello rizado. La producci\u00f3n tuvo una estructura met\u00e1lica llena de luces donde el vocalista estuvo junto a su banda.</span><br style=\\\\\\\\\\\\\\\\\\\\\\\\\\\\\\\\\\\\\\\\\\\"font-size: 16px;text-align: left;\\\\\\\\\\\\\\\\\\\\\\\\\\\\\\\\\\\\\\\\\\\"/><br style=\\\\\\\\\\\\\\\\\\\\\\\\\\\\\\\\\\\\\\\\\\\"font-size: 16px;text-align: left;\\\\\\\\\\\\\\\\\\\\\\\\\\\\\\\\\\\\\\\\\\\"/><span style=\\\\\\\\\\\\\\\\\\\\\\\\\\\\\\\\\\\\\\\\\\\"font-size: 16px;text-align: left;float: none;\\\\\\\\\\\\\\\\\\\\\\\\\\\\\\\\\\\\\\\\\\\">Despu\u00e9s de casi 2 horas y pasada la media noche se retir\u00f3 del escenario muy agradecido dejando satisfechos a todos los ganadores de la Beneficios Telcel que se regresaron felices a sus casas en la misma limosina en la que llegaron.</span><br/></p>", "dinamica": "panorama", "titulo": "", "lugar": "Auditorio Telmex", "header_final": "\u00a1As\u00ed se vivi\u00f3 el concierto de Lenny Kravitz por los ganadores!", "terms": "<p>Lorem ipsum dolor sit amet, consectetur adipiscing elit. Sed gravida cursus lacus, eget tempus dolor molestie et. Ut sed congue risus. Mauris vitae orci in risus iaculis vestibulum. Curabitur ullamcorper, risus et vehicula suscipit, urna ante malesuada lorem, at feugiat augue felis in nisi. Ut dapibus libero sem, quis dignissim sem lobortis nec. Curabitur rhoncus non nunc vel faucibus. Phasellus velit dolor, euismod vel cursus nec, sagittis nec lorem. Mauris id est est. Nulla non odio nisi.<br/><br/>Donec sit amet condimentum ipsum, eget laoreet urna. Duis nunc sem, interdum eu mauris eu, rhoncus aliquam risus. Morbi metus nisl, eleifend eget risus id, facilisis pretium nisi. Aenean eget ullamcorper elit, nec suscipit urna. Donec id viverra odio, in luctus felis. Fusce tincidunt sagittis nulla, tincidunt lacinia turpis fringilla ac. Mauris laoreet lectus eget nulla vulputate varius. Vestibulum ac nisl ligula. Ut suscipit turpis vel bibendum gravida. Sed eleifend vehicula leo nec tempus. Phasellus nec felis aliquam, sodales nibh eget, luctus nulla.<br/></p>", "orden": 99, "fecha_evento": "2018-05-08", "categorias": "[\"musica\"]", "segmentos": "[]", "imglg": "/static/temps/promo_8_lg.jpg", "linea_dos": ""}, "model": "dinamicasapp.promocion", "pk": 8}, {"fields": {"status": "publish", "fecha_publicacion": null, "destacado": false, "color": "c227b9", "ciudad": "CDMX", "likes": 6, "texto_alterno": "", "linea_uno": "Doble velocidad con", "vigencia": "2018-06-10", "img": "/static/temps/promo_10_min.jpg", "shares": 120, "bases": "<p><span style=\\\\\\\\\\\\\\\\\"font-size: 16px;text-align: left;float: none;\\\\\\\\\\\\\\\\\">\u00a1Vive toda la velocidad de la F\u00f3rmula 4!</span><br style=\\\\\\\\\\\\\\\\\"font-size: 16px;text-align: left;\\\\\\\\\\\\\\\\\"/><br style=\\\\\\\\\\\\\\\\\"font-size: 16px;text-align: left;\\\\\\\\\\\\\\\\\"/><span style=\\\\\\\\\\\\\\\\\"font-size: 16px;text-align: left;float: none;\\\\\\\\\\\\\\\\\">Esto se trata de velocidad, habr\u00e1 un total de 50 pases dobles con excelentes asientos para ver a los pilotos en el Aut\u00f3dromo de la Ciudad de M\u00e9xico.</span><br style=\\\\\\\\\\\\\\\\\"font-size: 16px;text-align: left;\\\\\\\\\\\\\\\\\"/><br style=\\\\\\\\\\\\\\\\\"font-size: 16px;text-align: left;\\\\\\\\\\\\\\\\\"/><span style=\\\\\\\\\\\\\\\\\"font-size: 16px;text-align: left;float: none;\\\\\\\\\\\\\\\\\">En sus marcas, \u00bflistos? \u00a1Fuera!</span><br/></p>", "dinamica": "trivia", "titulo": "<p>La trivia consta de 4 preguntas de opci\u00f3n m\u00faltiple, selecciona la respuesta correcta y pasa a la siguiente pregunta. La mayor cantidad de respuestas correctas con el menor tiempo de participaci\u00f3n gana.<br/></p>", "lugar": "", "header_final": "", "terms": "<p>Lorem ipsum dolor sit amet, consectetur adipiscing elit. Sed gravida cursus lacus, eget tempus dolor molestie et. Ut sed congue risus. Mauris vitae orci in risus iaculis vestibulum. Curabitur ullamcorper, risus et vehicula suscipit, urna ante malesuada lorem, at feugiat augue felis in nisi. Ut dapibus libero sem, quis dignissim sem lobortis nec. Curabitur rhoncus non nunc vel faucibus. Phasellus velit dolor, euismod vel cursus nec, sagittis nec lorem. Mauris id est est. Nulla non odio nisi.<br/><br/>Donec sit amet condimentum ipsum, eget laoreet urna. Duis nunc sem, interdum eu mauris eu, rhoncus aliquam risus. Morbi metus nisl, eleifend eget risus id, facilisis pretium nisi. Aenean eget ullamcorper elit, nec suscipit urna. Donec id viverra odio, in luctus felis. Fusce tincidunt sagittis nulla, tincidunt lacinia turpis fringilla ac. Mauris laoreet lectus eget nulla vulputate varius. Vestibulum ac nisl ligula. Ut suscipit turpis vel bibendum gravida. Sed eleifend vehicula leo nec tempus. Phasellus nec felis aliquam, sodales nibh eget, luctus nulla.<br/></p>", "orden": 99, "fecha_evento": "2018-06-17", "categorias": "[\"automovilismo\"]", "segmentos": "[]", "imglg": "/static/temps/promo_10_lg.jpg", "linea_dos": "dos accesos a la F4"}, "model": "dinamicasapp.promocion", "pk": 10}, {"fields": {"status": "offline", "fecha_publicacion": null, "destacado": false, "color": "c227b9", "ciudad": "M\u00e9xico", "likes": 9, "texto_alterno": "", "linea_uno": "No te pierdas en el Auditorio Nacional a", "vigencia": "2018-05-31", "img": "/static/temps/promo_14_min.jpg", "shares": 120, "bases": "<p>\u00a1Paty Cant\u00fa te espera en su concierto!</p><p>Asiste este primero de junio al Lunario del Auditorio Nacional con un acompa\u00f1ante y escuchen lo \u00faltimo de esta gran cantante antes de que siga su gira por Latinoam\u00e9rica.</p><p>\u00a1No te lo puedes perder, participa y gana pases dobles!</p>", "dinamica": "trivia", "titulo": "<p></p><p>La trivia consta de 5 preguntas de opci\u00f3n m\u00faltiple, selecciona la respuesta correcta y pasa a la siguiente pregunta. La mayor cantidad de respuestas correctas con el menor tiempo de participaci\u00f3n gana.<br/></p><p></p>", "lugar": "Auditorio Nacional", "header_final": "", "terms": "<p>Lorem ipsum dolor sit amet, consectetur adipiscing elit. Sed gravida cursus lacus, eget tempus dolor molestie et. Ut sed congue risus. Mauris vitae orci in risus iaculis vestibulum. Curabitur ullamcorper, risus et vehicula suscipit, urna ante malesuada lorem, at feugiat augue felis in nisi. Ut dapibus libero sem, quis dignissim sem lobortis nec. Curabitur rhoncus non nunc vel faucibus. Phasellus velit dolor, euismod vel cursus nec, sagittis nec lorem. Mauris id est est. Nulla non odio nisi.<br/><br/>Donec sit amet condimentum ipsum, eget laoreet urna. Duis nunc sem, interdum eu mauris eu, rhoncus aliquam risus. Morbi metus nisl, eleifend eget risus id, facilisis pretium nisi. Aenean eget ullamcorper elit, nec suscipit urna. Donec id viverra odio, in luctus felis. Fusce tincidunt sagittis nulla, tincidunt lacinia turpis fringilla ac. Mauris laoreet lectus eget nulla vulputate varius. Vestibulum ac nisl ligula. Ut suscipit turpis vel bibendum gravida. Sed eleifend vehicula leo nec tempus. Phasellus nec felis aliquam, sodales nibh eget, luctus nulla.<br/></p>", "orden": 99, "fecha_evento": "2018-06-01", "categorias": "[\"musica\"]", "segmentos": "[]", "imglg": "/static/temps/promo_14_lg.jpg", "linea_dos": "Paty Cant\u00fa con pases dobles."}, "model": "dinamicasapp.promocion", "pk": 14}, {"fields": {"status": "offline", "fecha_publicacion": null, "destacado": false, "color": "c227b9", "ciudad": "M\u00e9xico", "likes": 13, "texto_alterno": "", "linea_uno": "Morat te espera en el Auditorio con", "vigencia": "2018-05-26", "img": "/static/temps/promo_15_min.jpg", "shares": 120, "bases": "<p>\u00a1Te tenemos pases dobles para Morat!</p><p><br/></p><p>Este 2 de junio el Auditorio Nacional se llenar\u00e1 de folk-pop con la fabulosa banda colombiana que est\u00e1 esperando que te ganes estos boletos para ti y un acompa\u00f1ante.<br/><br/>\u00bfQu\u00e9 esperas? \u00a1Participa!<br/></p>", "dinamica": "trivia", "titulo": "<p>La trivia consta de 5 preguntas de opci\u00f3n m\u00faltiple, selecciona la respuesta correcta y pasa a la siguiente pregunta. La mayor cantidad de respuestas correctas con el menor tiempo de participaci\u00f3n gana.<br/></p>", "lugar": "Auditorio Nacional", "header_final": "", "terms": "<p>Lorem ipsum dolor sit amet, consectetur adipiscing elit. Sed gravida cursus lacus, eget tempus dolor molestie et. Ut sed congue risus. Mauris vitae orci in risus iaculis vestibulum. Curabitur ullamcorper, risus et vehicula suscipit, urna ante malesuada lorem, at feugiat augue felis in nisi. Ut dapibus libero sem, quis dignissim sem lobortis nec. Curabitur rhoncus non nunc vel faucibus. Phasellus velit dolor, euismod vel cursus nec, sagittis nec lorem. Mauris id est est. Nulla non odio nisi.<br/><br/>Donec sit amet condimentum ipsum, eget laoreet urna. Duis nunc sem, interdum eu mauris eu, rhoncus aliquam risus. Morbi metus nisl, eleifend eget risus id, facilisis pretium nisi. Aenean eget ullamcorper elit, nec suscipit urna. Donec id viverra odio, in luctus felis. Fusce tincidunt sagittis nulla, tincidunt lacinia turpis fringilla ac. Mauris laoreet lectus eget nulla vulputate varius. Vestibulum ac nisl ligula. Ut suscipit turpis vel bibendum gravida. Sed eleifend vehicula leo nec tempus. Phasellus nec felis aliquam, sodales nibh eget, luctus nulla.<br/></p>", "orden": 99, "fecha_evento": "2018-06-02", "categorias": "[\"musica\"]", "segmentos": "[]", "imglg": "/static/temps/promo_15_lg.jpg", "linea_dos": "pases dobles para ti."}, "model": "dinamicasapp.promocion", "pk": 15}, {"fields": {"status": "publish", "fecha_publicacion": null, "destacado": false, "color": "c227b9", "ciudad": "Guadalajara", "likes": 7, "texto_alterno": "", "linea_uno": "La banda legendaria Caifanes quiere verte", "vigencia": "2018-06-06", "img": "/static/temps/promo_17_min.jpg", "shares": 120, "bases": "<p>\u00a1Caifanes te espera en su concierto!<br/><br/>Asiste este 7 de junio al Auditorio Telmex en Guadalajara con un acompa\u00f1ante y escuchen los \u00e9xitos de esta legendaria banda.<br/><br/>\u00a1No te lo puedes perder, participa y gana pases dobles!<br/></p>", "dinamica": "puzzle", "titulo": "<p>La trivia consta de 5 preguntas de opci\u00f3n m\u00faltiple, selecciona la respuesta correcta y pasa a la siguiente pregunta. La mayor cantidad de respuestas correctas con el menor tiempo de participaci\u00f3n gana.<br/></p>", "lugar": "", "header_final": "", "terms": "<p>Lorem ipsum dolor sit amet, consectetur adipiscing elit. Sed gravida cursus lacus, eget tempus dolor molestie et. Ut sed congue risus. Mauris vitae orci in risus iaculis vestibulum. Curabitur ullamcorper, risus et vehicula suscipit, urna ante malesuada lorem, at feugiat augue felis in nisi. Ut dapibus libero sem, quis dignissim sem lobortis nec. Curabitur rhoncus non nunc vel faucibus. Phasellus velit dolor, euismod vel cursus nec, sagittis nec lorem. Mauris id est est. Nulla non odio nisi.<br/><br/>Donec sit amet condimentum ipsum, eget laoreet urna. Duis nunc sem, interdum eu mauris eu, rhoncus aliquam risus. Morbi metus nisl, eleifend eget risus id, facilisis pretium nisi. Aenean eget ullamcorper elit, nec suscipit urna. Donec id viverra odio, in luctus felis. Fusce tincidunt sagittis nulla, tincidunt lacinia turpis fringilla ac. Mauris laoreet lectus eget nulla vulputate varius. Vestibulum ac nisl ligula. Ut suscipit turpis vel bibendum gravida. Sed eleifend vehicula leo nec tempus. Phasellus nec felis aliquam, sodales nibh eget, luctus nulla.<br/></p>", "orden": 99, "fecha_evento": "2018-06-07", "categorias": "[\"musica\"]", "segmentos": "[]", "imglg": "/static/temps/promo_17_lg.jpg", "linea_dos": "con pases dobles."}, "model": "dinamicasapp.promocion", "pk": 17}, {"fields": {"status": "publish", "fecha_publicacion": null, "destacado": false, "color": "c227b9", "ciudad": "Torre\u00f3n", "likes": 11, "texto_alterno": "", "linea_uno": "Caifanes, Los \u00c1ngeles Azules, Reyno y Clubz te esperan con", "vigencia": "2018-06-01", "img": "/static/temps/promo_18_min.jpg", "shares": 120, "bases": "<p>\u00a1Te tenemos pases dobles para Tecate Location Torre\u00f3n!<br/><br/>Este 2 de junio el Hapok Sport Club Torre\u00f3n podr\u00e1s disfrutar de Caifanes, Los \u00c1ngeles Azules, Reyno y Clubz en el mismo lugar.<br/><br/>\u00bfQu\u00e9 esperas? \u00a1Participa!<br/></p>", "dinamica": "sopa", "titulo": "<p>La trivia consta de 5 preguntas de opci\u00f3n m\u00faltiple, selecciona la respuesta correcta y pasa a la siguiente pregunta. La mayor cantidad de respuestas correctas con el menor tiempo de participaci\u00f3n gana.<br/></p>", "lugar": "", "header_final": "", "terms": "<p>Lorem ipsum dolor sit amet, consectetur adipiscing elit. Sed gravida cursus lacus, eget tempus dolor molestie et. Ut sed congue risus. Mauris vitae orci in risus iaculis vestibulum. Curabitur ullamcorper, risus et vehicula suscipit, urna ante malesuada lorem, at feugiat augue felis in nisi. Ut dapibus libero sem, quis dignissim sem lobortis nec. Curabitur rhoncus non nunc vel faucibus. Phasellus velit dolor, euismod vel cursus nec, sagittis nec lorem. Mauris id est est. Nulla non odio nisi.<br/><br/>Donec sit amet condimentum ipsum, eget laoreet urna. Duis nunc sem, interdum eu mauris eu, rhoncus aliquam risus. Morbi metus nisl, eleifend eget risus id, facilisis pretium nisi. Aenean eget ullamcorper elit, nec suscipit urna. Donec id viverra odio, in luctus felis. Fusce tincidunt sagittis nulla, tincidunt lacinia turpis fringilla ac. Mauris laoreet lectus eget nulla vulputate varius. Vestibulum ac nisl ligula. Ut suscipit turpis vel bibendum gravida. Sed eleifend vehicula leo nec tempus. Phasellus nec felis aliquam, sodales nibh eget, luctus nulla.<br/></p>", "orden": 99, "fecha_evento": "2018-06-02", "categorias": "[\"musica\"]", "segmentos": "[]", "imglg": "/static/temps/promo_18_lg.jpg", "linea_dos": "pases dobles y meet & greet."}, "model": "dinamicasapp.promocion", "pk": 18}, {"fields": {"status": "publish", "fecha_publicacion": null, "destacado": false, "color": "c227b9", "ciudad": "Pachuca", "likes": 1, "texto_alterno": "", "linea_uno": "El Estadio Hidalgo te espera con tu playera si logras", "vigencia": "2018-07-05", "img": "/static/temps/promo_19_min.jpg", "shares": 120, "bases": "<p>Los tuzos te esperan en el estadio Hidalgo. Vive la pasi\u00f3n futbolera y atr\u00e9vete a ganar uno de los 10 pases dobles, adem\u00e1s los ganadores se llevan una playera para apoyar con todo al Pachuca.<br/></p>", "dinamica": "trivia", "titulo": "<p>TRIVIA<br style=\\\\\\\\\\\\\\\"font-size: 16px;text-align: left;\\\\\\\\\\\\\\\"/>La trivia consta de 5 preguntas de opci\u00f3n m\u00faltiple, selecciona la respuesta correcta y pasa a la siguiente pregunta. La mayor cantidad de respuestas correctas con el menor tiempo de participaci\u00f3n gana.</p>", "lugar": "Estadio Hidalgo", "header_final": "", "terms": "<p>Lorem ipsum dolor sit amet, consectetur adipiscing elit. Sed gravida cursus lacus, eget tempus dolor molestie et. Ut sed congue risus. Mauris vitae orci in risus iaculis vestibulum. Curabitur ullamcorper, risus et vehicula suscipit, urna ante malesuada lorem, at feugiat augue felis in nisi. Ut dapibus libero sem, quis dignissim sem lobortis nec. Curabitur rhoncus non nunc vel faucibus. Phasellus velit dolor, euismod vel cursus nec, sagittis nec lorem. Mauris id est est. Nulla non odio nisi.<br/><br/>Donec sit amet condimentum ipsum, eget laoreet urna. Duis nunc sem, interdum eu mauris eu, rhoncus aliquam risus. Morbi metus nisl, eleifend eget risus id, facilisis pretium nisi. Aenean eget ullamcorper elit, nec suscipit urna. Donec id viverra odio, in luctus felis. Fusce tincidunt sagittis nulla, tincidunt lacinia turpis fringilla ac. Mauris laoreet lectus eget nulla vulputate varius. Vestibulum ac nisl ligula. Ut suscipit turpis vel bibendum gravida. Sed eleifend vehicula leo nec tempus. Phasellus nec felis aliquam, sodales nibh eget, luctus nulla.<br/></p>", "orden": 7, "fecha_evento": "2018-07-12", "categorias": "[\"futbol\"]", "segmentos": "[]", "imglg": "/static/temps/promo_19_lg.jpg", "linea_dos": "ganarte estos pases dobles"}, "model": "dinamicasapp.promocion", "pk": 19}, {"fields": {"status": "publish", "fecha_publicacion": null, "destacado": false, "color": "c227b9", "ciudad": "Torre\u00f3n", "likes": 2, "texto_alterno": "", "linea_uno": "Los guerreros del Santos te esperan", "vigencia": "2018-06-26", "img": "/static/temps/promo_20_min.jpg", "shares": 120, "bases": "<p><span>\u00a1Santos cuenta con tu presencia en el estadio Corona!</span></p><p><span>Asiste este julio al Estadio Corona en Torre\u00f3n, Coahuila con un acompa\u00f1ante y apoyen a los guerreros del Santos.</span></p><p><span>\u00a1No te lo puedes perder, participa y gana pases dobles!</span><br/></p>", "dinamica": "trivia", "titulo": "<p>TRIVIA</p><p style=\\\\\\\\\"font-size: 16px;text-align: left;\\\\\\\\\">A continuaci\u00f3n aparecer\u00e1n 5 preguntas de opci\u00f3n m\u00faltiple, se mostrar\u00e1n una por una y lo \u00fanico que debes hacer es seleccionar la respuesta correcta y pasar a la siguiente. Recuerda que el tiempo corre y es importante.</p>", "lugar": "Estadio Corona", "header_final": "", "terms": "<p>Lorem ipsum dolor sit amet, consectetur adipiscing elit. Sed gravida cursus lacus, eget tempus dolor molestie et. Ut sed congue risus. Mauris vitae orci in risus iaculis vestibulum. Curabitur ullamcorper, risus et vehicula suscipit, urna ante malesuada lorem, at feugiat augue felis in nisi. Ut dapibus libero sem, quis dignissim sem lobortis nec. Curabitur rhoncus non nunc vel faucibus. Phasellus velit dolor, euismod vel cursus nec, sagittis nec lorem. Mauris id est est. Nulla non odio nisi.<br/><br/>Donec sit amet condimentum ipsum, eget laoreet urna. Duis nunc sem, interdum eu mauris eu, rhoncus aliquam risus. Morbi metus nisl, eleifend eget risus id, facilisis pretium nisi. Aenean eget ullamcorper elit, nec suscipit urna. Donec id viverra odio, in luctus felis. Fusce tincidunt sagittis nulla, tincidunt lacinia turpis fringilla ac. Mauris laoreet lectus eget nulla vulputate varius. Vestibulum ac nisl ligula. Ut suscipit turpis vel bibendum gravida. Sed eleifend vehicula leo nec tempus. Phasellus nec felis aliquam, sodales nibh eget, luctus nulla.<br/></p>", "orden": 4, "fecha_evento": "2018-07-03", "categorias": "[\"futbol\"]", "segmentos": "[]", "imglg": "/static/temps/promo_20_lg.jpg", "linea_dos": "en el estadio con pases dobles"}, "model": "dinamicasapp.promocion", "pk": 20}, {"fields": {"status": "publish", "fecha_publicacion": null, "destacado": false, "color": "c227b9", "ciudad": "CDMX", "likes": 1, "texto_alterno": "", "linea_uno": "Cruz Azul se despide de su estadio", "vigencia": "2018-07-02", "img": "/static/temps/promo_21_min.jpg", "shares": 120, "bases": "<p>La M\u00e1quina quiere despedirse en grande del Estadio Azul con pases dobles, aut\u00f3grafos y hasta visitas a su entrenamiento.</p><p>Asiste al estadio azul y grita con fortaleza \u00a1que viva el Cruz Azul!</p><p>Apres\u00farate a participar, hay mucho por ganar.<br/></p>", "dinamica": "sopa", "titulo": "<p></p><p style=\\\\\\\\\"font-size: 16px;text-align: left;\\\\\\\\\">SOPA DE LETRAS</p><p style=\\\\\\\\\"font-size: 16px;text-align: left;\\\\\\\\\">Encontrar\u00e1s en la siguiente pantalla una sopa de letras y tendr\u00e1s que encontrar 4 palabras relacionadas con el premio que deseas conseguir. Para seleccionar la palabra selecciona la primer letra de la palabra y despu\u00e9s la \u00faltima letra.\u00a0Recuerda que el reloj corre y es muy importante.</p><p></p>", "lugar": "Estadio Azul", "header_final": "", "terms": "<p>Lorem ipsum dolor sit amet, consectetur adipiscing elit. Sed gravida cursus lacus, eget tempus dolor molestie et. Ut sed congue risus. Mauris vitae orci in risus iaculis vestibulum. Curabitur ullamcorper, risus et vehicula suscipit, urna ante malesuada lorem, at feugiat augue felis in nisi. Ut dapibus libero sem, quis dignissim sem lobortis nec. Curabitur rhoncus non nunc vel faucibus. Phasellus velit dolor, euismod vel cursus nec, sagittis nec lorem. Mauris id est est. Nulla non odio nisi.<br/><br/>Donec sit amet condimentum ipsum, eget laoreet urna. Duis nunc sem, interdum eu mauris eu, rhoncus aliquam risus. Morbi metus nisl, eleifend eget risus id, facilisis pretium nisi. Aenean eget ullamcorper elit, nec suscipit urna. Donec id viverra odio, in luctus felis. Fusce tincidunt sagittis nulla, tincidunt lacinia turpis fringilla ac. Mauris laoreet lectus eget nulla vulputate varius. Vestibulum ac nisl ligula. Ut suscipit turpis vel bibendum gravida. Sed eleifend vehicula leo nec tempus. Phasellus nec felis aliquam, sodales nibh eget, luctus nulla.<br/></p>", "orden": 6, "fecha_evento": "2018-07-09", "categorias": "[\"futbol\"]", "segmentos": "[]", "imglg": "/static/temps/promo_21_lg.jpg", "linea_dos": "con pases dobles para ti"}, "model": "dinamicasapp.promocion", "pk": 21}, {"fields": {"status": "publish", "fecha_publicacion": null, "destacado": false, "color": "c227b9", "ciudad": "CDMX", "likes": 1, "texto_alterno": "", "linea_uno": "\u00a1Goya! \u00a1Goya! \u00a1Cachun! \u00a1Cachun! A ganar", "vigencia": "2018-07-08", "img": "/static/temps/promo_22_min.jpg", "shares": 120, "bases": "<p class=\\\\\"p1\\\\\"><span class=\\\\\"s1\\\\\">Los Pumas te invitan al Estadio Ol\u00edmpico Universitario, participa por uno de los 15 pases dobles con playeras y visitas al entrenamiento incluidas.</span></p><p class=\\\\\"p1\\\\\"><span class=\\\\\"s1\\\\\">Juega como los grandes y \u00a1a ganar!</span></p>", "dinamica": "trivia", "titulo": "<p>TRIVIA<br style=\\\\\"font-size: 16px;text-align: left;\\\\\"/>La trivia consta de 5 preguntas de opci\u00f3n m\u00faltiple, selecciona la respuesta correcta y pasa a la siguiente pregunta. La mayor cantidad de respuestas correctas con el menor tiempo de participaci\u00f3n gana.</p>", "lugar": "CU", "header_final": "", "terms": "<p>Lorem ipsum dolor sit amet, consectetur adipiscing elit. Sed gravida cursus lacus, eget tempus dolor molestie et. Ut sed congue risus. Mauris vitae orci in risus iaculis vestibulum. Curabitur ullamcorper, risus et vehicula suscipit, urna ante malesuada lorem, at feugiat augue felis in nisi. Ut dapibus libero sem, quis dignissim sem lobortis nec. Curabitur rhoncus non nunc vel faucibus. Phasellus velit dolor, euismod vel cursus nec, sagittis nec lorem. Mauris id est est. Nulla non odio nisi.<br/><br/>Donec sit amet condimentum ipsum, eget laoreet urna. Duis nunc sem, interdum eu mauris eu, rhoncus aliquam risus. Morbi metus nisl, eleifend eget risus id, facilisis pretium nisi. Aenean eget ullamcorper elit, nec suscipit urna. Donec id viverra odio, in luctus felis. Fusce tincidunt sagittis nulla, tincidunt lacinia turpis fringilla ac. Mauris laoreet lectus eget nulla vulputate varius. Vestibulum ac nisl ligula. Ut suscipit turpis vel bibendum gravida. Sed eleifend vehicula leo nec tempus. Phasellus nec felis aliquam, sodales nibh eget, luctus nulla.<br/></p>", "orden": 8, "fecha_evento": "2018-07-15", "categorias": "[\"futbol\"]", "segmentos": "[]", "imglg": "/static/temps/promo_22_lg.jpg", "linea_dos": "boletos y playeras de los Pumas de la UNAM"}, "model": "dinamicasapp.promocion", "pk": 22}, {"fields": {"status": "publish", "fecha_publicacion": null, "destacado": false, "color": "c227b9", "ciudad": "Zacatepec", "likes": 1, "texto_alterno": "", "linea_uno": "Zacatepec quiere ver a su gente con", "vigencia": "2018-07-11", "img": "/static/temps/promo_23_min.jpg", "shares": 120, "bases": "<p>Los ca\u00f1eros te esperan en su estadio Coruco D\u00edaz con 10 pases dobles.<br/><br/>Vive el f\u00fatbol de cerca, \u00a1participa para ganar!<br/></p>", "dinamica": "sopa", "titulo": "<p>SOPA DE LETRAS<br/>Encontrar\u00e1s en la siguiente pantalla una sopa de letras y tendr\u00e1s que encontrar 4 palabras relacionadas con el premio que deseas conseguir. Para seleccionar la palabra selecciona la primer letra de la palabra y despu\u00e9s la \u00faltima letra.\u00a0Recuerda que el reloj corre y es muy importante.<br/></p>", "lugar": "Estadio Coruco D\u00edaz", "header_final": "", "terms": "<p>Lorem ipsum dolor sit amet, consectetur adipiscing elit. Sed gravida cursus lacus, eget tempus dolor molestie et. Ut sed congue risus. Mauris vitae orci in risus iaculis vestibulum. Curabitur ullamcorper, risus et vehicula suscipit, urna ante malesuada lorem, at feugiat augue felis in nisi. Ut dapibus libero sem, quis dignissim sem lobortis nec. Curabitur rhoncus non nunc vel faucibus. Phasellus velit dolor, euismod vel cursus nec, sagittis nec lorem. Mauris id est est. Nulla non odio nisi.<br/><br/>Donec sit amet condimentum ipsum, eget laoreet urna. Duis nunc sem, interdum eu mauris eu, rhoncus aliquam risus. Morbi metus nisl, eleifend eget risus id, facilisis pretium nisi. Aenean eget ullamcorper elit, nec suscipit urna. Donec id viverra odio, in luctus felis. Fusce tincidunt sagittis nulla, tincidunt lacinia turpis fringilla ac. Mauris laoreet lectus eget nulla vulputate varius. Vestibulum ac nisl ligula. Ut suscipit turpis vel bibendum gravida. Sed eleifend vehicula leo nec tempus. Phasellus nec felis aliquam, sodales nibh eget, luctus nulla.<br/></p>", "orden": 9, "fecha_evento": "2018-07-18", "categorias": "[\"futbol\"]", "segmentos": "[]", "imglg": "/static/temps/promo_23_lg.jpg", "linea_dos": "pases dobles al estadio"}, "model": "dinamicasapp.promocion", "pk": 23}, {"fields": {"status": "publish", "fecha_publicacion": null, "destacado": true, "color": "c227b9", "ciudad": "Le\u00f3n", "likes": 4, "texto_alterno": "", "linea_uno": "El equipo de Le\u00f3n tiene", "vigencia": "2018-07-13", "img": "/static/temps/promo_24_min.jpg", "shares": 120, "bases": "<p>Si eres fan del Le\u00f3n es momento de participar para ganar uno de los 5 pases dobles y verlos jugar junto a quien t\u00fa quieras llevar. Adem\u00e1s t\u00fa y tu acompa\u00f1ante estrenar\u00e1n la playera del Le\u00f3n que tenemos para ustedes.</p>", "dinamica": "puzzle", "titulo": "<p>ROMPECABEZAS<br/>A continuaci\u00f3n encontrar\u00e1s un rompecabezas de 8 piezas debajo de una imagen que indica la soluci\u00f3n correcta. Para mover una pieza solo debes seleccionarla y esta se mover\u00e1 al espacio vac\u00edo.\u00a0Recuerda que el reloj corre y es muy importante.<br/></p>", "lugar": "Estadio Le\u00f3n", "header_final": "", "terms": "<p>Lorem ipsum dolor sit amet, consectetur adipiscing elit. Sed gravida cursus lacus, eget tempus dolor molestie et. Ut sed congue risus. Mauris vitae orci in risus iaculis vestibulum. Curabitur ullamcorper, risus et vehicula suscipit, urna ante malesuada lorem, at feugiat augue felis in nisi. Ut dapibus libero sem, quis dignissim sem lobortis nec. Curabitur rhoncus non nunc vel faucibus. Phasellus velit dolor, euismod vel cursus nec, sagittis nec lorem. Mauris id est est. Nulla non odio nisi.<br/><br/>Donec sit amet condimentum ipsum, eget laoreet urna. Duis nunc sem, interdum eu mauris eu, rhoncus aliquam risus. Morbi metus nisl, eleifend eget risus id, facilisis pretium nisi. Aenean eget ullamcorper elit, nec suscipit urna. Donec id viverra odio, in luctus felis. Fusce tincidunt sagittis nulla, tincidunt lacinia turpis fringilla ac. Mauris laoreet lectus eget nulla vulputate varius. Vestibulum ac nisl ligula. Ut suscipit turpis vel bibendum gravida. Sed eleifend vehicula leo nec tempus. Phasellus nec felis aliquam, sodales nibh eget, luctus nulla.<br/></p>", "orden": 2, "fecha_evento": "2018-07-20", "categorias": "[\"futbol\"]", "segmentos": "[]", "imglg": "/static/temps/promo_24_lg.jpg", "linea_dos": "pases dobles y playeras para ti"}, "model": "dinamicasapp.promocion", "pk": 24}, {"fields": {"status": "publish", "fecha_publicacion": null, "destacado": false, "color": "c227b9", "ciudad": "Monterrey", "likes": 3, "texto_alterno": "", "linea_uno": "El equipo de Tigres ruge por", "vigencia": "2018-07-20", "img": "/static/temps/promo_25_min.jpg", "shares": 120, "bases": "<p>El equipo de tigres ruge por darte playeras, fotos y aut\u00f3grafos<br/><br/>El equipo felino te quiere en su cancha. </p>", "dinamica": "trivia", "titulo": "<p>TRIVIA<br/>La trivia consta de 5 preguntas de opci\u00f3n m\u00faltiple, selecciona la respuesta correcta y pasa a la siguiente pregunta. La mayor cantidad de respuestas correctas con el menor tiempo de participaci\u00f3n gana.</p>", "lugar": "Estadio UANL", "header_final": "", "terms": "<p>Lorem ipsum dolor sit amet, consectetur adipiscing elit. Sed gravida cursus lacus, eget tempus dolor molestie et. Ut sed congue risus. Mauris vitae orci in risus iaculis vestibulum. Curabitur ullamcorper, risus et vehicula suscipit, urna ante malesuada lorem, at feugiat augue felis in nisi. Ut dapibus libero sem, quis dignissim sem lobortis nec. Curabitur rhoncus non nunc vel faucibus. Phasellus velit dolor, euismod vel cursus nec, sagittis nec lorem. Mauris id est est. Nulla non odio nisi.<br/><br/>Donec sit amet condimentum ipsum, eget laoreet urna. Duis nunc sem, interdum eu mauris eu, rhoncus aliquam risus. Morbi metus nisl, eleifend eget risus id, facilisis pretium nisi. Aenean eget ullamcorper elit, nec suscipit urna. Donec id viverra odio, in luctus felis. Fusce tincidunt sagittis nulla, tincidunt lacinia turpis fringilla ac. Mauris laoreet lectus eget nulla vulputate varius. Vestibulum ac nisl ligula. Ut suscipit turpis vel bibendum gravida. Sed eleifend vehicula leo nec tempus. Phasellus nec felis aliquam, sodales nibh eget, luctus nulla.<br/></p>", "orden": 11, "fecha_evento": "2018-07-27", "categorias": "[\"futbol\"]", "segmentos": "[]", "imglg": "/static/temps/promo_25_lg.jpg", "linea_dos": "darte playeras, fotos y aut\u00f3grafos"}, "model": "dinamicasapp.promocion", "pk": 25}, {"fields": {"status": "publish", "fecha_publicacion": null, "destacado": true, "color": "c227b9", "ciudad": "Puebla", "likes": 5, "texto_alterno": "", "linea_uno": "Tenemos para ti y un acompa\u00f1ante", "vigencia": "2018-07-01", "img": "/static/temps/promo_26_min.jpg", "shares": 120, "bases": "<p>Si eres bueno con la sopa de letras ve buscando un acompa\u00f1ante porque tenemos para ti pases dobles para NASCAR PEAK M\u00e9xico en Puebla el 8 de julio en el Aut\u00f3dromo Miguel E. Abed.</p>", "dinamica": "sopa", "titulo": "<p>SOPA DE LETRAS</p><p>Encontrar\u00e1s en la siguiente pantalla una sopa de letras y tendr\u00e1s que encontrar 4 palabras relacionadas con el premio que deseas conseguir. Para seleccionar la palabra selecciona la primer letra de la palabra y despu\u00e9s la \u00faltima letra.\u00a0Recuerda que el reloj corre y es muy importante.</p>", "lugar": "Aut\u00f3dromo Puebla", "header_final": "", "terms": "<p>Lorem ipsum dolor sit amet, consectetur adipiscing elit. Sed gravida cursus lacus, eget tempus dolor molestie et. Ut sed congue risus. Mauris vitae orci in risus iaculis vestibulum. Curabitur ullamcorper, risus et vehicula suscipit, urna ante malesuada lorem, at feugiat augue felis in nisi. Ut dapibus libero sem, quis dignissim sem lobortis nec. Curabitur rhoncus non nunc vel faucibus. Phasellus velit dolor, euismod vel cursus nec, sagittis nec lorem. Mauris id est est. Nulla non odio nisi.<br/><br/>Donec sit amet condimentum ipsum, eget laoreet urna. Duis nunc sem, interdum eu mauris eu, rhoncus aliquam risus. Morbi metus nisl, eleifend eget risus id, facilisis pretium nisi. Aenean eget ullamcorper elit, nec suscipit urna. Donec id viverra odio, in luctus felis. Fusce tincidunt sagittis nulla, tincidunt lacinia turpis fringilla ac. Mauris laoreet lectus eget nulla vulputate varius. Vestibulum ac nisl ligula. Ut suscipit turpis vel bibendum gravida. Sed eleifend vehicula leo nec tempus. Phasellus nec felis aliquam, sodales nibh eget, luctus nulla.<br/></p>", "orden": 1, "fecha_evento": "2018-07-08", "categorias": "[\"automovilismo\"]", "segmentos": "[]", "imglg": "/static/temps/promo_26_lg.jpg", "linea_dos": "boletos para NASCAR PEAK M\u00e9xico"}, "model": "dinamicasapp.promocion", "pk": 26}, {"fields": {"status": "publish", "fecha_publicacion": null, "destacado": false, "color": "c227b9", "ciudad": "Quer\u00e9taro", "likes": 0, "texto_alterno": "", "linea_uno": "Concursa y gana boletos dobles y hasta conoce a tu piloto", "vigencia": "2018-08-12", "img": "/static/temps/promo_27_min.jpg", "shares": 120, "bases": "<p>\u00a1Vive toda la velocidad de NASCAR Peak M\u00e9xico Series!<br/><br/>Esto se trata de velocidad, habr\u00e1 un total de 250 pases dobles, pero \u00fanicamente los tres m\u00e1s r\u00e1pidos obtendr\u00e1n accesos al hospitality en el Aut\u00f3dromo Ecocentro de Quer\u00e9taro.<br/><br/>En sus marcas, \u00bflistos? \u00a1Fuera!<br/></p>", "dinamica": "puzzle", "titulo": "<p></p><p class=\\\\\\\\\"p1\\\\\\\\\"><span class=\\\\\\\\\"s1\\\\\\\\\">ROMPECABEZAS</span></p><p><br/></p><p class=\\\\\\\\\"p1\\\\\\\\\"><span class=\\\\\\\\\"s1\\\\\\\\\">A continuaci\u00f3n encontrar\u00e1s un rompecabezas de 8 piezas debajo de una imagen que indica la soluci\u00f3n correcta. Para mover una pieza solo debes seleccionarla y esta se mover\u00e1 al espacio vac\u00edo.\u00a0Recuerda que el reloj corre y es muy importante.</span></p><p></p>", "lugar": "Aut\u00f3dromo Ecocentro", "header_final": "", "terms": "<p>Lorem ipsum dolor sit amet, consectetur adipiscing elit. Sed gravida cursus lacus, eget tempus dolor molestie et. Ut sed congue risus. Mauris vitae orci in risus iaculis vestibulum. Curabitur ullamcorper, risus et vehicula suscipit, urna ante malesuada lorem, at feugiat augue felis in nisi. Ut dapibus libero sem, quis dignissim sem lobortis nec. Curabitur rhoncus non nunc vel faucibus. Phasellus velit dolor, euismod vel cursus nec, sagittis nec lorem. Mauris id est est. Nulla non odio nisi.<br/><br/>Donec sit amet condimentum ipsum, eget laoreet urna. Duis nunc sem, interdum eu mauris eu, rhoncus aliquam risus. Morbi metus nisl, eleifend eget risus id, facilisis pretium nisi. Aenean eget ullamcorper elit, nec suscipit urna. Donec id viverra odio, in luctus felis. Fusce tincidunt sagittis nulla, tincidunt lacinia turpis fringilla ac. Mauris laoreet lectus eget nulla vulputate varius. Vestibulum ac nisl ligula. Ut suscipit turpis vel bibendum gravida. Sed eleifend vehicula leo nec tempus. Phasellus nec felis aliquam, sodales nibh eget, luctus nulla.<br/></p>", "orden": 13, "fecha_evento": "2018-08-19", "categorias": "[\"automovilismo\"]", "segmentos": "[]", "imglg": "/static/temps/promo_27_lg.jpg", "linea_dos": "favorito en el hospitality"}, "model": "dinamicasapp.promocion", "pk": 27}, {"fields": {"status": "proximamente", "fecha_publicacion": "2018-05-15", "destacado": false, "color": "c227b9", "ciudad": "CDMX", "likes": 1, "texto_alterno": "", "linea_uno": "El teatro Telcel te invita a disfrutar de esta obra", "vigencia": "2018-12-31", "img": "/static/temps/promo_29_min.jpg", "shares": 120, "bases": "", "dinamica": "puzzle", "titulo": "TITULO", "lugar": "", "header_final": "", "terms": "", "orden": 30, "fecha_evento": "2018-11-30", "categorias": "[\"teatro\"]", "segmentos": "[]", "imglg": "", "linea_dos": "llena de gente en la miseria"}, "model": "dinamicasapp.promocion", "pk": 29}, {"fields": {"status": "proximamente", "fecha_publicacion": null, "destacado": false, "color": "c227b9", "ciudad": "Estadio Fray Nano", "likes": 1, "texto_alterno": "", "linea_uno": "Los Diablos Rojos vienen con todo", "vigencia": "2018-09-11", "img": "/static/temps/promo_30_min.jpg", "shares": 120, "bases": "", "dinamica": "trivia", "titulo": "TITULO", "lugar": "", "header_final": "", "terms": "", "orden": 17, "fecha_evento": "2018-09-18", "categorias": "[\"beisbol\"]", "segmentos": "[]", "imglg": "", "linea_dos": "y te invitan con pases dobles"}, "model": "dinamicasapp.promocion", "pk": 30}, {"fields": {"status": "proximamente", "fecha_publicacion": null, "destacado": false, "color": "c227b9", "ciudad": "CDMX", "likes": 1, "texto_alterno": "", "linea_uno": "\u00a1Corre porque se acaban!", "vigencia": "2018-11-13", "img": "/static/temps/promo_31_min.jpg", "shares": 120, "bases": "", "dinamica": "trivia", "titulo": "TITULO", "lugar": "", "header_final": "", "terms": "", "orden": 29, "fecha_evento": "2018-11-20", "categorias": "[\"atletismo\"]", "segmentos": "[]", "imglg": "", "linea_dos": "Pases dobles para la Carrera Telcel RED"}, "model": "dinamicasapp.promocion", "pk": 31}, {"fields": {"status": "publish", "fecha_publicacion": null, "destacado": false, "color": "c227b9", "ciudad": "CDMX", "likes": 2, "texto_alterno": "", "linea_uno": "G\u00e1nate pases dobles y acceso al hospitality", "vigencia": "2018-08-19", "img": "/static/temps/promo_32_min.jpg", "shares": 120, "bases": "<p style=\\\\\\\\\"font-size: 16px;text-align: left;\\\\\\\\\">\u00a1Tenemos 20 boletos y acceso al hospitality para que no te pierdas el marat\u00f3n!</p><p style=\\\\\\\\\"font-size: 16px;text-align: left;\\\\\\\\\"><span>Este 26 de agosto es el Marat\u00f3n CDMX Telcel y no estar\u00eda completo sin tu presencia. Resuelve este sencillo rompecabezas para ser acreedor al premio.</span></p><p style=\\\\\\\\\"font-size: 16px;text-align: left;\\\\\\\\\"><span>\u00bfQu\u00e9 esperas? \u00a1Participa!</span></p>", "dinamica": "puzzle", "titulo": "<p><span>ROMPECABEZAS</span><br/></p><p><br/></p><p class=\\\\\"p1\\\\\"><span class=\\\\\"s1\\\\\">A continuaci\u00f3n encontrar\u00e1s un rompecabezas de 8 piezas debajo de una imagen que indica la soluci\u00f3n correcta. Para mover una pieza solo debes seleccionarla y esta se mover\u00e1 al espacio vac\u00edo.\u00a0Recuerda que el reloj corre y es muy importante.</span></p><p></p>", "lugar": "", "header_final": "", "terms": "<p>Lorem ipsum dolor sit amet, consectetur adipiscing elit. Sed gravida cursus lacus, eget tempus dolor molestie et. Ut sed congue risus. Mauris vitae orci in risus iaculis vestibulum. Curabitur ullamcorper, risus et vehicula suscipit, urna ante malesuada lorem, at feugiat augue felis in nisi. Ut dapibus libero sem, quis dignissim sem lobortis nec. Curabitur rhoncus non nunc vel faucibus. Phasellus velit dolor, euismod vel cursus nec, sagittis nec lorem. Mauris id est est. Nulla non odio nisi.<br/><br/>Donec sit amet condimentum ipsum, eget laoreet urna. Duis nunc sem, interdum eu mauris eu, rhoncus aliquam risus. Morbi metus nisl, eleifend eget risus id, facilisis pretium nisi. Aenean eget ullamcorper elit, nec suscipit urna. Donec id viverra odio, in luctus felis. Fusce tincidunt sagittis nulla, tincidunt lacinia turpis fringilla ac. Mauris laoreet lectus eget nulla vulputate varius. Vestibulum ac nisl ligula. Ut suscipit turpis vel bibendum gravida. Sed eleifend vehicula leo nec tempus. Phasellus nec felis aliquam, sodales nibh eget, luctus nulla.<br/></p>", "orden": 16, "fecha_evento": "2018-08-26", "categorias": "[\"atletismo\"]", "segmentos": "[]", "imglg": "/static/temps/promo_32_lg.jpg", "linea_dos": "en el Marat\u00f3n CDMX Telcel"}, "model": "dinamicasapp.promocion", "pk": 32}, {"fields": {"status": "publish", "fecha_publicacion": "2018-05-07", "destacado": false, "color": "c227b9", "ciudad": "Acapulco", "likes": 0, "texto_alterno": "", "linea_uno": "As\u00ed se vivi\u00f3 el Abierto Mexicano de Tenis", "vigencia": "2018-05-08", "img": "/static/temps/promo_33_min.jpg", "shares": 120, "bases": "<p><span style=\\\\\\\\\"font-size: 16px;text-align: left;float: none;\\\\\\\\\">El cantante neoyorkino Lenny Kravitz se present\u00f3 en Guadalajara, luego de 13 a\u00f1os de no visitar tierra azteca, esto como parte de su Raise Vibration World Tour.</span><br style=\\\\\\\\\"font-size: 16px;text-align: left;\\\\\\\\\"/><br style=\\\\\\\\\"font-size: 16px;text-align: left;\\\\\\\\\"/><span style=\\\\\\\\\"font-size: 16px;text-align: left;float: none;\\\\\\\\\">El show de Lenny arranc\u00f3 cuando el reloj marcaba las 22:06 horas. Apareci\u00f3 con con sus gafas oscuras y su caracter\u00edstico cabello rizado. La producci\u00f3n tuvo una estructura met\u00e1lica llena de luces donde el vocalista estuvo junto a su banda.</span><br style=\\\\\\\\\"font-size: 16px;text-align: left;\\\\\\\\\"/><br style=\\\\\\\\\"font-size: 16px;text-align: left;\\\\\\\\\"/><span style=\\\\\\\\\"font-size: 16px;text-align: left;float: none;\\\\\\\\\">Despu\u00e9s de casi 2 horas y pasada la media noche se retir\u00f3 del escenario muy agradecido dejando satisfechos a todos los ganadores de la Beneficios Telcel que se regresaron felices a sus casas en la misma limosina en la que llegaron.</span><br/></p>", "dinamica": "trivia", "titulo": "", "lugar": "", "header_final": "", "terms": "", "orden": 99, "fecha_evento": "2018-05-15", "categorias": "[\"tenis\"]", "segmentos": "[]", "imglg": "/static/temps/promo_33_lg.jpg", "linea_dos": "con los ganadores en Acapulco"}, "model": "dinamicasapp.promocion", "pk": 33}, {"fields": {"status": "offline", "fecha_publicacion": "2018-05-08", "destacado": false, "color": "c227b9", "ciudad": "CDMX", "likes": 0, "texto_alterno": "<p>s</p><p>w</p><p>e</p>", "linea_uno": "As\u00ed se vivi\u00f3 el triunfo en el", "vigencia": "2018-05-08", "img": "/static/temps/promo_0_min.jpg", "shares": 120, "bases": "", "dinamica": "trivia", "titulo": "TITULO", "lugar": "", "header_final": "x", "terms": "", "orden": 99, "fecha_evento": "2018-05-14", "categorias": "[\"atletismo\"]", "segmentos": "[]", "imglg": "", "linea_dos": "Marat\u00f3n de CDMX Telcel"}, "model": "dinamicasapp.promocion", "pk": 34}, {"fields": {"status": "proximamente", "fecha_publicacion": "2018-06-21", "destacado": false, "color": "c227b9", "ciudad": "Monterrey", "likes": 0, "texto_alterno": "", "linea_uno": "\u00a1No te pierdas a Sebast\u00edan Yatra y", "vigencia": "2018-08-31", "img": "/static/temps/promo_42_min.jpg", "shares": 120, "bases": "", "dinamica": "trivia", "titulo": "TITULO", "lugar": "Auditorio Citibanamex", "header_final": "", "terms": "", "orden": 18, "fecha_evento": "2018-09-07", "categorias": "[\"musica\"]", "segmentos": "[]", "imglg": "", "linea_dos": "Paty Cant\u00fa juntos por primera vez!"}, "model": "dinamicasapp.promocion", "pk": 42}, {"fields": {"status": "proximamente", "fecha_publicacion": "2018-06-22", "destacado": false, "color": "c227b9", "ciudad": "M\u00e9xico", "likes": 0, "texto_alterno": "", "linea_uno": "Soy Luna llega para cantarte a ti y al", "vigencia": "2018-09-15", "img": "/static/temps/promo_45_min.jpg", "shares": 120, "bases": "", "dinamica": "sopa", "titulo": "TITULO", "lugar": "Auditorio Nacional", "header_final": "", "terms": "", "orden": 20, "fecha_evento": "2018-09-22", "categorias": "[\"musica\"]", "segmentos": "[]", "imglg": "", "linea_dos": "acompa\u00f1ante que t\u00fa elijas"}, "model": "dinamicasapp.promocion", "pk": 45}, {"fields": {"status": "proximamente", "fecha_publicacion": "2018-06-22", "destacado": false, "color": "c227b9", "ciudad": "Tuxtla", "likes": 0, "texto_alterno": "", "linea_uno": "\u00a1Arr\u00e1ncate por pases dobles y hasta acceso al hospitality", "vigencia": "2018-09-23", "img": "/static/temps/promo_47_min.jpg", "shares": 120, "bases": "", "dinamica": "trivia", "titulo": "TITULO", "lugar": "Aut\u00f3dromo Chiapas", "header_final": "", "terms": "", "orden": 21, "fecha_evento": "2018-09-30", "categorias": "[\"automovilismo\"]", "segmentos": "[]", "imglg": "", "linea_dos": "de NASCAR PEAK M\u00e9xico Series!"}, "model": "dinamicasapp.promocion", "pk": 47}, {"fields": {"status": "proximamente", "fecha_publicacion": null, "destacado": false, "color": "c227b9", "ciudad": "Puebla", "likes": 0, "texto_alterno": "", "linea_uno": "\u00a1Participa Puebla! Tus pases dobles y acceso al hospitality", "vigencia": "2018-09-02", "img": "/static/temps/promo_49_min.jpg", "shares": 120, "bases": "", "dinamica": "sopa", "titulo": "TITULO", "lugar": "Aut\u00f3dromo Miguel E. Abed", "header_final": "", "terms": "", "orden": 19, "fecha_evento": "2018-09-09", "categorias": "[\"automovilismo\"]", "segmentos": "[]", "imglg": "", "linea_dos": "de NASCAR PEAK M\u00e9xico ya est\u00e1n aqu\u00ed"}, "model": "dinamicasapp.promocion", "pk": 49}, {"fields": {"status": "proximamente", "fecha_publicacion": null, "destacado": false, "color": "c227b9", "ciudad": "M\u00e9xico", "likes": 0, "texto_alterno": "", "linea_uno": "\u00a1Luis Miguel est\u00e1 de vuelta!", "vigencia": "2018-09-25", "img": "/static/temps/promo_51_min.jpg", "shares": 120, "bases": "", "dinamica": "sopa", "titulo": "TITULO", "lugar": "Auditorio Nacional", "header_final": "", "terms": "", "orden": 22, "fecha_evento": "2018-10-02", "categorias": "[\"musica\"]", "segmentos": "[]", "imglg": "", "linea_dos": "Cons\u00edgue aqu\u00ed tus boletos dobles"}, "model": "dinamicasapp.promocion", "pk": 51}, {"fields": {"status": "proximamente", "fecha_publicacion": null, "destacado": false, "color": "c227b9", "ciudad": "Toluca", "likes": 0, "texto_alterno": "", "linea_uno": "El m\u00e1s grande evento de m\u00fasica electr\u00f3nica tiene 50 pases dobles para ti", "vigencia": "2018-10-06", "img": "/static/temps/promo_52_min.jpg", "shares": 120, "bases": "", "dinamica": "sopa", "titulo": "TITULO", "lugar": "Auditorio Pegaso", "header_final": "", "terms": "", "orden": 23, "fecha_evento": "2018-10-13", "categorias": "[\"musica\"]", "segmentos": "[]", "imglg": "", "linea_dos": "ganarlos es Ultra f\u00e1cil"}, "model": "dinamicasapp.promocion", "pk": 52}, {"fields": {"status": "proximamente", "fecha_publicacion": null, "destacado": false, "color": "c227b9", "ciudad": "M\u00e9xico", "likes": 0, "texto_alterno": "", "linea_uno": "T\u00fa tambi\u00e9n estar\u00e1s en todo con un acompa\u00f1ante", "vigencia": "2018-10-10", "img": "/static/temps/promo_53_min.jpg", "shares": 120, "bases": "", "dinamica": "sopa", "titulo": "TITULO", "lugar": "Auditorio Nacional", "header_final": "", "terms": "", "orden": 24, "fecha_evento": "2018-10-17", "categorias": "[\"musica\"]", "segmentos": "[]", "imglg": "", "linea_dos": "viendo a Chayanne, \u00a1participa ya por tus pases dobles!"}, "model": "dinamicasapp.promocion", "pk": 53}, {"fields": {"status": "publish", "fecha_publicacion": null, "destacado": false, "color": "c227b9", "ciudad": "Zacatecas", "likes": 0, "texto_alterno": "", "linea_uno": "La Marea Roja est\u00e1 lista para que los apoyes en el estadio", "vigencia": "2018-07-17", "img": "/static/temps/promo_55_min.jpg", "shares": 120, "bases": "<p>La Marea Roja est\u00e1 lista para la cancha del Estadio Francisco Villa.<br/>Participa para ganar uno de los 25 pases dobles.</p>", "dinamica": "puzzle", "titulo": "<p>ROMPECABEZAS<br/>A continuaci\u00f3n encontrar\u00e1s un rompecabezas de 8 piezas debajo de una imagen que indica la soluci\u00f3n correcta. Para mover una pieza solo debes seleccionarla y esta se mover\u00e1 al espacio vac\u00edo.\u00a0Recuerda que el reloj corre y es muy importante.<br/></p>", "lugar": "Estadio Francisco Villa", "header_final": "", "terms": "<p>Lorem ipsum dolor sit amet, consectetur adipiscing elit. Sed gravida cursus lacus, eget tempus dolor molestie et. Ut sed congue risus. Mauris vitae orci in risus iaculis vestibulum. Curabitur ullamcorper, risus et vehicula suscipit, urna ante malesuada lorem, at feugiat augue felis in nisi. Ut dapibus libero sem, quis dignissim sem lobortis nec. Curabitur rhoncus non nunc vel faucibus. Phasellus velit dolor, euismod vel cursus nec, sagittis nec lorem. Mauris id est est. Nulla non odio nisi.<br/><br/>Donec sit amet condimentum ipsum, eget laoreet urna. Duis nunc sem, interdum eu mauris eu, rhoncus aliquam risus. Morbi metus nisl, eleifend eget risus id, facilisis pretium nisi. Aenean eget ullamcorper elit, nec suscipit urna. Donec id viverra odio, in luctus felis. Fusce tincidunt sagittis nulla, tincidunt lacinia turpis fringilla ac. Mauris laoreet lectus eget nulla vulputate varius. Vestibulum ac nisl ligula. Ut suscipit turpis vel bibendum gravida. Sed eleifend vehicula leo nec tempus. Phasellus nec felis aliquam, sodales nibh eget, luctus nulla.<br/></p>", "orden": 10, "fecha_evento": "2018-07-24", "categorias": "[\"futbol\"]", "segmentos": "[]", "imglg": "/static/temps/promo_55_lg.jpg", "linea_dos": "gan\u00e1ndote estos pases dobles"}, "model": "dinamicasapp.promocion", "pk": 55}, {"fields": {"promo": 8, "tipoimg": "minfinal", "imagen": "static/media/promomedia/promo_8_min.jpg"}, "model": "dinamicasapp.mediapromo", "pk": 5}, {"fields": {"promo": 8, "tipoimg": "galeria", "imagen": "static/media/promomedia/ganadores1.jpg"}, "model": "dinamicasapp.mediapromo", "pk": 8}, {"fields": {"promo": 8, "tipoimg": "galeria", "imagen": "static/media/promomedia/ganadores2.jpg"}, "model": "dinamicasapp.mediapromo", "pk": 9}, {"fields": {"promo": 8, "tipoimg": "galeria", "imagen": "static/media/promomedia/ganadores3.jpg"}, "model": "dinamicasapp.mediapromo", "pk": 10}, {"fields": {"promo": 8, "tipoimg": "galeria", "imagen": "static/media/promomedia/ganadores4.jpg"}, "model": "dinamicasapp.mediapromo", "pk": 11}, {"fields": {"promo": 8, "tipoimg": "galeria", "imagen": "static/media/promomedia/ganadores5.jpg"}, "model": "dinamicasapp.mediapromo", "pk": 12}, {"fields": {"promo": 8, "tipoimg": "galeria", "imagen": "static/media/promomedia/ganadores6.jpg"}, "model": "dinamicasapp.mediapromo", "pk": 13}, {"fields": {"promo": 34, "tipoimg": "imagenfinal", "imagen": "static/media/promomedia/william-mortensen-fotografia-elhype_BRDaeBJ.jpg"}, "model": "dinamicasapp.mediapromo", "pk": 18}, {"fields": {"promo": 8, "tipoimg": "imagenfinal", "imagen": "static/media/promomedia/promo_lenny_YOWok95.jpg"}, "model": "dinamicasapp.mediapromo", "pk": 22}, {"fields": {"promo": 34, "tipoimg": "minfinal", "imagen": "static/media/promomedia/wine-glass-vector_644420.jpg"}, "model": "dinamicasapp.mediapromo", "pk": 23}, {"fields": {"promo": 34, "tipoimg": "galeria", "imagen": "static/media/promomedia/william-mortensen-fotografia-elhype_d5kvQuV.jpg"}, "model": "dinamicasapp.mediapromo", "pk": 24}, {"fields": {"promo": 34, "tipoimg": "galeria", "imagen": "static/media/promomedia/lookhisback_4nMaXic.jpg"}, "model": "dinamicasapp.mediapromo", "pk": 25}, {"fields": {"promo": 29, "tipoimg": "puzzle", "imagen": "static/media/promomedia/puzz_MDBSwqo.jpg"}, "model": "dinamicasapp.mediapromo", "pk": 27}, {"fields": {"promo": 22, "tipoimg": "puzzle", "imagen": "static/media/promomedia/puzz_JwcB84U.jpg"}, "model": "dinamicasapp.mediapromo", "pk": 28}, {"fields": {"promo": 17, "tipoimg": "puzzle", "imagen": "static/media/promomedia/caifanes_OfEZp1c.jpg"}, "model": "dinamicasapp.mediapromo", "pk": 31}, {"fields": {"promo": 32, "tipoimg": "puzzle", "imagen": "static/media/promomedia/X.jpg"}, "model": "dinamicasapp.mediapromo", "pk": 32}, {"fields": {"promo": 24, "tipoimg": "puzzle", "imagen": "static/media/promomedia/Rompecabezas.jpg"}, "model": "dinamicasapp.mediapromo", "pk": 33}, {"fields": {"promo": 55, "tipoimg": "puzzle", "imagen": "static/media/promomedia/portada.jpg"}, "model": "dinamicasapp.mediapromo", "pk": 34}, {"fields": {"promo": 27, "tipoimg": "puzzle", "imagen": "static/media/promomedia/Rompecabezas_7KkN8CP.jpg"}, "model": "dinamicasapp.mediapromo", "pk": 35}, {"fields": {"orden": 0, "catname": "Categor\u00edas", "catslug": "categorias", "parentcat": null}, "model": "dinamicasapp.promocat", "pk": 5}, {"fields": {"orden": 0, "catname": "Automovilismo", "catslug": "automovilismo", "parentcat": 5}, "model": "dinamicasapp.promocat", "pk": 6}, {"fields": {"orden": 0, "catname": "Atletismo", "catslug": "atletismo", "parentcat": 5}, "model": "dinamicasapp.promocat", "pk": 7}, {"fields": {"orden": 0, "catname": "Beisbol", "catslug": "beisbol", "parentcat": 5}, "model": "dinamicasapp.promocat", "pk": 8}, {"fields": {"orden": 0, "catname": "F\u00fatbol", "catslug": "futbol", "parentcat": 5}, "model": "dinamicasapp.promocat", "pk": 9}, {"fields": {"orden": 0, "catname": "M\u00fasica", "catslug": "musica", "parentcat": 5}, "model": "dinamicasapp.promocat", "pk": 10}, {"fields": {"orden": 0, "catname": "Teatro", "catslug": "teatro", "parentcat": 5}, "model": "dinamicasapp.promocat", "pk": 11}, {"fields": {"orden": 0, "catname": "Tenis", "catslug": "tenis", "parentcat": 5}, "model": "dinamicasapp.promocat", "pk": 12}, {"fields": {"orden": 0, "catname": "Entretenimiento", "catslug": "entretenimiento", "parentcat": 5}, "model": "dinamicasapp.promocat", "pk": 13}, {"fields": {"categoria": 10, "promocion": 17}, "model": "dinamicasapp.catpromo", "pk": 219}, {"fields": {"categoria": 10, "promocion": 15}, "model": "dinamicasapp.catpromo", "pk": 220}, {"fields": {"categoria": 10, "promocion": 18}, "model": "dinamicasapp.catpromo", "pk": 221}, {"fields": {"categoria": 10, "promocion": 14}, "model": "dinamicasapp.catpromo", "pk": 222}, {"fields": {"categoria": 10, "promocion": 2}, "model": "dinamicasapp.catpromo", "pk": 223}, {"fields": {"categoria": 10, "promocion": 8}, "model": "dinamicasapp.catpromo", "pk": 224}, {"fields": {"categoria": 6, "promocion": 10}, "model": "dinamicasapp.catpromo", "pk": 225}, {"fields": {"categoria": 11, "promocion": 29}, "model": "dinamicasapp.catpromo", "pk": 239}, {"fields": {"categoria": 7, "promocion": 34}, "model": "dinamicasapp.catpromo", "pk": 240}, {"fields": {"categoria": 12, "promocion": 33}, "model": "dinamicasapp.catpromo", "pk": 241}, {"fields": {"categoria": 8, "promocion": 30}, "model": "dinamicasapp.catpromo", "pk": 254}, {"fields": {"categoria": 10, "promocion": 42}, "model": "dinamicasapp.catpromo", "pk": 256}, {"fields": {"categoria": 10, "promocion": 45}, "model": "dinamicasapp.catpromo", "pk": 257}, {"fields": {"categoria": 6, "promocion": 47}, "model": "dinamicasapp.catpromo", "pk": 258}, {"fields": {"categoria": 6, "promocion": 49}, "model": "dinamicasapp.catpromo", "pk": 260}, {"fields": {"categoria": 10, "promocion": 53}, "model": "dinamicasapp.catpromo", "pk": 261}, {"fields": {"categoria": 10, "promocion": 52}, "model": "dinamicasapp.catpromo", "pk": 262}, {"fields": {"categoria": 10, "promocion": 51}, "model": "dinamicasapp.catpromo", "pk": 263}, {"fields": {"categoria": 7, "promocion": 31}, "model": "dinamicasapp.catpromo", "pk": 271}, {"fields": {"categoria": 6, "promocion": 4}, "model": "dinamicasapp.catpromo", "pk": 291}, {"fields": {"categoria": 9, "promocion": 25}, "model": "dinamicasapp.catpromo", "pk": 319}, {"fields": {"categoria": 9, "promocion": 55}, "model": "dinamicasapp.catpromo", "pk": 320}, {"fields": {"categoria": 7, "promocion": 32}, "model": "dinamicasapp.catpromo", "pk": 322}, {"fields": {"categoria": 6, "promocion": 27}, "model": "dinamicasapp.catpromo", "pk": 326}, {"fields": {"categoria": 9, "promocion": 24}, "model": "dinamicasapp.catpromo", "pk": 327}, {"fields": {"categoria": 9, "promocion": 21}, "model": "dinamicasapp.catpromo", "pk": 330}, {"fields": {"categoria": 9, "promocion": 19}, "model": "dinamicasapp.catpromo", "pk": 332}, {"fields": {"categoria": 9, "promocion": 22}, "model": "dinamicasapp.catpromo", "pk": 333}, {"fields": {"categoria": 9, "promocion": 23}, "model": "dinamicasapp.catpromo", "pk": 334}, {"fields": {"categoria": 6, "promocion": 26}, "model": "dinamicasapp.catpromo", "pk": 336}, {"fields": {"categoria": 9, "promocion": 20}, "model": "dinamicasapp.catpromo", "pk": 337}, {"fields": {"promopk": 22, "matrix": "[[\"a\", \"w\", \"x\", \"b\", \"f\", \"f\", \"f\", \"f\", \"g\", \"v\"], [\"y\", \"r\", \"b\", \"g\", \"c\", \"c\", \"f\", \"f\", \"c\", \"f\"], [\"g\", \"z\", \"n\", \"w\", \"y\", \"a\", \"l\", \"k\", \"l\", \"z\"], [\"m\", \"b\", \"h\", \"x\", \"p\", \"m\", \"j\", \"y\", \"b\", \"g\"], [\"y\", \"k\", \"b\", \"g\", \"j\", \"i\", \"j\", \"l\", \"g\", \"q\"], [\"i\", \"b\", \"h\", \"k\", \"g\", \"e\", \"j\", \"u\", \"m\", \"s\"], [\"t\", \"c\", \"g\", \"t\", \"x\", \"u\", \"j\", \"a\", \"a\", \"o\"], [\"v\", \"y\", \"g\", \"x\", \"l\", \"w\", \"j\", \"l\", \"g\", \"y\"], [\"i\", \"h\", \"g\", \"p\", \"m\", \"o\", \"j\", \"i\", \"v\", \"b\"], [\"l\", \"w\", \"g\", \"x\", \"n\", \"k\", \"n\", \"g\", \"f\", \"k\"]]", "posiciones": "[\"6963\", \"9040\", \"2429\", \"2191\"]"}, "model": "dinamicasapp.tablerosopa", "pk": 1}, {"fields": {"promopk": 18, "matrix": "[[\"z\", \"v\", \"s\", \"e\", \"r\", \"a\", \"u\", \"g\", \"a\", \"j\"], [\"w\", \"e\", \"p\", \"r\", \"e\", \"s\", \"e\", \"n\", \"t\", \"e\"], [\"v\", \"j\", \"o\", \"f\", \"s\", \"a\", \"l\", \"e\", \"j\", \"p\"], [\"t\", \"d\", \"q\", \"m\", \"e\", \"p\", \"a\", \"p\", \"r\", \"d\"], [\"m\", \"x\", \"p\", \"b\", \"n\", \"u\", \"p\", \"k\", \"c\", \"d\"], [\"u\", \"y\", \"w\", \"i\", \"a\", \"v\", \"p\", \"t\", \"v\", \"m\"], [\"s\", \"e\", \"k\", \"x\", \"f\", \"b\", \"p\", \"w\", \"c\", \"v\"], [\"i\", \"z\", \"g\", \"m\", \"i\", \"h\", \"w\", \"s\", \"i\", \"o\"], [\"c\", \"u\", \"w\", \"p\", \"a\", \"k\", \"a\", \"j\", \"r\", \"d\"], [\"a\", \"u\", \"t\", \"s\", \"c\", \"l\", \"y\", \"z\", \"x\", \"q\"]]", "posiciones": "[\"4942\", \"9020\", \"0409\", \"2191\"]"}, "model": "dinamicasapp.tablerosopa", "pk": 2}, {"fields": {"promopk": 25, "matrix": "[[\"c\", \"x\", \"h\", \"e\", \"s\", \"t\", \"a\", \"d\", \"i\", \"o\"], [\"l\", \"x\", \"t\", \"m\", \"h\", \"e\", \"r\", \"g\", \"i\", \"t\"], [\"s\", \"e\", \"v\", \"k\", \"k\", \"j\", \"r\", \"h\", \"o\", \"t\"], [\"i\", \"m\", \"f\", \"c\", \"i\", \"f\", \"a\", \"b\", \"b\", \"i\"], [\"w\", \"e\", \"u\", \"a\", \"u\", \"j\", \"x\", \"a\", \"z\", \"a\"], [\"t\", \"o\", \"u\", \"m\", \"w\", \"g\", \"k\", \"o\", \"h\", \"w\"], [\"t\", \"f\", \"f\", \"p\", \"j\", \"t\", \"p\", \"s\", \"m\", \"a\"], [\"t\", \"y\", \"w\", \"e\", \"u\", \"u\", \"o\", \"y\", \"i\", \"j\"], [\"x\", \"r\", \"c\", \"o\", \"i\", \"c\", \"j\", \"g\", \"p\", \"a\"], [\"w\", \"a\", \"i\", \"n\", \"t\", \"a\", \"m\", \"p\", \"f\", \"h\"]]", "posiciones": "[\"5659\", \"9151\", \"3339\", \"3090\"]"}, "model": "dinamicasapp.tablerosopa", "pk": 3}, {"fields": {"promopk": 26, "matrix": "[[\"o\", \"e\", \"h\", \"m\", \"a\", \"h\", \"a\", \"r\", \"b\", \"A\"], [\"s\", \"x\", \"c\", \"a\", \"c\", \"k\", \"t\", \"b\", \"v\", \"z\"], [\"w\", \"c\", \"d\", \"c\", \"l\", \"o\", \"e\", \"e\", \"d\", \"z\"], [\"o\", \"s\", \"m\", \"x\", \"b\", \"i\", \"v\", \"y\", \"c\", \"a\"], [\"a\", \"l\", \"b\", \"e\", \"u\", \"P\", \"o\", \"d\", \"i\", \"m\"], [\"r\", \"g\", \"j\", \"h\", \"w\", \"g\", \"t\", \"a\", \"o\", \"x\"], [\"R\", \"A\", \"C\", \"S\", \"A\", \"N\", \"o\", \"l\", \"c\", \"x\"], [\"l\", \"y\", \"n\", \"p\", \"r\", \"y\", \"l\", \"s\", \"a\", \"u\"], [\"b\", \"z\", \"u\", \"x\", \"f\", \"w\", \"i\", \"o\", \"b\", \"z\"], [\"m\", \"l\", \"m\", \"j\", \"b\", \"h\", \"P\", \"h\", \"y\", \"v\"]]", "posiciones": "[\"6964\", \"5606\", \"5404\", \"9030\"]"}, "model": "dinamicasapp.tablerosopa", "pk": 4}, {"fields": {"promopk": 21, "matrix": "[[\"u\", \"n\", \"d\", \"e\", \"t\", \"s\", \"e\", \"l\", \"e\", \"C\"], [\"c\", \"f\", \"t\", \"n\", \"u\", \"i\", \"b\", \"b\", \"w\", \"h\"], [\"u\", \"g\", \"z\", \"v\", \"b\", \"f\", \"z\", \"y\", \"m\", \"v\"], [\"e\", \"n\", \"k\", \"M\", \"t\", \"v\", \"k\", \"y\", \"r\", \"e\"], [\"e\", \"c\", \"b\", \"a\", \"u\", \"q\", \"h\", \"b\", \"o\", \"b\"], [\"r\", \"g\", \"o\", \"q\", \"f\", \"k\", \"n\", \"g\", \"m\", \"b\"], [\"b\", \"n\", \"l\", \"u\", \"p\", \"d\", \"o\", \"b\", \"c\", \"l\"], [\"e\", \"q\", \"u\", \"i\", \"a\", \"b\", \"t\", \"h\", \"w\", \"w\"], [\"i\", \"x\", \"z\", \"n\", \"f\", \"j\", \"o\", \"a\", \"c\", \"m\"], [\"L\", \"b\", \"A\", \"a\", \"s\", \"o\", \"l\", \"y\", \"t\", \"q\"]]", "posiciones": "[\"3339\", \"9030\", \"0904\", \"2926\"]"}, "model": "dinamicasapp.tablerosopa", "pk": 5}, {"fields": {"promopk": 23, "matrix": "[[\"v\", \"Z\", \"a\", \"c\", \"a\", \"t\", \"e\", \"p\", \"e\", \"c\"], [\"m\", \"t\", \"z\", \"l\", \"z\", \"p\", \"g\", \"u\", \"i\", \"l\"], [\"i\", \"b\", \"u\", \"o\", \"b\", \"i\", \"v\", \"n\", \"g\", \"u\"], [\"y\", \"o\", \"z\", \"r\", \"c\", \"r\", \"s\", \"C\", \"s\", \"n\"], [\"s\", \"e\", \"l\", \"l\", \"e\", \"r\", \"T\", \"a\", \"o\", \"o\"], [\"x\", \"h\", \"a\", \"d\", \"t\", \"g\", \"x\", \"\\u00f1\", \"l\", \"j\"], [\"h\", \"j\", \"m\", \"p\", \"f\", \"f\", \"g\", \"e\", \"e\", \"d\"], [\"n\", \"p\", \"c\", \"d\", \"m\", \"v\", \"b\", \"r\", \"r\", \"z\"], [\"b\", \"y\", \"k\", \"n\", \"m\", \"j\", \"n\", \"o\", \"o\", \"m\"], [\"k\", \"u\", \"s\", \"l\", \"c\", \"a\", \"l\", \"s\", \"M\", \"o\"]]", "posiciones": "[\"7379\", \"6404\", \"8983\", \"1090\"]"}, "model": "dinamicasapp.tablerosopa", "pk": 6}, {"fields": {"orden": 1, "owners": 2, "imagen": "static/media/promocion/crop_3.jpeg", "pregunta": "\u00bfEn d\u00f3nde naci\u00f3 el cantante Lenny Kravitz?"}, "model": "dinamicasapp.pregunta", "pk": 3}, {"fields": {"orden": 1, "owners": 2, "imagen": "static/media/promocion/crop_4.jpeg", "pregunta": "\u00bfEn qu\u00e9 famosa saga actu\u00f3?"}, "model": "dinamicasapp.pregunta", "pk": 4}, {"fields": {"orden": 1, "owners": 2, "imagen": "static/media/promocion/crop_5.jpeg", "pregunta": "\u00bfCu\u00e1l es el nombre de su \u00e1lbum m\u00e1s reciente?"}, "model": "dinamicasapp.pregunta", "pk": 5}, {"fields": {"orden": 1, "owners": 2, "imagen": "static/media/promocion/crop_6.jpeg", "pregunta": "\u00bfEn qu\u00e9 ciudades de M\u00e9xico presentar\u00e1 su nuevo tour?"}, "model": "dinamicasapp.pregunta", "pk": 6}, {"fields": {"orden": 1, "owners": 2, "imagen": "static/media/promocion/crop_7.jpeg", "pregunta": "\u00bfCu\u00e1ntos Grammys ha ganado Lenny Kravitz a lo largo de su carrera musical?"}, "model": "dinamicasapp.pregunta", "pk": 7}, {"fields": {"orden": 1, "owners": 2, "imagen": "static/media/promocion/crop_8.jpeg", "pregunta": "\u00bfEn qu\u00e9 a\u00f1o lanz\u00f3 su canci\u00f3n Fly Away?"}, "model": "dinamicasapp.pregunta", "pk": 8}, {"fields": {"orden": 1, "owners": 4, "imagen": "static/media/promocion/crop_21.jpeg", "pregunta": "\u00bfCu\u00e1l de estas marcas no compite actualmente en NASCAR Peak?"}, "model": "dinamicasapp.pregunta", "pk": 21}, {"fields": {"orden": 1, "owners": 4, "imagen": "static/media/promocion/crop_22.jpeg", "pregunta": "\u00bfQui\u00e9n es el actual piloto campe\u00f3n de la NASCAR Peak?"}, "model": "dinamicasapp.pregunta", "pk": 22}, {"fields": {"orden": 1, "owners": 4, "imagen": "static/media/promocion/crop_23.jpeg", "pregunta": "\u00bfQui\u00e9n es el \u00fanico piloto que ha conseguido ser tres veces campe\u00f3n?"}, "model": "dinamicasapp.pregunta", "pk": 23}, {"fields": {"orden": 1, "owners": 4, "imagen": "static/media/promocion/crop_24.jpeg", "pregunta": "\u00bfQui\u00e9n fue Rookie del a\u00f1o en el 2014?"}, "model": "dinamicasapp.pregunta", "pk": 24}, {"fields": {"orden": 1, "owners": 4, "imagen": "static/media/promocion/crop_25.jpeg", "pregunta": "\u00bfCu\u00e1l es la pista con m\u00e1s carreras en la historia de NASCAR Peak M\u00e9xico?"}, "model": "dinamicasapp.pregunta", "pk": 25}, {"fields": {"orden": 1, "owners": 10, "imagen": "static/media/promocion/crop_32.jpeg", "pregunta": "\u00bfEn qu\u00e9 a\u00f1o se realiz\u00f3 el primer campeonato de F4 M\u00e9xico?"}, "model": "dinamicasapp.pregunta", "pk": 32}, {"fields": {"orden": 1, "owners": 10, "imagen": "static/media/promocion/crop_33.jpeg", "pregunta": "\u00bfCu\u00e1l es el precio m\u00e1ximo estipulado para un motor de F4?"}, "model": "dinamicasapp.pregunta", "pk": 33}, {"fields": {"orden": 1, "owners": 10, "imagen": "static/media/promocion/crop_34.jpeg", "pregunta": "\u00bfEn d\u00f3nde se celebr\u00f3 en Marzo la fecha 3 de F4?"}, "model": "dinamicasapp.pregunta", "pk": 34}, {"fields": {"orden": 1, "owners": 10, "imagen": "static/media/promocion/crop_35_xKiG2AI.jpeg", "pregunta": "\u00bfCu\u00e1l es la edad m\u00ednima para participar en F4?"}, "model": "dinamicasapp.pregunta", "pk": 35}, {"fields": {"orden": 1, "owners": 14, "imagen": "static/media/promocion/crop_36_EUTXAA6.jpeg", "pregunta": "\u00bfEn qu\u00e9 ciudad naci\u00f3 Paty Cant\u00fa"}, "model": "dinamicasapp.pregunta", "pk": 36}, {"fields": {"orden": 1, "owners": 14, "imagen": "static/media/promocion/crop_37.jpeg", "pregunta": "Antes de convertirse en solista, \u00bfen qu\u00e9 agrupaci\u00f3n cantaba Paty Cant\u00fa?"}, "model": "dinamicasapp.pregunta", "pk": 37}, {"fields": {"orden": 1, "owners": 14, "imagen": "static/media/promocion/crop_38.jpeg", "pregunta": "\u00bfC\u00f3mo se llam\u00f3 su primer \u00e1lbum como solista?"}, "model": "dinamicasapp.pregunta", "pk": 38}, {"fields": {"orden": 1, "owners": 14, "imagen": "static/media/promocion/crop_39.jpeg", "pregunta": "\u00bfEn qu\u00e9 pel\u00edcula particip\u00f3 doblando la voz de un personaje?"}, "model": "dinamicasapp.pregunta", "pk": 39}, {"fields": {"orden": 1, "owners": 14, "imagen": "static/media/promocion/crop_40.jpeg", "pregunta": "\u00bfCu\u00e1l de estas canciones NO es de Paty Cant\u00fa?"}, "model": "dinamicasapp.pregunta", "pk": 40}, {"fields": {"orden": 1, "owners": 15, "imagen": "static/media/promocion/crop_41.jpeg", "pregunta": "\u00bfDe d\u00f3nde son originarios los integrantes de Morat?"}, "model": "dinamicasapp.pregunta", "pk": 41}, {"fields": {"orden": 1, "owners": 15, "imagen": "static/media/promocion/crop_42.jpeg", "pregunta": "\u00bfCon qu\u00e9 cantante mexicana colaboraron para la canci\u00f3n \u201cMi nuevo vicio\u201d?"}, "model": "dinamicasapp.pregunta", "pk": 42}, {"fields": {"orden": 1, "owners": 15, "imagen": "static/media/promocion/crop_43.jpeg", "pregunta": "\u00bfCu\u00e1l es el nombre del primer \u00e1lbum de esta agrupaci\u00f3n musical?"}, "model": "dinamicasapp.pregunta", "pk": 43}, {"fields": {"orden": 1, "owners": 15, "imagen": "static/media/promocion/crop_44.jpeg", "pregunta": "\u00bfPara cu\u00e1l de sus canciones colaboraron con Juanes?"}, "model": "dinamicasapp.pregunta", "pk": 44}, {"fields": {"orden": 1, "owners": 15, "imagen": "static/media/promocion/crop_45.jpeg", "pregunta": "\u00bfCu\u00e1les son los nombres de los integrantes de Morat?"}, "model": "dinamicasapp.pregunta", "pk": 45}, {"fields": {"orden": 1, "owners": 17, "imagen": "", "pregunta": "\u00bfCon qu\u00e9 otro artista era comparado en sus inicios Sa\u00fal Hern\u00e1ndez debido a su look?"}, "model": "dinamicasapp.pregunta", "pk": 50}, {"fields": {"orden": 1, "owners": 26, "imagen": "", "pregunta": "\u00bfPregunta?"}, "model": "dinamicasapp.pregunta", "pk": 52}, {"fields": {"orden": 1, "owners": 26, "imagen": "", "pregunta": "\u00bfPregunta?"}, "model": "dinamicasapp.pregunta", "pk": 53}, {"fields": {"orden": 1, "owners": 26, "imagen": "", "pregunta": "\u00bfPregunta?"}, "model": "dinamicasapp.pregunta", "pk": 54}, {"fields": {"orden": 3, "owners": 26, "imagen": "", "pregunta": "\u00bfPregunta?"}, "model": "dinamicasapp.pregunta", "pk": 55}, {"fields": {"orden": 4, "owners": 26, "imagen": "", "pregunta": "\u00bfPregunta?"}, "model": "dinamicasapp.pregunta", "pk": 56}, {"fields": {"orden": 1, "owners": 24, "imagen": "", "pregunta": "\u00bfPregunta?"}, "model": "dinamicasapp.pregunta", "pk": 57}, {"fields": {"orden": 1, "owners": 24, "imagen": "", "pregunta": "\u00bfPregunta?"}, "model": "dinamicasapp.pregunta", "pk": 58}, {"fields": {"orden": 2, "owners": 24, "imagen": "", "pregunta": "\u00bfPregunta?"}, "model": "dinamicasapp.pregunta", "pk": 59}, {"fields": {"orden": 3, "owners": 24, "imagen": "", "pregunta": "\u00bfPregunta?"}, "model": "dinamicasapp.pregunta", "pk": 60}, {"fields": {"orden": 4, "owners": 24, "imagen": "", "pregunta": "\u00bfPregunta?"}, "model": "dinamicasapp.pregunta", "pk": 61}, {"fields": {"orden": 1, "owners": 20, "imagen": "static/media/promocion/crop_62.jpeg", "pregunta": "\u00bfCu\u00e1l es la posici\u00f3n que ocupa Oscar Bernal en el campo?"}, "model": "dinamicasapp.pregunta", "pk": 62}, {"fields": {"orden": 1, "owners": 20, "imagen": "static/media/promocion/crop_63.jpeg", "pregunta": "\u00bfQui\u00e9n de estos porteros lleg\u00f3 a formar parte de la alineaci\u00f3n de Santos Laguna?"}, "model": "dinamicasapp.pregunta", "pk": 63}, {"fields": {"orden": 1, "owners": 20, "imagen": "static/media/promocion/crop_64.jpeg", "pregunta": "\u00bfQu\u00e9 ciudad es la sede del Club Santos Laguna?"}, "model": "dinamicasapp.pregunta", "pk": 64}, {"fields": {"orden": 1, "owners": 20, "imagen": "static/media/promocion/crop_65.jpeg", "pregunta": "\u00bfCu\u00e1l ha sido el m\u00e1ximo goleador de Santos?"}, "model": "dinamicasapp.pregunta", "pk": 65}, {"fields": {"orden": 1, "owners": 20, "imagen": "static/media/promocion/crop_66.jpeg", "pregunta": "\u00bfCu\u00e1ntas veces ha sido campe\u00f3n Santos del campeonato de liga de la  Primera Divisi\u00f3n del f\u00fatbol mexicano?"}, "model": "dinamicasapp.pregunta", "pk": 66}, {"fields": {"orden": 1, "owners": 19, "imagen": "static/media/promocion/crop_67.jpeg", "pregunta": "\u00bfEn qu\u00e9 per\u00edodo fue entrenador de este club Javier Aguirre?"}, "model": "dinamicasapp.pregunta", "pk": 67}, {"fields": {"orden": 1, "owners": 19, "imagen": "static/media/promocion/crop_68.jpeg", "pregunta": "\u00bfCu\u00e1ntas veces ha ganado la Liga de Campeones Concacaf?"}, "model": "dinamicasapp.pregunta", "pk": 68}, {"fields": {"orden": 1, "owners": 19, "imagen": "static/media/promocion/crop_69.jpeg", "pregunta": "\u00bfCu\u00e1l es el apodo del defensa Joaqu\u00edn Mart\u00ednez?"}, "model": "dinamicasapp.pregunta", "pk": 69}, {"fields": {"orden": 1, "owners": 19, "imagen": "static/media/promocion/crop_70.jpeg", "pregunta": "\u00bfQui\u00e9n de estos jugadores es el actual portero de Pachuca?"}, "model": "dinamicasapp.pregunta", "pk": 70}, {"fields": {"orden": 1, "owners": 19, "imagen": "static/media/promocion/crop_71.jpeg", "pregunta": "\u00bfEn qu\u00e9 a\u00f1o fue fundado el Estadio Hidalgo?"}, "model": "dinamicasapp.pregunta", "pk": 71}, {"fields": {"orden": 1, "owners": 22, "imagen": "static/media/promocion/crop_72.jpeg", "pregunta": "\u00bfQui\u00e9n es el actual director t\u00e9cnico de los Pumas?"}, "model": "dinamicasapp.pregunta", "pk": 72}, {"fields": {"orden": 1, "owners": 22, "imagen": "static/media/promocion/crop_73.jpeg", "pregunta": "\u00bfQu\u00e9 actual comentarista deportivo form\u00f3 parte de este club?"}, "model": "dinamicasapp.pregunta", "pk": 73}, {"fields": {"orden": 1, "owners": 22, "imagen": "static/media/promocion/crop_74.jpeg", "pregunta": "\u00bfEn qu\u00e9 a\u00f1o consiguieron los Pumas su primer t\u00edtulo de liga?"}, "model": "dinamicasapp.pregunta", "pk": 74}, {"fields": {"orden": 1, "owners": 22, "imagen": "static/media/promocion/crop_75.jpeg", "pregunta": "Despu\u00e9s de estar en los Pumas \u00bfen cu\u00e1l de estos equipos europeos jug\u00f3 Hugo S\u00e1nchez?"}, "model": "dinamicasapp.pregunta", "pk": 75}, {"fields": {"orden": 1, "owners": 22, "imagen": "static/media/promocion/crop_76.jpeg", "pregunta": "\u00bfEn qu\u00e9 a\u00f1o fue inaugurado el Estadio Ol\u00edmpico Universitario?"}, "model": "dinamicasapp.pregunta", "pk": 76}, {"fields": {"orden": 1, "owners": 25, "imagen": "static/media/promocion/crop_77.jpeg", "pregunta": "\u00bfQui\u00e9nes de estos jugadores son delanteros de Tigres?"}, "model": "dinamicasapp.pregunta", "pk": 77}, {"fields": {"orden": 1, "owners": 25, "imagen": "static/media/promocion/crop_78.jpeg", "pregunta": "\u00bfCu\u00e1ntas veces ha ganado la Copa MX?"}, "model": "dinamicasapp.pregunta", "pk": 78}, {"fields": {"orden": 1, "owners": 25, "imagen": "static/media/promocion/crop_79.jpeg", "pregunta": "\u00bfCu\u00e1ndo gan\u00f3 por \u00faltima vez el campeonato de liga de la Primera Divisi\u00f3n?"}, "model": "dinamicasapp.pregunta", "pk": 79}, {"fields": {"orden": 1, "owners": 25, "imagen": "static/media/promocion/crop_80.jpeg", "pregunta": "\u00bfEn qu\u00e9 a\u00f1o ascendieron a primera divisi\u00f3n?"}, "model": "dinamicasapp.pregunta", "pk": 80}, {"fields": {"orden": 1, "owners": 25, "imagen": "", "pregunta": "\u00bfQui\u00e9n anot\u00f3 el gol m\u00e1s r\u00e1pido en la historia de Tigres?"}, "model": "dinamicasapp.pregunta", "pk": 81}, {"fields": {"tiempo": null, "imagen_uno": "", "description": "null", "promopk": 22, "imagen_dos": "", "palabra": "njjjjjj"}, "model": "dinamicasapp.dinpalabra", "pk": 14}, {"fields": {"tiempo": null, "imagen_uno": "", "description": "null", "promopk": 22, "imagen_dos": "", "palabra": "vgffff"}, "model": "dinamicasapp.dinpalabra", "pk": 16}, {"fields": {"tiempo": null, "imagen_uno": "", "description": "null", "promopk": 22, "imagen_dos": "", "palabra": "bhgggg"}, "model": "dinamicasapp.dinpalabra", "pk": 17}, {"fields": {"tiempo": null, "imagen_uno": "", "description": "null", "promopk": 22, "imagen_dos": "", "palabra": "bgccffcf"}, "model": "dinamicasapp.dinpalabra", "pk": 18}, {"fields": {"tiempo": null, "imagen_uno": "", "description": "null", "promopk": 18, "imagen_dos": "", "palabra": "caifanes"}, "model": "dinamicasapp.dinpalabra", "pk": 19}, {"fields": {"tiempo": null, "imagen_uno": "", "description": "null", "promopk": 18, "imagen_dos": "", "palabra": "jaguares"}, "model": "dinamicasapp.dinpalabra", "pk": 20}, {"fields": {"tiempo": null, "imagen_uno": "", "description": "null", "promopk": 18, "imagen_dos": "", "palabra": "musica"}, "model": "dinamicasapp.dinpalabra", "pk": 21}, {"fields": {"tiempo": null, "imagen_uno": "", "description": "null", "promopk": 18, "imagen_dos": "", "palabra": "presente"}, "model": "dinamicasapp.dinpalabra", "pk": 22}, {"fields": {"tiempo": null, "imagen_uno": "", "description": "null", "promopk": 25, "imagen_dos": "", "palabra": "tuca"}, "model": "dinamicasapp.dinpalabra", "pk": 25}, {"fields": {"tiempo": null, "imagen_uno": "", "description": "null", "promopk": 25, "imagen_dos": "", "palabra": "tigre"}, "model": "dinamicasapp.dinpalabra", "pk": 26}, {"fields": {"tiempo": null, "imagen_uno": "", "description": "null", "promopk": 25, "imagen_dos": "", "palabra": "campeon"}, "model": "dinamicasapp.dinpalabra", "pk": 27}, {"fields": {"tiempo": null, "imagen_uno": "", "description": "null", "promopk": 25, "imagen_dos": "", "palabra": "estadio"}, "model": "dinamicasapp.dinpalabra", "pk": 28}, {"fields": {"tiempo": null, "imagen_uno": "", "description": "null", "promopk": 53, "imagen_dos": "", "palabra": ""}, "model": "dinamicasapp.dinpalabra", "pk": 29}, {"fields": {"tiempo": null, "imagen_uno": "", "description": "null", "promopk": 26, "imagen_dos": "", "palabra": "NASCAR"}, "model": "dinamicasapp.dinpalabra", "pk": 30}, {"fields": {"tiempo": null, "imagen_uno": "", "description": "null", "promopk": 26, "imagen_dos": "", "palabra": "Puebla"}, "model": "dinamicasapp.dinpalabra", "pk": 31}, {"fields": {"tiempo": null, "imagen_uno": "", "description": "null", "promopk": 26, "imagen_dos": "", "palabra": "Abraham"}, "model": "dinamicasapp.dinpalabra", "pk": 32}, {"fields": {"tiempo": null, "imagen_uno": "", "description": "null", "promopk": 26, "imagen_dos": "", "palabra": "Piloto"}, "model": "dinamicasapp.dinpalabra", "pk": 33}, {"fields": {"tiempo": null, "imagen_uno": "", "description": "null", "promopk": 21, "imagen_dos": "", "palabra": "Maquina"}, "model": "dinamicasapp.dinpalabra", "pk": 34}, {"fields": {"tiempo": null, "imagen_uno": "", "description": "null", "promopk": 21, "imagen_dos": "", "palabra": "Celeste"}, "model": "dinamicasapp.dinpalabra", "pk": 35}, {"fields": {"tiempo": null, "imagen_uno": "", "description": "null", "promopk": 21, "imagen_dos": "", "palabra": "Liebre"}, "model": "dinamicasapp.dinpalabra", "pk": 36}, {"fields": {"tiempo": null, "imagen_uno": "", "description": "null", "promopk": 21, "imagen_dos": "", "palabra": "Azul"}, "model": "dinamicasapp.dinpalabra", "pk": 37}, {"fields": {"tiempo": null, "imagen_uno": "", "description": "null", "promopk": 23, "imagen_dos": "", "palabra": "Ca\u00f1eros"}, "model": "dinamicasapp.dinpalabra", "pk": 38}, {"fields": {"tiempo": null, "imagen_uno": "", "description": "null", "promopk": 23, "imagen_dos": "", "palabra": "Trelles"}, "model": "dinamicasapp.dinpalabra", "pk": 39}, {"fields": {"tiempo": null, "imagen_uno": "", "description": "null", "promopk": 23, "imagen_dos": "", "palabra": "Morelos"}, "model": "dinamicasapp.dinpalabra", "pk": 40}, {"fields": {"tiempo": null, "imagen_uno": "", "description": "null", "promopk": 23, "imagen_dos": "", "palabra": "Zacatepec"}, "model": "dinamicasapp.dinpalabra", "pk": 41}, {"fields": {"resp": "1998", "cor": "True", "indice": "A", "pregunta": 8}, "model": "dinamicasapp.respuesta", "pk": 34}, {"fields": {"resp": "2002", "cor": "False", "indice": "B", "pregunta": 8}, "model": "dinamicasapp.respuesta", "pk": 35}, {"fields": {"resp": "2000", "cor": "False", "indice": "C", "pregunta": 8}, "model": "dinamicasapp.respuesta", "pk": 36}, {"fields": {"resp": "Cinco", "cor": "False", "indice": "A", "pregunta": 7}, "model": "dinamicasapp.respuesta", "pk": 37}, {"fields": {"resp": "Ninguno", "cor": "False", "indice": "B", "pregunta": 7}, "model": "dinamicasapp.respuesta", "pk": 38}, {"fields": {"resp": "Cuatro", "cor": "True", "indice": "C", "pregunta": 7}, "model": "dinamicasapp.respuesta", "pk": 39}, {"fields": {"resp": "Ciudad de M\u00e9xico, Guadalajara y Monterrey", "cor": "True", "indice": "A", "pregunta": 6}, "model": "dinamicasapp.respuesta", "pk": 40}, {"fields": {"resp": "Monterrey y Guadalajara", "cor": "False", "indice": "B", "pregunta": 6}, "model": "dinamicasapp.respuesta", "pk": 41}, {"fields": {"resp": "Monterrey, Puebla y Ciudad de M\u00e9xico", "cor": "False", "indice": "C", "pregunta": 6}, "model": "dinamicasapp.respuesta", "pk": 42}, {"fields": {"resp": "Lenny", "cor": "False", "indice": "A", "pregunta": 5}, "model": "dinamicasapp.respuesta", "pk": 43}, {"fields": {"resp": "Raise Vibration", "cor": "True", "indice": "B", "pregunta": 5}, "model": "dinamicasapp.respuesta", "pk": 44}, {"fields": {"resp": "Crush", "cor": "False", "indice": "C", "pregunta": 5}, "model": "dinamicasapp.respuesta", "pk": 45}, {"fields": {"resp": "Harry Potter", "cor": "False", "indice": "A", "pregunta": 4}, "model": "dinamicasapp.respuesta", "pk": 46}, {"fields": {"resp": "Hunger Games", "cor": "True", "indice": "B", "pregunta": 4}, "model": "dinamicasapp.respuesta", "pk": 47}, {"fields": {"resp": "Divergente", "cor": "False", "indice": "C", "pregunta": 4}, "model": "dinamicasapp.respuesta", "pk": 48}, {"fields": {"resp": "Londres", "cor": "False", "indice": "A", "pregunta": 3}, "model": "dinamicasapp.respuesta", "pk": 52}, {"fields": {"resp": "Los \u00c1ngeles", "cor": "False", "indice": "B", "pregunta": 3}, "model": "dinamicasapp.respuesta", "pk": 53}, {"fields": {"resp": "Nueva York", "cor": "True", "indice": "C", "pregunta": 3}, "model": "dinamicasapp.respuesta", "pk": 54}, {"fields": {"resp": "Ford", "cor": "False", "indice": "A", "pregunta": 21}, "model": "dinamicasapp.respuesta", "pk": 211}, {"fields": {"resp": "Mazda", "cor": "False", "indice": "B", "pregunta": 21}, "model": "dinamicasapp.respuesta", "pk": 212}, {"fields": {"resp": "Honda", "cor": "True", "indice": "C", "pregunta": 21}, "model": "dinamicasapp.respuesta", "pk": 213}, {"fields": {"resp": "Abraham Calder\u00f3n", "cor": "True", "indice": "A", "pregunta": 22}, "model": "dinamicasapp.respuesta", "pk": 214}, {"fields": {"resp": "Rub\u00e9n Garc\u00eda, Jr.", "cor": "False", "indice": "B", "pregunta": 22}, "model": "dinamicasapp.respuesta", "pk": 215}, {"fields": {"resp": "Jimmy Morales", "cor": "False", "indice": "C", "pregunta": 22}, "model": "dinamicasapp.respuesta", "pk": 216}, {"fields": {"resp": "Rogelio L\u00f3pez", "cor": "False", "indice": "A", "pregunta": 23}, "model": "dinamicasapp.respuesta", "pk": 217}, {"fields": {"resp": "Germ\u00e1n Quiroga", "cor": "True", "indice": "B", "pregunta": 23}, "model": "dinamicasapp.respuesta", "pk": 218}, {"fields": {"resp": "Abraham Calder\u00f3n", "cor": "False", "indice": "C", "pregunta": 23}, "model": "dinamicasapp.respuesta", "pk": 219}, {"fields": {"resp": "Jimmy Morales", "cor": "False", "indice": "A", "pregunta": 24}, "model": "dinamicasapp.respuesta", "pk": 220}, {"fields": {"resp": "Santiago Tovar", "cor": "False", "indice": "B", "pregunta": 24}, "model": "dinamicasapp.respuesta", "pk": 221}, {"fields": {"resp": "Rodrigo Marban", "cor": "True", "indice": "C", "pregunta": 24}, "model": "dinamicasapp.respuesta", "pk": 222}, {"fields": {"resp": "Aut\u00f3dromo Hermanos Rodr\u00edguez", "cor": "False", "indice": "A", "pregunta": 25}, "model": "dinamicasapp.respuesta", "pk": 223}, {"fields": {"resp": "Aut\u00f3dromo Monterrey", "cor": "False", "indice": "B", "pregunta": 25}, "model": "dinamicasapp.respuesta", "pk": 224}, {"fields": {"resp": "Aut\u00f3dromo Potosino", "cor": "True", "indice": "C", "pregunta": 25}, "model": "dinamicasapp.respuesta", "pk": 225}, {"fields": {"resp": "2003", "cor": "False", "indice": "A", "pregunta": 32}, "model": "dinamicasapp.respuesta", "pk": 265}, {"fields": {"resp": "2013", "cor": "False", "indice": "B", "pregunta": 32}, "model": "dinamicasapp.respuesta", "pk": 266}, {"fields": {"resp": "2014", "cor": "True", "indice": "C", "pregunta": 32}, "model": "dinamicasapp.respuesta", "pk": 267}, {"fields": {"resp": "\u20ac10,000", "cor": "False", "indice": "A", "pregunta": 33}, "model": "dinamicasapp.respuesta", "pk": 268}, {"fields": {"resp": "8,500 USD", "cor": "False", "indice": "B", "pregunta": 33}, "model": "dinamicasapp.respuesta", "pk": 269}, {"fields": {"resp": "\u20ac9,500", "cor": "True", "indice": "C", "pregunta": 33}, "model": "dinamicasapp.respuesta", "pk": 270}, {"fields": {"resp": "15", "cor": "True", "indice": "A", "pregunta": 35}, "model": "dinamicasapp.respuesta", "pk": 271}, {"fields": {"resp": "16", "cor": "False", "indice": "B", "pregunta": 35}, "model": "dinamicasapp.respuesta", "pk": 272}, {"fields": {"resp": "17", "cor": "False", "indice": "C", "pregunta": 35}, "model": "dinamicasapp.respuesta", "pk": 273}, {"fields": {"resp": "Aguascalientes", "cor": "True", "indice": "A", "pregunta": 34}, "model": "dinamicasapp.respuesta", "pk": 274}, {"fields": {"resp": "Puebla", "cor": "False", "indice": "B", "pregunta": 34}, "model": "dinamicasapp.respuesta", "pk": 275}, {"fields": {"resp": "San Luis Potos\u00ed", "cor": "False", "indice": "C", "pregunta": 34}, "model": "dinamicasapp.respuesta", "pk": 276}, {"fields": {"resp": "Monterrey", "cor": "False", "indice": "A", "pregunta": 36}, "model": "dinamicasapp.respuesta", "pk": 310}, {"fields": {"resp": "Guadalajara", "cor": "True", "indice": "B", "pregunta": 36}, "model": "dinamicasapp.respuesta", "pk": 311}, {"fields": {"resp": "Ciudad de M\u00e9xico", "cor": "False", "indice": "C", "pregunta": 36}, "model": "dinamicasapp.respuesta", "pk": 312}, {"fields": {"resp": "Lu", "cor": "True", "indice": "A", "pregunta": 37}, "model": "dinamicasapp.respuesta", "pk": 313}, {"fields": {"resp": "RBD", "cor": "False", "indice": "B", "pregunta": 37}, "model": "dinamicasapp.respuesta", "pk": 314}, {"fields": {"resp": "Belanova", "cor": "False", "indice": "C", "pregunta": 37}, "model": "dinamicasapp.respuesta", "pk": 315}, {"fields": {"resp": "D\u00e9jame ir", "cor": "False", "indice": "A", "pregunta": 38}, "model": "dinamicasapp.respuesta", "pk": 316}, {"fields": {"resp": "Coraz\u00f3n bipolar", "cor": "False", "indice": "B", "pregunta": 38}, "model": "dinamicasapp.respuesta", "pk": 317}, {"fields": {"resp": "Me quedo sola", "cor": "True", "indice": "C", "pregunta": 38}, "model": "dinamicasapp.respuesta", "pk": 318}, {"fields": {"resp": "Toy Story", "cor": "False", "indice": "A", "pregunta": 39}, "model": "dinamicasapp.respuesta", "pk": 322}, {"fields": {"resp": "Pollitos en fuga", "cor": "False", "indice": "B", "pregunta": 39}, "model": "dinamicasapp.respuesta", "pk": 323}, {"fields": {"resp": "Los Pitufos", "cor": "True", "indice": "C", "pregunta": 39}, "model": "dinamicasapp.respuesta", "pk": 324}, {"fields": {"resp": "A quien t\u00fa decidiste amar", "cor": "True", "indice": "A", "pregunta": 40}, "model": "dinamicasapp.respuesta", "pk": 325}, {"fields": {"resp": "Quiero todo, quiero nada", "cor": "False", "indice": "B", "pregunta": 40}, "model": "dinamicasapp.respuesta", "pk": 326}, {"fields": {"resp": "Afortunadamente no eres t\u00fa", "cor": "False", "indice": "C", "pregunta": 40}, "model": "dinamicasapp.respuesta", "pk": 327}, {"fields": {"resp": "M\u00e9xico", "cor": "False", "indice": "A", "pregunta": 41}, "model": "dinamicasapp.respuesta", "pk": 361}, {"fields": {"resp": "Colombia", "cor": "True", "indice": "B", "pregunta": 41}, "model": "dinamicasapp.respuesta", "pk": 362}, {"fields": {"resp": "Venezuela", "cor": "False", "indice": "C", "pregunta": 41}, "model": "dinamicasapp.respuesta", "pk": 363}, {"fields": {"resp": "Yuri", "cor": "False", "indice": "A", "pregunta": 42}, "model": "dinamicasapp.respuesta", "pk": 364}, {"fields": {"resp": "Paulina Rubio", "cor": "True", "indice": "B", "pregunta": 42}, "model": "dinamicasapp.respuesta", "pk": 365}, {"fields": {"resp": "Thal\u00eda", "cor": "False", "indice": "C", "pregunta": 42}, "model": "dinamicasapp.respuesta", "pk": 366}, {"fields": {"resp": "Cama incendiada", "cor": "False", "indice": "A", "pregunta": 43}, "model": "dinamicasapp.respuesta", "pk": 367}, {"fields": {"resp": "Besos en guerra", "cor": "False", "indice": "B", "pregunta": 43}, "model": "dinamicasapp.respuesta", "pk": 368}, {"fields": {"resp": "Sobre el amor y sus efectos secundarios", "cor": "True", "indice": "C", "pregunta": 43}, "model": "dinamicasapp.respuesta", "pk": 369}, {"fields": {"resp": "Besos en guerra", "cor": "True", "indice": "A", "pregunta": 44}, "model": "dinamicasapp.respuesta", "pk": 370}, {"fields": {"resp": "Ya no est\u00e1s t\u00fa", "cor": "False", "indice": "B", "pregunta": 44}, "model": "dinamicasapp.respuesta", "pk": 371}, {"fields": {"resp": "Una vez m\u00e1s", "cor": "False", "indice": "C", "pregunta": 44}, "model": "dinamicasapp.respuesta", "pk": 372}, {"fields": {"resp": "Pablo, Juan, Alejandro y Francisco", "cor": "False", "indice": "A", "pregunta": 45}, "model": "dinamicasapp.respuesta", "pk": 373}, {"fields": {"resp": "Sim\u00f3n, Alejandro, Juan Pablo y Francisco", "cor": "False", "indice": "B", "pregunta": 45}, "model": "dinamicasapp.respuesta", "pk": 374}, {"fields": {"resp": "Juan Pablo, Sim\u00f3n, Mart\u00edn y Juan Pablo", "cor": "True", "indice": "C", "pregunta": 45}, "model": "dinamicasapp.respuesta", "pk": 375}, {"fields": {"resp": "John Lennon", "cor": "False", "indice": "A", "pregunta": 50}, "model": "dinamicasapp.respuesta", "pk": 412}, {"fields": {"resp": "Mick Jagger", "cor": "False", "indice": "B", "pregunta": 50}, "model": "dinamicasapp.respuesta", "pk": 413}, {"fields": {"resp": "Robert Smith", "cor": "True", "indice": "C", "pregunta": 50}, "model": "dinamicasapp.respuesta", "pk": 414}, {"fields": {"resp": "opci\u00f3n 1", "cor": "False", "indice": "A", "pregunta": 52}, "model": "dinamicasapp.respuesta", "pk": 421}, {"fields": {"resp": "opci\u00f3n 2", "cor": "True", "indice": "B", "pregunta": 52}, "model": "dinamicasapp.respuesta", "pk": 422}, {"fields": {"resp": "opci\u00f3n 3", "cor": "False", "indice": "C", "pregunta": 52}, "model": "dinamicasapp.respuesta", "pk": 423}, {"fields": {"resp": "opci\u00f3n 1", "cor": "True", "indice": "A", "pregunta": 53}, "model": "dinamicasapp.respuesta", "pk": 427}, {"fields": {"resp": "opci\u00f3n 2", "cor": "False", "indice": "B", "pregunta": 53}, "model": "dinamicasapp.respuesta", "pk": 428}, {"fields": {"resp": "opci\u00f3n 3", "cor": "False", "indice": "C", "pregunta": 53}, "model": "dinamicasapp.respuesta", "pk": 429}, {"fields": {"resp": "opci\u00f3n 1", "cor": "False", "indice": "A", "pregunta": 54}, "model": "dinamicasapp.respuesta", "pk": 433}, {"fields": {"resp": "opci\u00f3n 2", "cor": "True", "indice": "B", "pregunta": 54}, "model": "dinamicasapp.respuesta", "pk": 434}, {"fields": {"resp": "opci\u00f3n 3", "cor": "False", "indice": "C", "pregunta": 54}, "model": "dinamicasapp.respuesta", "pk": 435}, {"fields": {"resp": "opci\u00f3n 1", "cor": "False", "indice": "A", "pregunta": 55}, "model": "dinamicasapp.respuesta", "pk": 436}, {"fields": {"resp": "opci\u00f3n 2", "cor": "False", "indice": "B", "pregunta": 55}, "model": "dinamicasapp.respuesta", "pk": 437}, {"fields": {"resp": "opci\u00f3n 3", "cor": "False", "indice": "C", "pregunta": 55}, "model": "dinamicasapp.respuesta", "pk": 438}, {"fields": {"resp": "opci\u00f3n 1", "cor": "False", "indice": "A", "pregunta": 56}, "model": "dinamicasapp.respuesta", "pk": 439}, {"fields": {"resp": "opci\u00f3n 2", "cor": "False", "indice": "B", "pregunta": 56}, "model": "dinamicasapp.respuesta", "pk": 440}, {"fields": {"resp": "opci\u00f3n 3", "cor": "False", "indice": "C", "pregunta": 56}, "model": "dinamicasapp.respuesta", "pk": 441}, {"fields": {"resp": "opci\u00f3n 1", "cor": "True", "indice": "A", "pregunta": 57}, "model": "dinamicasapp.respuesta", "pk": 445}, {"fields": {"resp": "opci\u00f3n 2", "cor": "False", "indice": "B", "pregunta": 57}, "model": "dinamicasapp.respuesta", "pk": 446}, {"fields": {"resp": "opci\u00f3n 3", "cor": "False", "indice": "C", "pregunta": 57}, "model": "dinamicasapp.respuesta", "pk": 447}, {"fields": {"resp": "opci\u00f3n 1", "cor": "False", "indice": "A", "pregunta": 58}, "model": "dinamicasapp.respuesta", "pk": 448}, {"fields": {"resp": "opci\u00f3n 2", "cor": "False", "indice": "B", "pregunta": 58}, "model": "dinamicasapp.respuesta", "pk": 449}, {"fields": {"resp": "opci\u00f3n 3", "cor": "False", "indice": "C", "pregunta": 58}, "model": "dinamicasapp.respuesta", "pk": 450}, {"fields": {"resp": "opci\u00f3n 1", "cor": "False", "indice": "A", "pregunta": 59}, "model": "dinamicasapp.respuesta", "pk": 451}, {"fields": {"resp": "opci\u00f3n 2", "cor": "False", "indice": "B", "pregunta": 59}, "model": "dinamicasapp.respuesta", "pk": 452}, {"fields": {"resp": "opci\u00f3n 3", "cor": "False", "indice": "C", "pregunta": 59}, "model": "dinamicasapp.respuesta", "pk": 453}, {"fields": {"resp": "opci\u00f3n 1", "cor": "False", "indice": "A", "pregunta": 60}, "model": "dinamicasapp.respuesta", "pk": 454}, {"fields": {"resp": "opci\u00f3n 2", "cor": "False", "indice": "B", "pregunta": 60}, "model": "dinamicasapp.respuesta", "pk": 455}, {"fields": {"resp": "opci\u00f3n 3", "cor": "False", "indice": "C", "pregunta": 60}, "model": "dinamicasapp.respuesta", "pk": 456}, {"fields": {"resp": "opci\u00f3n 1", "cor": "False", "indice": "A", "pregunta": 61}, "model": "dinamicasapp.respuesta", "pk": 457}, {"fields": {"resp": "opci\u00f3n 2", "cor": "False", "indice": "B", "pregunta": 61}, "model": "dinamicasapp.respuesta", "pk": 458}, {"fields": {"resp": "opci\u00f3n 3", "cor": "False", "indice": "C", "pregunta": 61}, "model": "dinamicasapp.respuesta", "pk": 459}, {"fields": {"resp": "Portero", "cor": "False", "indice": "A", "pregunta": 62}, "model": "dinamicasapp.respuesta", "pk": 493}, {"fields": {"resp": "Defensa", "cor": "True", "indice": "B", "pregunta": 62}, "model": "dinamicasapp.respuesta", "pk": 494}, {"fields": {"resp": "Delantero", "cor": "False", "indice": "C", "pregunta": 62}, "model": "dinamicasapp.respuesta", "pk": 495}, {"fields": {"resp": "Jorge Campos", "cor": "False", "indice": "A", "pregunta": 63}, "model": "dinamicasapp.respuesta", "pk": 496}, {"fields": {"resp": "Oswaldo S\u00e1nchez", "cor": "True", "indice": "B", "pregunta": 63}, "model": "dinamicasapp.respuesta", "pk": 497}, {"fields": {"resp": "Guillermo Ochoa", "cor": "False", "indice": "C", "pregunta": 63}, "model": "dinamicasapp.respuesta", "pk": 498}, {"fields": {"resp": "Torre\u00f3n", "cor": "True", "indice": "A", "pregunta": 64}, "model": "dinamicasapp.respuesta", "pk": 499}, {"fields": {"resp": "Veracruz", "cor": "False", "indice": "B", "pregunta": 64}, "model": "dinamicasapp.respuesta", "pk": 500}, {"fields": {"resp": "Guanajuato", "cor": "False", "indice": "C", "pregunta": 64}, "model": "dinamicasapp.respuesta", "pk": 501}, {"fields": {"resp": "Oribe Perlata", "cor": "False", "indice": "A", "pregunta": 65}, "model": "dinamicasapp.respuesta", "pk": 502}, {"fields": {"resp": "Oscar Bernal", "cor": "False", "indice": "B", "pregunta": 65}, "model": "dinamicasapp.respuesta", "pk": 503}, {"fields": {"resp": "Jared Borgetti", "cor": "True", "indice": "C", "pregunta": 65}, "model": "dinamicasapp.respuesta", "pk": 504}, {"fields": {"resp": "Dos", "cor": "False", "indice": "A", "pregunta": 66}, "model": "dinamicasapp.respuesta", "pk": 505}, {"fields": {"resp": "Cinco", "cor": "False", "indice": "B", "pregunta": 66}, "model": "dinamicasapp.respuesta", "pk": 506}, {"fields": {"resp": "Seis", "cor": "True", "indice": "C", "pregunta": 66}, "model": "dinamicasapp.respuesta", "pk": 507}, {"fields": {"resp": "Dos", "cor": "False", "indice": "A", "pregunta": 68}, "model": "dinamicasapp.respuesta", "pk": 550}, {"fields": {"resp": "Cuatro", "cor": "False", "indice": "B", "pregunta": 68}, "model": "dinamicasapp.respuesta", "pk": 551}, {"fields": {"resp": "Cinco", "cor": "True", "indice": "C", "pregunta": 68}, "model": "dinamicasapp.respuesta", "pk": 552}, {"fields": {"resp": "1998 - 2001", "cor": "True", "indice": "A", "pregunta": 67}, "model": "dinamicasapp.respuesta", "pk": 553}, {"fields": {"resp": "2008 - 2009", "cor": "False", "indice": "B", "pregunta": 67}, "model": "dinamicasapp.respuesta", "pk": 554}, {"fields": {"resp": "2002 - 2006", "cor": "False", "indice": "C", "pregunta": 67}, "model": "dinamicasapp.respuesta", "pk": 555}, {"fields": {"resp": "Alfredo Talavera", "cor": "False", "indice": "A", "pregunta": 70}, "model": "dinamicasapp.respuesta", "pk": 556}, {"fields": {"resp": "Guillermo Ochoa", "cor": "False", "indice": "B", "pregunta": 70}, "model": "dinamicasapp.respuesta", "pk": 557}, {"fields": {"resp": "Oscar P\u00e9rez", "cor": "True", "indice": "C", "pregunta": 70}, "model": "dinamicasapp.respuesta", "pk": 558}, {"fields": {"resp": "1993", "cor": "True", "indice": "A", "pregunta": 71}, "model": "dinamicasapp.respuesta", "pk": 559}, {"fields": {"resp": "1992", "cor": "False", "indice": "B", "pregunta": 71}, "model": "dinamicasapp.respuesta", "pk": 560}, {"fields": {"resp": "1998", "cor": "False", "indice": "C", "pregunta": 71}, "model": "dinamicasapp.respuesta", "pk": 561}, {"fields": {"resp": "Hermoso", "cor": "False", "indice": "A", "pregunta": 69}, "model": "dinamicasapp.respuesta", "pk": 562}, {"fields": {"resp": "Shaggy", "cor": "True", "indice": "B", "pregunta": 69}, "model": "dinamicasapp.respuesta", "pk": 563}, {"fields": {"resp": "Tuc\u00e1n", "cor": "False", "indice": "C", "pregunta": 69}, "model": "dinamicasapp.respuesta", "pk": 564}, {"fields": {"resp": "David Pati\u00f1o Oviedo", "cor": "True", "indice": "A", "pregunta": 72}, "model": "dinamicasapp.respuesta", "pk": 568}, {"fields": {"resp": "Jos\u00e9 Ram\u00f3n Fern\u00e1ndez", "cor": "False", "indice": "B", "pregunta": 72}, "model": "dinamicasapp.respuesta", "pk": 569}, {"fields": {"resp": "Hugo S\u00e1nchez", "cor": "False", "indice": "C", "pregunta": 72}, "model": "dinamicasapp.respuesta", "pk": 570}, {"fields": {"resp": "Luis Garc\u00eda", "cor": "True", "indice": "A", "pregunta": 73}, "model": "dinamicasapp.respuesta", "pk": 574}, {"fields": {"resp": "Christian Martinoli", "cor": "False", "indice": "B", "pregunta": 73}, "model": "dinamicasapp.respuesta", "pk": 575}, {"fields": {"resp": "Jos\u00e9 Ram\u00f3n Fern\u00e1ndez", "cor": "False", "indice": "C", "pregunta": 73}, "model": "dinamicasapp.respuesta", "pk": 576}, {"fields": {"resp": "1975", "cor": "False", "indice": "A", "pregunta": 74}, "model": "dinamicasapp.respuesta", "pk": 580}, {"fields": {"resp": "1977", "cor": "True", "indice": "B", "pregunta": 74}, "model": "dinamicasapp.respuesta", "pk": 581}, {"fields": {"resp": "1980", "cor": "False", "indice": "C", "pregunta": 74}, "model": "dinamicasapp.respuesta", "pk": 582}, {"fields": {"resp": "Manchester United", "cor": "False", "indice": "A", "pregunta": 75}, "model": "dinamicasapp.respuesta", "pk": 586}, {"fields": {"resp": "Inter de Mil\u00e1n", "cor": "False", "indice": "B", "pregunta": 75}, "model": "dinamicasapp.respuesta", "pk": 587}, {"fields": {"resp": "Real Madrid", "cor": "True", "indice": "C", "pregunta": 75}, "model": "dinamicasapp.respuesta", "pk": 588}, {"fields": {"resp": "1968", "cor": "False", "indice": "A", "pregunta": 76}, "model": "dinamicasapp.respuesta", "pk": 592}, {"fields": {"resp": "1954", "cor": "False", "indice": "B", "pregunta": 76}, "model": "dinamicasapp.respuesta", "pk": 593}, {"fields": {"resp": "1952", "cor": "True", "indice": "C", "pregunta": 76}, "model": "dinamicasapp.respuesta", "pk": 594}, {"fields": {"resp": "Sergio Almaguer", "cor": "True", "indice": "A", "pregunta": 81}, "model": "dinamicasapp.respuesta", "pk": 634}, {"fields": {"resp": "Andr\u00e9-Pierre", "cor": "False", "indice": "B", "pregunta": 81}, "model": "dinamicasapp.respuesta", "pk": 635}, {"fields": {"resp": "Hugo Ayala", "cor": "False", "indice": "C", "pregunta": 81}, "model": "dinamicasapp.respuesta", "pk": 636}, {"fields": {"resp": "Luis Alfonso Rodr\u00edguez, Alberto Acosta", "cor": "False", "indice": "A", "pregunta": 77}, "model": "dinamicasapp.respuesta", "pk": 640}, {"fields": {"resp": "Hugo Ayala, Jorge Emmanuel Torres", "cor": "False", "indice": "B", "pregunta": 77}, "model": "dinamicasapp.respuesta", "pk": 641}, {"fields": {"resp": "Lucas Manuel, Andr\u00e9-Pierre Gignac", "cor": "True", "indice": "C", "pregunta": 77}, "model": "dinamicasapp.respuesta", "pk": 642}, {"fields": {"resp": "Ninguna", "cor": "False", "indice": "A", "pregunta": 78}, "model": "dinamicasapp.respuesta", "pk": 643}, {"fields": {"resp": "Dos", "cor": "False", "indice": "B", "pregunta": 78}, "model": "dinamicasapp.respuesta", "pk": 644}, {"fields": {"resp": "Tres", "cor": "True", "indice": "C", "pregunta": 78}, "model": "dinamicasapp.respuesta", "pk": 645}, {"fields": {"resp": "2017", "cor": "True", "indice": "A", "pregunta": 79}, "model": "dinamicasapp.respuesta", "pk": 646}, {"fields": {"resp": "2015", "cor": "False", "indice": "B", "pregunta": 79}, "model": "dinamicasapp.respuesta", "pk": 647}, {"fields": {"resp": "2016", "cor": "False", "indice": "C", "pregunta": 79}, "model": "dinamicasapp.respuesta", "pk": 648}, {"fields": {"resp": "1972", "cor": "False", "indice": "A", "pregunta": 80}, "model": "dinamicasapp.respuesta", "pk": 649}, {"fields": {"resp": "1973", "cor": "False", "indice": "B", "pregunta": 80}, "model": "dinamicasapp.respuesta", "pk": 650}, {"fields": {"resp": "1974", "cor": "True", "indice": "C", "pregunta": 80}, "model": "dinamicasapp.respuesta", "pk": 651}, {"fields": {"date_add": "2018-04-10T08:52:05.599Z", "parti": 4, "typo": "trivia", "pregunta": 20, "respuesta": 209}, "model": "dinamicasapp.resparticipacion", "pk": 1}, {"fields": {"date_add": "2018-04-10T08:52:05.602Z", "parti": 4, "typo": "trivia", "pregunta": 21, "respuesta": 213}, "model": "dinamicasapp.resparticipacion", "pk": 2}, {"fields": {"date_add": "2018-04-10T08:52:05.604Z", "parti": 4, "typo": "trivia", "pregunta": 22, "respuesta": 216}, "model": "dinamicasapp.resparticipacion", "pk": 3}, {"fields": {"date_add": "2018-04-10T08:52:05.606Z", "parti": 4, "typo": "trivia", "pregunta": 22, "respuesta": 216}, "model": "dinamicasapp.resparticipacion", "pk": 4}, {"fields": {"date_add": "2018-04-10T08:52:05.608Z", "parti": 4, "typo": "trivia", "pregunta": 23, "respuesta": 218}, "model": "dinamicasapp.resparticipacion", "pk": 5}, {"fields": {"date_add": "2018-04-10T08:52:05.611Z", "parti": 4, "typo": "trivia", "pregunta": 24, "respuesta": 221}, "model": "dinamicasapp.resparticipacion", "pk": 6}, {"fields": {"date_add": "2018-04-10T08:52:05.613Z", "parti": 4, "typo": "trivia", "pregunta": 25, "respuesta": 225}, "model": "dinamicasapp.resparticipacion", "pk": 7}, {"fields": {"date_add": "2018-04-10T09:03:14.805Z", "parti": 6, "typo": "trivia", "pregunta": 20, "respuesta": 208}, "model": "dinamicasapp.resparticipacion", "pk": 14}, {"fields": {"date_add": "2018-04-10T09:03:14.809Z", "parti": 6, "typo": "trivia", "pregunta": 21, "respuesta": 211}, "model": "dinamicasapp.resparticipacion", "pk": 15}, {"fields": {"date_add": "2018-04-10T09:03:14.813Z", "parti": 6, "typo": "trivia", "pregunta": 22, "respuesta": 214}, "model": "dinamicasapp.resparticipacion", "pk": 16}, {"fields": {"date_add": "2018-04-10T09:03:14.821Z", "parti": 6, "typo": "trivia", "pregunta": 23, "respuesta": 217}, "model": "dinamicasapp.resparticipacion", "pk": 17}, {"fields": {"date_add": "2018-04-10T09:03:14.825Z", "parti": 6, "typo": "trivia", "pregunta": 24, "respuesta": 220}, "model": "dinamicasapp.resparticipacion", "pk": 18}, {"fields": {"date_add": "2018-04-10T09:03:14.827Z", "parti": 6, "typo": "trivia", "pregunta": 25, "respuesta": 223}, "model": "dinamicasapp.resparticipacion", "pk": 19}, {"fields": {"date_add": "2018-04-10T09:09:50.910Z", "parti": 7, "typo": "trivia", "pregunta": 8, "respuesta": 36}, "model": "dinamicasapp.resparticipacion", "pk": 20}, {"fields": {"date_add": "2018-04-10T09:09:50.913Z", "parti": 7, "typo": "trivia", "pregunta": 7, "respuesta": 39}, "model": "dinamicasapp.resparticipacion", "pk": 21}, {"fields": {"date_add": "2018-04-10T09:09:50.916Z", "parti": 7, "typo": "trivia", "pregunta": 6, "respuesta": 42}, "model": "dinamicasapp.resparticipacion", "pk": 22}, {"fields": {"date_add": "2018-04-10T09:09:50.919Z", "parti": 7, "typo": "trivia", "pregunta": 5, "respuesta": 45}, "model": "dinamicasapp.resparticipacion", "pk": 23}, {"fields": {"date_add": "2018-04-10T09:09:50.922Z", "parti": 7, "typo": "trivia", "pregunta": 4, "respuesta": 48}, "model": "dinamicasapp.resparticipacion", "pk": 24}, {"fields": {"date_add": "2018-04-10T09:09:50.924Z", "parti": 7, "typo": "trivia", "pregunta": 3, "respuesta": 54}, "model": "dinamicasapp.resparticipacion", "pk": 25}, {"fields": {"date_add": "2018-04-10T09:19:04.981Z", "parti": 8, "typo": "trivia", "pregunta": 8, "respuesta": 35}, "model": "dinamicasapp.resparticipacion", "pk": 26}, {"fields": {"date_add": "2018-04-10T09:19:04.985Z", "parti": 8, "typo": "trivia", "pregunta": 7, "respuesta": 38}, "model": "dinamicasapp.resparticipacion", "pk": 27}, {"fields": {"date_add": "2018-04-10T09:19:04.988Z", "parti": 8, "typo": "trivia", "pregunta": 6, "respuesta": 41}, "model": "dinamicasapp.resparticipacion", "pk": 28}, {"fields": {"date_add": "2018-04-10T09:19:04.992Z", "parti": 8, "typo": "trivia", "pregunta": 5, "respuesta": 44}, "model": "dinamicasapp.resparticipacion", "pk": 29}, {"fields": {"date_add": "2018-04-10T09:19:04.995Z", "parti": 8, "typo": "trivia", "pregunta": 4, "respuesta": 47}, "model": "dinamicasapp.resparticipacion", "pk": 30}, {"fields": {"date_add": "2018-04-10T09:19:04.998Z", "parti": 8, "typo": "trivia", "pregunta": 3, "respuesta": 53}, "model": "dinamicasapp.resparticipacion", "pk": 31}, {"fields": {"date_add": "2018-04-10T09:27:41.802Z", "parti": 12, "typo": "trivia", "pregunta": 8, "respuesta": 34}, "model": "dinamicasapp.resparticipacion", "pk": 50}, {"fields": {"date_add": "2018-04-10T09:27:41.806Z", "parti": 12, "typo": "trivia", "pregunta": 7, "respuesta": 38}, "model": "dinamicasapp.resparticipacion", "pk": 51}, {"fields": {"date_add": "2018-04-10T09:27:41.813Z", "parti": 12, "typo": "trivia", "pregunta": 6, "respuesta": 42}, "model": "dinamicasapp.resparticipacion", "pk": 52}, {"fields": {"date_add": "2018-04-10T09:27:41.817Z", "parti": 12, "typo": "trivia", "pregunta": 5, "respuesta": 44}, "model": "dinamicasapp.resparticipacion", "pk": 53}, {"fields": {"date_add": "2018-04-10T09:27:41.819Z", "parti": 12, "typo": "trivia", "pregunta": 4, "respuesta": 46}, "model": "dinamicasapp.resparticipacion", "pk": 54}, {"fields": {"date_add": "2018-04-10T09:27:41.824Z", "parti": 12, "typo": "trivia", "pregunta": 3, "respuesta": 53}, "model": "dinamicasapp.resparticipacion", "pk": 55}, {"fields": {"date_add": "2018-04-10T09:30:53.278Z", "parti": 13, "typo": "trivia", "pregunta": 20, "respuesta": 208}, "model": "dinamicasapp.resparticipacion", "pk": 63}, {"fields": {"date_add": "2018-04-10T09:30:53.285Z", "parti": 13, "typo": "trivia", "pregunta": 21, "respuesta": 211}, "model": "dinamicasapp.resparticipacion", "pk": 64}, {"fields": {"date_add": "2018-04-10T09:30:53.289Z", "parti": 13, "typo": "trivia", "pregunta": 22, "respuesta": 214}, "model": "dinamicasapp.resparticipacion", "pk": 65}, {"fields": {"date_add": "2018-04-10T09:30:53.294Z", "parti": 13, "typo": "trivia", "pregunta": 23, "respuesta": 217}, "model": "dinamicasapp.resparticipacion", "pk": 66}, {"fields": {"date_add": "2018-04-10T09:30:53.301Z", "parti": 13, "typo": "trivia", "pregunta": 24, "respuesta": 220}, "model": "dinamicasapp.resparticipacion", "pk": 67}, {"fields": {"date_add": "2018-04-10T09:30:53.304Z", "parti": 13, "typo": "trivia", "pregunta": 25, "respuesta": 223}, "model": "dinamicasapp.resparticipacion", "pk": 68}, {"fields": {"date_add": "2018-04-10T10:24:42.440Z", "parti": 13, "typo": "trivia", "pregunta": 21, "respuesta": 213}, "model": "dinamicasapp.resparticipacion", "pk": 85}, {"fields": {"date_add": "2018-04-10T10:24:42.444Z", "parti": 13, "typo": "trivia", "pregunta": 21, "respuesta": 213}, "model": "dinamicasapp.resparticipacion", "pk": 86}, {"fields": {"date_add": "2018-04-10T10:24:42.446Z", "parti": 13, "typo": "trivia", "pregunta": 21, "respuesta": 213}, "model": "dinamicasapp.resparticipacion", "pk": 87}, {"fields": {"date_add": "2018-04-10T10:24:42.449Z", "parti": 13, "typo": "trivia", "pregunta": 22, "respuesta": 215}, "model": "dinamicasapp.resparticipacion", "pk": 88}, {"fields": {"date_add": "2018-04-10T10:24:42.452Z", "parti": 13, "typo": "trivia", "pregunta": 23, "respuesta": 218}, "model": "dinamicasapp.resparticipacion", "pk": 89}, {"fields": {"date_add": "2018-04-10T10:24:42.454Z", "parti": 13, "typo": "trivia", "pregunta": 24, "respuesta": 222}, "model": "dinamicasapp.resparticipacion", "pk": 90}, {"fields": {"date_add": "2018-04-10T10:24:42.456Z", "parti": 13, "typo": "trivia", "pregunta": 23, "respuesta": 218}, "model": "dinamicasapp.resparticipacion", "pk": 91}, {"fields": {"date_add": "2018-04-10T10:24:42.459Z", "parti": 13, "typo": "trivia", "pregunta": 24, "respuesta": 222}, "model": "dinamicasapp.resparticipacion", "pk": 92}, {"fields": {"date_add": "2018-04-10T10:24:42.461Z", "parti": 13, "typo": "trivia", "pregunta": 25, "respuesta": 225}, "model": "dinamicasapp.resparticipacion", "pk": 93}, {"fields": {"date_add": "2018-04-10T10:43:52.047Z", "parti": 18, "typo": "trivia", "pregunta": 20, "respuesta": 210}, "model": "dinamicasapp.resparticipacion", "pk": 99}, {"fields": {"date_add": "2018-04-10T10:43:52.051Z", "parti": 18, "typo": "trivia", "pregunta": 21, "respuesta": 212}, "model": "dinamicasapp.resparticipacion", "pk": 100}, {"fields": {"date_add": "2018-04-10T10:43:52.054Z", "parti": 18, "typo": "trivia", "pregunta": 22, "respuesta": 216}, "model": "dinamicasapp.resparticipacion", "pk": 101}, {"fields": {"date_add": "2018-04-10T10:43:52.057Z", "parti": 18, "typo": "trivia", "pregunta": 23, "respuesta": 217}, "model": "dinamicasapp.resparticipacion", "pk": 102}, {"fields": {"date_add": "2018-04-10T10:43:52.060Z", "parti": 18, "typo": "trivia", "pregunta": 24, "respuesta": 220}, "model": "dinamicasapp.resparticipacion", "pk": 103}, {"fields": {"date_add": "2018-04-10T10:43:52.066Z", "parti": 18, "typo": "trivia", "pregunta": 25, "respuesta": 225}, "model": "dinamicasapp.resparticipacion", "pk": 104}, {"fields": {"date_add": "2018-04-16T13:15:45.098Z", "parti": 28, "typo": "trivia", "pregunta": 20, "respuesta": 208}, "model": "dinamicasapp.resparticipacion", "pk": 162}, {"fields": {"date_add": "2018-04-16T13:15:45.100Z", "parti": 28, "typo": "trivia", "pregunta": 21, "respuesta": 211}, "model": "dinamicasapp.resparticipacion", "pk": 163}, {"fields": {"date_add": "2018-04-16T13:15:45.102Z", "parti": 28, "typo": "trivia", "pregunta": 22, "respuesta": 215}, "model": "dinamicasapp.resparticipacion", "pk": 164}, {"fields": {"date_add": "2018-04-16T13:15:45.104Z", "parti": 28, "typo": "trivia", "pregunta": 23, "respuesta": 219}, "model": "dinamicasapp.resparticipacion", "pk": 165}, {"fields": {"date_add": "2018-04-16T13:15:45.107Z", "parti": 28, "typo": "trivia", "pregunta": 24, "respuesta": 221}, "model": "dinamicasapp.resparticipacion", "pk": 166}, {"fields": {"date_add": "2018-04-16T13:15:45.109Z", "parti": 28, "typo": "trivia", "pregunta": 25, "respuesta": 224}, "model": "dinamicasapp.resparticipacion", "pk": 167}, {"fields": {"date_add": "2018-04-16T13:18:07.650Z", "parti": 29, "typo": "trivia", "pregunta": 20, "respuesta": 209}, "model": "dinamicasapp.resparticipacion", "pk": 168}, {"fields": {"date_add": "2018-04-16T13:18:07.654Z", "parti": 29, "typo": "trivia", "pregunta": 21, "respuesta": 213}, "model": "dinamicasapp.resparticipacion", "pk": 169}, {"fields": {"date_add": "2018-04-16T13:18:07.656Z", "parti": 29, "typo": "trivia", "pregunta": 22, "respuesta": 215}, "model": "dinamicasapp.resparticipacion", "pk": 170}, {"fields": {"date_add": "2018-04-16T13:18:07.659Z", "parti": 29, "typo": "trivia", "pregunta": 23, "respuesta": 217}, "model": "dinamicasapp.resparticipacion", "pk": 171}, {"fields": {"date_add": "2018-04-16T13:18:07.662Z", "parti": 29, "typo": "trivia", "pregunta": 24, "respuesta": 221}, "model": "dinamicasapp.resparticipacion", "pk": 172}, {"fields": {"date_add": "2018-04-16T13:18:07.664Z", "parti": 29, "typo": "trivia", "pregunta": 25, "respuesta": 224}, "model": "dinamicasapp.resparticipacion", "pk": 173}, {"fields": {"date_add": "2018-04-16T15:09:02.628Z", "parti": 38, "typo": "trivia", "pregunta": 20, "respuesta": 210}, "model": "dinamicasapp.resparticipacion", "pk": 192}, {"fields": {"date_add": "2018-04-16T15:09:02.630Z", "parti": 38, "typo": "trivia", "pregunta": 21, "respuesta": 212}, "model": "dinamicasapp.resparticipacion", "pk": 193}, {"fields": {"date_add": "2018-04-16T15:09:02.633Z", "parti": 38, "typo": "trivia", "pregunta": 22, "respuesta": 214}, "model": "dinamicasapp.resparticipacion", "pk": 194}, {"fields": {"date_add": "2018-04-16T15:09:02.635Z", "parti": 38, "typo": "trivia", "pregunta": 23, "respuesta": 218}, "model": "dinamicasapp.resparticipacion", "pk": 195}, {"fields": {"date_add": "2018-04-16T15:09:02.638Z", "parti": 38, "typo": "trivia", "pregunta": 24, "respuesta": 222}, "model": "dinamicasapp.resparticipacion", "pk": 196}, {"fields": {"date_add": "2018-04-16T15:09:02.640Z", "parti": 38, "typo": "trivia", "pregunta": 25, "respuesta": 224}, "model": "dinamicasapp.resparticipacion", "pk": 197}, {"fields": {"date_add": "2018-05-08T23:58:26.834Z", "parti": 23, "typo": "trivia", "pregunta": 23, "respuesta": 218}, "model": "dinamicasapp.resparticipacion", "pk": 209}, {"fields": {"date_add": "2018-05-08T23:58:26.840Z", "parti": 23, "typo": "trivia", "pregunta": 24, "respuesta": 222}, "model": "dinamicasapp.resparticipacion", "pk": 210}, {"fields": {"date_add": "2018-05-08T23:58:26.845Z", "parti": 23, "typo": "trivia", "pregunta": 25, "respuesta": 224}, "model": "dinamicasapp.resparticipacion", "pk": 211}, {"fields": {"date_add": "2018-05-08T23:58:26.849Z", "parti": 23, "typo": "trivia", "pregunta": 21, "respuesta": 212}, "model": "dinamicasapp.resparticipacion", "pk": 212}, {"fields": {"date_add": "2018-05-09T21:32:55.324Z", "parti": 9, "typo": "trivia", "pregunta": 22, "respuesta": 214}, "model": "dinamicasapp.resparticipacion", "pk": 213}, {"fields": {"date_add": "2018-05-09T21:32:55.327Z", "parti": 9, "typo": "trivia", "pregunta": 23, "respuesta": 218}, "model": "dinamicasapp.resparticipacion", "pk": 214}, {"fields": {"date_add": "2018-05-09T21:32:55.330Z", "parti": 9, "typo": "trivia", "pregunta": 24, "respuesta": 222}, "model": "dinamicasapp.resparticipacion", "pk": 215}, {"fields": {"date_add": "2018-05-09T21:32:55.333Z", "parti": 9, "typo": "trivia", "pregunta": 25, "respuesta": 225}, "model": "dinamicasapp.resparticipacion", "pk": 216}, {"fields": {"date_add": "2018-05-09T21:32:55.336Z", "parti": 9, "typo": "trivia", "pregunta": 21, "respuesta": 212}, "model": "dinamicasapp.resparticipacion", "pk": 217}, {"fields": {"date_add": "2018-05-12T16:26:53.700Z", "parti": 54, "typo": "trivia", "pregunta": 41, "respuesta": 361}, "model": "dinamicasapp.resparticipacion", "pk": 223}, {"fields": {"date_add": "2018-05-12T16:26:53.704Z", "parti": 54, "typo": "trivia", "pregunta": 42, "respuesta": 365}, "model": "dinamicasapp.resparticipacion", "pk": 224}, {"fields": {"date_add": "2018-05-12T16:26:53.707Z", "parti": 54, "typo": "trivia", "pregunta": 43, "respuesta": 368}, "model": "dinamicasapp.resparticipacion", "pk": 225}, {"fields": {"date_add": "2018-05-12T16:26:53.710Z", "parti": 54, "typo": "trivia", "pregunta": 44, "respuesta": 372}, "model": "dinamicasapp.resparticipacion", "pk": 226}, {"fields": {"date_add": "2018-05-12T16:26:53.712Z", "parti": 54, "typo": "trivia", "pregunta": 45, "respuesta": 373}, "model": "dinamicasapp.resparticipacion", "pk": 227}, {"fields": {"date_add": "2018-05-13T22:09:31.858Z", "parti": 55, "typo": "trivia", "pregunta": 22, "respuesta": 214}, "model": "dinamicasapp.resparticipacion", "pk": 238}, {"fields": {"date_add": "2018-05-13T22:09:31.862Z", "parti": 55, "typo": "trivia", "pregunta": 23, "respuesta": 218}, "model": "dinamicasapp.resparticipacion", "pk": 239}, {"fields": {"date_add": "2018-05-13T22:09:31.866Z", "parti": 55, "typo": "trivia", "pregunta": 24, "respuesta": 221}, "model": "dinamicasapp.resparticipacion", "pk": 240}, {"fields": {"date_add": "2018-05-13T22:09:31.870Z", "parti": 55, "typo": "trivia", "pregunta": 25, "respuesta": 224}, "model": "dinamicasapp.resparticipacion", "pk": 241}, {"fields": {"date_add": "2018-05-13T22:09:31.874Z", "parti": 55, "typo": "trivia", "pregunta": 21, "respuesta": 213}, "model": "dinamicasapp.resparticipacion", "pk": 242}, {"fields": {"date_add": "2018-05-13T22:12:15.434Z", "parti": 52, "typo": "trivia", "pregunta": 22, "respuesta": 214}, "model": "dinamicasapp.resparticipacion", "pk": 243}, {"fields": {"date_add": "2018-05-13T22:12:15.440Z", "parti": 52, "typo": "trivia", "pregunta": 23, "respuesta": 218}, "model": "dinamicasapp.resparticipacion", "pk": 244}, {"fields": {"date_add": "2018-05-13T22:12:15.446Z", "parti": 52, "typo": "trivia", "pregunta": 24, "respuesta": 221}, "model": "dinamicasapp.resparticipacion", "pk": 245}, {"fields": {"date_add": "2018-05-13T22:12:15.450Z", "parti": 52, "typo": "trivia", "pregunta": 25, "respuesta": 224}, "model": "dinamicasapp.resparticipacion", "pk": 246}, {"fields": {"date_add": "2018-05-13T22:12:15.455Z", "parti": 52, "typo": "trivia", "pregunta": 21, "respuesta": 211}, "model": "dinamicasapp.resparticipacion", "pk": 247}, {"fields": {"date_add": "2018-05-14T13:55:57.715Z", "parti": 53, "typo": "trivia", "pregunta": 41, "respuesta": 361}, "model": "dinamicasapp.resparticipacion", "pk": 270}, {"fields": {"date_add": "2018-05-14T13:55:57.719Z", "parti": 53, "typo": "trivia", "pregunta": 42, "respuesta": 364}, "model": "dinamicasapp.resparticipacion", "pk": 271}, {"fields": {"date_add": "2018-05-14T13:55:57.723Z", "parti": 53, "typo": "trivia", "pregunta": 43, "respuesta": 368}, "model": "dinamicasapp.resparticipacion", "pk": 272}, {"fields": {"date_add": "2018-05-14T13:55:57.727Z", "parti": 53, "typo": "trivia", "pregunta": 44, "respuesta": 371}, "model": "dinamicasapp.resparticipacion", "pk": 273}, {"fields": {"date_add": "2018-05-14T13:55:57.735Z", "parti": 53, "typo": "trivia", "pregunta": 45, "respuesta": 374}, "model": "dinamicasapp.resparticipacion", "pk": 274}, {"fields": {"date_add": "2018-05-14T14:34:18.229Z", "parti": 74, "typo": "trivia", "pregunta": 39, "respuesta": 322}, "model": "dinamicasapp.resparticipacion", "pk": 275}, {"fields": {"date_add": "2018-05-14T14:34:18.233Z", "parti": 74, "typo": "trivia", "pregunta": 40, "respuesta": 325}, "model": "dinamicasapp.resparticipacion", "pk": 276}, {"fields": {"date_add": "2018-05-14T14:34:18.238Z", "parti": 74, "typo": "trivia", "pregunta": 36, "respuesta": 310}, "model": "dinamicasapp.resparticipacion", "pk": 277}, {"fields": {"date_add": "2018-05-14T14:34:18.242Z", "parti": 74, "typo": "trivia", "pregunta": 37, "respuesta": 313}, "model": "dinamicasapp.resparticipacion", "pk": 278}, {"fields": {"date_add": "2018-05-14T14:34:18.246Z", "parti": 74, "typo": "trivia", "pregunta": 38, "respuesta": 316}, "model": "dinamicasapp.resparticipacion", "pk": 279}, {"fields": {"date_add": "2018-05-14T14:39:22.959Z", "parti": 75, "typo": "trivia", "pregunta": 39, "respuesta": 322}, "model": "dinamicasapp.resparticipacion", "pk": 280}, {"fields": {"date_add": "2018-05-14T14:39:22.967Z", "parti": 75, "typo": "trivia", "pregunta": 40, "respuesta": 325}, "model": "dinamicasapp.resparticipacion", "pk": 281}, {"fields": {"date_add": "2018-05-14T14:39:22.973Z", "parti": 75, "typo": "trivia", "pregunta": 36, "respuesta": 310}, "model": "dinamicasapp.resparticipacion", "pk": 282}, {"fields": {"date_add": "2018-05-14T14:39:22.978Z", "parti": 75, "typo": "trivia", "pregunta": 37, "respuesta": 313}, "model": "dinamicasapp.resparticipacion", "pk": 283}, {"fields": {"date_add": "2018-05-14T14:39:22.982Z", "parti": 75, "typo": "trivia", "pregunta": 38, "respuesta": 316}, "model": "dinamicasapp.resparticipacion", "pk": 284}, {"fields": {"date_add": "2018-05-16T11:26:00.015Z", "parti": 67, "typo": "trivia", "pregunta": 39, "respuesta": 323}, "model": "dinamicasapp.resparticipacion", "pk": 322}, {"fields": {"date_add": "2018-05-16T11:26:00.023Z", "parti": 67, "typo": "trivia", "pregunta": 40, "respuesta": 326}, "model": "dinamicasapp.resparticipacion", "pk": 323}, {"fields": {"date_add": "2018-05-16T11:26:00.029Z", "parti": 67, "typo": "trivia", "pregunta": 36, "respuesta": 311}, "model": "dinamicasapp.resparticipacion", "pk": 324}, {"fields": {"date_add": "2018-05-16T11:26:00.032Z", "parti": 67, "typo": "trivia", "pregunta": 37, "respuesta": 314}, "model": "dinamicasapp.resparticipacion", "pk": 325}, {"fields": {"date_add": "2018-05-16T11:26:00.037Z", "parti": 67, "typo": "trivia", "pregunta": 38, "respuesta": 317}, "model": "dinamicasapp.resparticipacion", "pk": 326}, {"fields": {"date_add": "2018-05-16T11:29:33.678Z", "parti": 65, "typo": "trivia", "pregunta": 22, "respuesta": 215}, "model": "dinamicasapp.resparticipacion", "pk": 327}, {"fields": {"date_add": "2018-05-16T11:29:33.681Z", "parti": 65, "typo": "trivia", "pregunta": 23, "respuesta": 217}, "model": "dinamicasapp.resparticipacion", "pk": 328}, {"fields": {"date_add": "2018-05-16T11:29:33.684Z", "parti": 65, "typo": "trivia", "pregunta": 24, "respuesta": 221}, "model": "dinamicasapp.resparticipacion", "pk": 329}, {"fields": {"date_add": "2018-05-16T11:29:33.687Z", "parti": 65, "typo": "trivia", "pregunta": 25, "respuesta": 223}, "model": "dinamicasapp.resparticipacion", "pk": 330}, {"fields": {"date_add": "2018-05-16T11:29:33.690Z", "parti": 65, "typo": "trivia", "pregunta": 21, "respuesta": 213}, "model": "dinamicasapp.resparticipacion", "pk": 331}, {"fields": {"date_add": "2018-05-16T14:52:47.126Z", "parti": 76, "typo": "trivia", "pregunta": 39, "respuesta": 323}, "model": "dinamicasapp.resparticipacion", "pk": 332}, {"fields": {"date_add": "2018-05-16T14:52:47.130Z", "parti": 76, "typo": "trivia", "pregunta": 40, "respuesta": 325}, "model": "dinamicasapp.resparticipacion", "pk": 333}, {"fields": {"date_add": "2018-05-16T14:52:47.135Z", "parti": 76, "typo": "trivia", "pregunta": 36, "respuesta": 311}, "model": "dinamicasapp.resparticipacion", "pk": 334}, {"fields": {"date_add": "2018-05-16T14:52:47.139Z", "parti": 76, "typo": "trivia", "pregunta": 37, "respuesta": 313}, "model": "dinamicasapp.resparticipacion", "pk": 335}, {"fields": {"date_add": "2018-05-16T14:52:47.142Z", "parti": 76, "typo": "trivia", "pregunta": 38, "respuesta": 317}, "model": "dinamicasapp.resparticipacion", "pk": 336}, {"fields": {"date_add": "2018-05-16T21:46:21.971Z", "parti": 91, "typo": "trivia", "pregunta": 41, "respuesta": 362}, "model": "dinamicasapp.resparticipacion", "pk": 337}, {"fields": {"date_add": "2018-05-16T21:46:21.976Z", "parti": 91, "typo": "trivia", "pregunta": 42, "respuesta": 365}, "model": "dinamicasapp.resparticipacion", "pk": 338}, {"fields": {"date_add": "2018-05-16T21:46:21.980Z", "parti": 91, "typo": "trivia", "pregunta": 43, "respuesta": 368}, "model": "dinamicasapp.resparticipacion", "pk": 339}, {"fields": {"date_add": "2018-05-16T21:46:21.983Z", "parti": 91, "typo": "trivia", "pregunta": 44, "respuesta": 371}, "model": "dinamicasapp.resparticipacion", "pk": 340}, {"fields": {"date_add": "2018-05-16T21:46:21.987Z", "parti": 91, "typo": "trivia", "pregunta": 45, "respuesta": 373}, "model": "dinamicasapp.resparticipacion", "pk": 341}, {"fields": {"date_add": "2018-05-24T04:16:03.511Z", "parti": 46, "typo": "trivia", "pregunta": 39, "respuesta": 322}, "model": "dinamicasapp.resparticipacion", "pk": 342}, {"fields": {"date_add": "2018-05-24T04:16:03.516Z", "parti": 46, "typo": "trivia", "pregunta": 40, "respuesta": 326}, "model": "dinamicasapp.resparticipacion", "pk": 343}, {"fields": {"date_add": "2018-05-24T04:16:03.520Z", "parti": 46, "typo": "trivia", "pregunta": 36, "respuesta": 311}, "model": "dinamicasapp.resparticipacion", "pk": 344}, {"fields": {"date_add": "2018-05-24T04:16:03.524Z", "parti": 46, "typo": "trivia", "pregunta": 37, "respuesta": 314}, "model": "dinamicasapp.resparticipacion", "pk": 345}, {"fields": {"date_add": "2018-05-24T04:16:03.528Z", "parti": 46, "typo": "trivia", "pregunta": 38, "respuesta": 318}, "model": "dinamicasapp.resparticipacion", "pk": 346}, {"fields": {"date_add": "2018-05-24T04:16:03.532Z", "parti": 46, "typo": "trivia", "pregunta": 38, "respuesta": 318}, "model": "dinamicasapp.resparticipacion", "pk": 347}, {"fields": {"date_add": "2018-05-30T06:48:31.425Z", "parti": 135, "typo": "trivia", "pregunta": 22, "respuesta": 214}, "model": "dinamicasapp.resparticipacion", "pk": 348}, {"fields": {"date_add": "2018-05-30T06:48:31.429Z", "parti": 135, "typo": "trivia", "pregunta": 23, "respuesta": 218}, "model": "dinamicasapp.resparticipacion", "pk": 349}, {"fields": {"date_add": "2018-05-30T06:48:31.431Z", "parti": 135, "typo": "trivia", "pregunta": 24, "respuesta": 220}, "model": "dinamicasapp.resparticipacion", "pk": 350}, {"fields": {"date_add": "2018-05-30T06:48:31.434Z", "parti": 135, "typo": "trivia", "pregunta": 25, "respuesta": 225}, "model": "dinamicasapp.resparticipacion", "pk": 351}, {"fields": {"date_add": "2018-05-30T06:48:31.437Z", "parti": 135, "typo": "trivia", "pregunta": 21, "respuesta": 212}, "model": "dinamicasapp.resparticipacion", "pk": 352}, {"fields": {"date_add": "2018-05-30T13:59:29.065Z", "parti": 137, "typo": "trivia", "pregunta": 22, "respuesta": 214}, "model": "dinamicasapp.resparticipacion", "pk": 353}, {"fields": {"date_add": "2018-05-30T13:59:29.070Z", "parti": 137, "typo": "trivia", "pregunta": 23, "respuesta": 219}, "model": "dinamicasapp.resparticipacion", "pk": 354}, {"fields": {"date_add": "2018-05-30T13:59:29.074Z", "parti": 137, "typo": "trivia", "pregunta": 24, "respuesta": 221}, "model": "dinamicasapp.resparticipacion", "pk": 355}, {"fields": {"date_add": "2018-05-30T13:59:29.079Z", "parti": 137, "typo": "trivia", "pregunta": 25, "respuesta": 223}, "model": "dinamicasapp.resparticipacion", "pk": 356}, {"fields": {"date_add": "2018-05-30T13:59:29.084Z", "parti": 137, "typo": "trivia", "pregunta": 21, "respuesta": 212}, "model": "dinamicasapp.resparticipacion", "pk": 357}, {"fields": {"date_add": "2018-06-12T19:21:31.717Z", "parti": 142, "typo": "trivia", "pregunta": 52, "respuesta": 421}, "model": "dinamicasapp.resparticipacion", "pk": 358}, {"fields": {"date_add": "2018-06-12T19:21:31.722Z", "parti": 142, "typo": "trivia", "pregunta": 53, "respuesta": 427}, "model": "dinamicasapp.resparticipacion", "pk": 359}, {"fields": {"date_add": "2018-06-12T19:21:31.726Z", "parti": 142, "typo": "trivia", "pregunta": 54, "respuesta": 433}, "model": "dinamicasapp.resparticipacion", "pk": 360}, {"fields": {"date_add": "2018-06-12T19:21:31.729Z", "parti": 142, "typo": "trivia", "pregunta": 55, "respuesta": 436}, "model": "dinamicasapp.resparticipacion", "pk": 361}, {"fields": {"date_add": "2018-06-12T19:21:31.733Z", "parti": 142, "typo": "trivia", "pregunta": 56, "respuesta": 439}, "model": "dinamicasapp.resparticipacion", "pk": 362}, {"fields": {"date_add": "2018-06-12T19:23:18.407Z", "parti": 143, "typo": "trivia", "pregunta": 52, "respuesta": 422}, "model": "dinamicasapp.resparticipacion", "pk": 363}, {"fields": {"date_add": "2018-06-12T19:23:18.412Z", "parti": 143, "typo": "trivia", "pregunta": 53, "respuesta": 428}, "model": "dinamicasapp.resparticipacion", "pk": 364}, {"fields": {"date_add": "2018-06-12T19:23:18.418Z", "parti": 143, "typo": "trivia", "pregunta": 54, "respuesta": 434}, "model": "dinamicasapp.resparticipacion", "pk": 365}, {"fields": {"date_add": "2018-06-12T19:23:18.423Z", "parti": 143, "typo": "trivia", "pregunta": 55, "respuesta": 437}, "model": "dinamicasapp.resparticipacion", "pk": 366}, {"fields": {"date_add": "2018-06-12T19:23:18.427Z", "parti": 143, "typo": "trivia", "pregunta": 56, "respuesta": 440}, "model": "dinamicasapp.resparticipacion", "pk": 367}, {"fields": {"date_add": "2018-06-18T04:21:06.623Z", "parti": 184, "typo": "trivia", "pregunta": 52, "respuesta": 421}, "model": "dinamicasapp.resparticipacion", "pk": 478}, {"fields": {"date_add": "2018-06-18T04:21:06.629Z", "parti": 184, "typo": "trivia", "pregunta": 53, "respuesta": 427}, "model": "dinamicasapp.resparticipacion", "pk": 479}, {"fields": {"date_add": "2018-06-18T04:21:06.632Z", "parti": 184, "typo": "trivia", "pregunta": 54, "respuesta": 433}, "model": "dinamicasapp.resparticipacion", "pk": 480}, {"fields": {"date_add": "2018-06-18T04:21:06.636Z", "parti": 184, "typo": "trivia", "pregunta": 55, "respuesta": 436}, "model": "dinamicasapp.resparticipacion", "pk": 481}, {"fields": {"date_add": "2018-06-18T04:21:06.641Z", "parti": 184, "typo": "trivia", "pregunta": 56, "respuesta": 439}, "model": "dinamicasapp.resparticipacion", "pk": 482}, {"fields": {"date_add": "2018-06-19T08:46:22.723Z", "parti": 198, "typo": "trivia", "pregunta": 52, "respuesta": 422}, "model": "dinamicasapp.resparticipacion", "pk": 483}, {"fields": {"date_add": "2018-06-19T08:46:22.729Z", "parti": 198, "typo": "trivia", "pregunta": 53, "respuesta": 427}, "model": "dinamicasapp.resparticipacion", "pk": 484}, {"fields": {"date_add": "2018-06-19T08:46:22.734Z", "parti": 198, "typo": "trivia", "pregunta": 54, "respuesta": 435}, "model": "dinamicasapp.resparticipacion", "pk": 485}, {"fields": {"date_add": "2018-06-19T08:46:22.738Z", "parti": 198, "typo": "trivia", "pregunta": 55, "respuesta": 437}, "model": "dinamicasapp.resparticipacion", "pk": 486}, {"fields": {"date_add": "2018-06-19T08:46:22.743Z", "parti": 198, "typo": "trivia", "pregunta": 56, "respuesta": 439}, "model": "dinamicasapp.resparticipacion", "pk": 487}, {"fields": {"date_add": "2018-06-19T08:56:50.294Z", "parti": 199, "typo": "trivia", "pregunta": 52, "respuesta": 423}, "model": "dinamicasapp.resparticipacion", "pk": 488}, {"fields": {"date_add": "2018-06-19T08:56:50.299Z", "parti": 199, "typo": "trivia", "pregunta": 53, "respuesta": 428}, "model": "dinamicasapp.resparticipacion", "pk": 489}, {"fields": {"date_add": "2018-06-19T08:56:50.302Z", "parti": 199, "typo": "trivia", "pregunta": 54, "respuesta": 433}, "model": "dinamicasapp.resparticipacion", "pk": 490}, {"fields": {"date_add": "2018-06-19T08:56:50.307Z", "parti": 199, "typo": "trivia", "pregunta": 55, "respuesta": 437}, "model": "dinamicasapp.resparticipacion", "pk": 491}, {"fields": {"date_add": "2018-06-19T08:56:50.310Z", "parti": 199, "typo": "trivia", "pregunta": 56, "respuesta": 441}, "model": "dinamicasapp.resparticipacion", "pk": 492}, {"fields": {"date_add": "2018-06-20T22:33:20.128Z", "parti": 212, "typo": "trivia", "pregunta": 52, "respuesta": 421}, "model": "dinamicasapp.resparticipacion", "pk": 553}, {"fields": {"date_add": "2018-06-20T22:33:20.133Z", "parti": 212, "typo": "trivia", "pregunta": 53, "respuesta": 428}, "model": "dinamicasapp.resparticipacion", "pk": 554}, {"fields": {"date_add": "2018-06-20T22:33:20.138Z", "parti": 212, "typo": "trivia", "pregunta": 54, "respuesta": 435}, "model": "dinamicasapp.resparticipacion", "pk": 555}, {"fields": {"date_add": "2018-06-20T22:33:20.143Z", "parti": 212, "typo": "trivia", "pregunta": 55, "respuesta": 436}, "model": "dinamicasapp.resparticipacion", "pk": 556}, {"fields": {"date_add": "2018-06-20T22:33:20.148Z", "parti": 212, "typo": "trivia", "pregunta": 56, "respuesta": 441}, "model": "dinamicasapp.resparticipacion", "pk": 557}, {"fields": {"date_add": "2018-06-20T22:33:20.152Z", "parti": 212, "typo": "trivia", "pregunta": 56, "respuesta": 441}, "model": "dinamicasapp.resparticipacion", "pk": 558}, {"fields": {"date_add": "2018-06-21T03:39:36.871Z", "parti": 219, "typo": "trivia", "pregunta": 52, "respuesta": 421}, "model": "dinamicasapp.resparticipacion", "pk": 559}, {"fields": {"date_add": "2018-06-21T03:39:36.875Z", "parti": 219, "typo": "trivia", "pregunta": 53, "respuesta": 428}, "model": "dinamicasapp.resparticipacion", "pk": 560}, {"fields": {"date_add": "2018-06-21T03:39:36.880Z", "parti": 219, "typo": "trivia", "pregunta": 54, "respuesta": 435}, "model": "dinamicasapp.resparticipacion", "pk": 561}, {"fields": {"date_add": "2018-06-21T03:39:36.884Z", "parti": 219, "typo": "trivia", "pregunta": 55, "respuesta": 438}, "model": "dinamicasapp.resparticipacion", "pk": 562}, {"fields": {"date_add": "2018-06-21T03:39:36.894Z", "parti": 219, "typo": "trivia", "pregunta": 56, "respuesta": 441}, "model": "dinamicasapp.resparticipacion", "pk": 563}, {"fields": {"codename": "add_logentry", "name": "Can add log entry", "content_type": 1}, "model": "auth.permission", "pk": 1}, {"fields": {"codename": "change_logentry", "name": "Can change log entry", "content_type": 1}, "model": "auth.permission", "pk": 2}, {"fields": {"codename": "delete_logentry", "name": "Can delete log entry", "content_type": 1}, "model": "auth.permission", "pk": 3}, {"fields": {"codename": "add_permission", "name": "Can add permission", "content_type": 2}, "model": "auth.permission", "pk": 4}, {"fields": {"codename": "change_permission", "name": "Can change permission", "content_type": 2}, "model": "auth.permission", "pk": 5}, {"fields": {"codename": "delete_permission", "name": "Can delete permission", "content_type": 2}, "model": "auth.permission", "pk": 6}, {"fields": {"codename": "add_group", "name": "Can add group", "content_type": 3}, "model": "auth.permission", "pk": 7}, {"fields": {"codename": "change_group", "name": "Can change group", "content_type": 3}, "model": "auth.permission", "pk": 8}, {"fields": {"codename": "delete_group", "name": "Can delete group", "content_type": 3}, "model": "auth.permission", "pk": 9}, {"fields": {"codename": "add_user", "name": "Can add user", "content_type": 4}, "model": "auth.permission", "pk": 10}, {"fields": {"codename": "change_user", "name": "Can change user", "content_type": 4}, "model": "auth.permission", "pk": 11}, {"fields": {"codename": "delete_user", "name": "Can delete user", "content_type": 4}, "model": "auth.permission", "pk": 12}, {"fields": {"codename": "add_contenttype", "name": "Can add content type", "content_type": 5}, "model": "auth.permission", "pk": 13}, {"fields": {"codename": "change_contenttype", "name": "Can change content type", "content_type": 5}, "model": "auth.permission", "pk": 14}, {"fields": {"codename": "delete_contenttype", "name": "Can delete content type", "content_type": 5}, "model": "auth.permission", "pk": 15}, {"fields": {"codename": "add_session", "name": "Can add session", "content_type": 6}, "model": "auth.permission", "pk": 16}, {"fields": {"codename": "change_session", "name": "Can change session", "content_type": 6}, "model": "auth.permission", "pk": 17}, {"fields": {"codename": "delete_session", "name": "Can delete session", "content_type": 6}, "model": "auth.permission", "pk": 18}, {"fields": {"codename": "add_site", "name": "Can add site", "content_type": 7}, "model": "auth.permission", "pk": 19}, {"fields": {"codename": "change_site", "name": "Can change site", "content_type": 7}, "model": "auth.permission", "pk": 20}, {"fields": {"codename": "delete_site", "name": "Can delete site", "content_type": 7}, "model": "auth.permission", "pk": 21}, {"fields": {"codename": "add_wpage", "name": "Can add wpage", "content_type": 8}, "model": "auth.permission", "pk": 22}, {"fields": {"codename": "change_wpage", "name": "Can change wpage", "content_type": 8}, "model": "auth.permission", "pk": 23}, {"fields": {"codename": "delete_wpage", "name": "Can delete wpage", "content_type": 8}, "model": "auth.permission", "pk": 24}, {"fields": {"codename": "add_catpage", "name": "Can add catpage", "content_type": 9}, "model": "auth.permission", "pk": 25}, {"fields": {"codename": "change_catpage", "name": "Can change catpage", "content_type": 9}, "model": "auth.permission", "pk": 26}, {"fields": {"codename": "delete_catpage", "name": "Can delete catpage", "content_type": 9}, "model": "auth.permission", "pk": 27}, {"fields": {"codename": "add_sitesettings", "name": "Can add sitesettings", "content_type": 10}, "model": "auth.permission", "pk": 28}, {"fields": {"codename": "change_sitesettings", "name": "Can change sitesettings", "content_type": 10}, "model": "auth.permission", "pk": 29}, {"fields": {"codename": "delete_sitesettings", "name": "Can delete sitesettings", "content_type": 10}, "model": "auth.permission", "pk": 30}, {"fields": {"codename": "add_modulo", "name": "Can add modulo", "content_type": 11}, "model": "auth.permission", "pk": 31}, {"fields": {"codename": "change_modulo", "name": "Can change modulo", "content_type": 11}, "model": "auth.permission", "pk": 32}, {"fields": {"codename": "delete_modulo", "name": "Can delete modulo", "content_type": 11}, "model": "auth.permission", "pk": 33}, {"fields": {"codename": "add_settsmodulo", "name": "Can add settsmodulo", "content_type": 12}, "model": "auth.permission", "pk": 34}, {"fields": {"codename": "change_settsmodulo", "name": "Can change settsmodulo", "content_type": 12}, "model": "auth.permission", "pk": 35}, {"fields": {"codename": "delete_settsmodulo", "name": "Can delete settsmodulo", "content_type": 12}, "model": "auth.permission", "pk": 36}, {"fields": {"codename": "add_defaultsettmodulo", "name": "Can add defaultsettmodulo", "content_type": 13}, "model": "auth.permission", "pk": 37}, {"fields": {"codename": "change_defaultsettmodulo", "name": "Can change defaultsettmodulo", "content_type": 13}, "model": "auth.permission", "pk": 38}, {"fields": {"codename": "delete_defaultsettmodulo", "name": "Can delete defaultsettmodulo", "content_type": 13}, "model": "auth.permission", "pk": 39}, {"fields": {"codename": "add_itmmodulo", "name": "Can add itmmodulo", "content_type": 14}, "model": "auth.permission", "pk": 40}, {"fields": {"codename": "change_itmmodulo", "name": "Can change itmmodulo", "content_type": 14}, "model": "auth.permission", "pk": 41}, {"fields": {"codename": "delete_itmmodulo", "name": "Can delete itmmodulo", "content_type": 14}, "model": "auth.permission", "pk": 42}, {"fields": {"codename": "add_paramitm", "name": "Can add paramitm", "content_type": 15}, "model": "auth.permission", "pk": 43}, {"fields": {"codename": "change_paramitm", "name": "Can change paramitm", "content_type": 15}, "model": "auth.permission", "pk": 44}, {"fields": {"codename": "delete_paramitm", "name": "Can delete paramitm", "content_type": 15}, "model": "auth.permission", "pk": 45}, {"fields": {"codename": "add_mediaitm", "name": "Can add mediaitm", "content_type": 16}, "model": "auth.permission", "pk": 46}, {"fields": {"codename": "change_mediaitm", "name": "Can change mediaitm", "content_type": 16}, "model": "auth.permission", "pk": 47}, {"fields": {"codename": "delete_mediaitm", "name": "Can delete mediaitm", "content_type": 16}, "model": "auth.permission", "pk": 48}, {"fields": {"codename": "add_fileitm", "name": "Can add fileitm", "content_type": 17}, "model": "auth.permission", "pk": 49}, {"fields": {"codename": "change_fileitm", "name": "Can change fileitm", "content_type": 17}, "model": "auth.permission", "pk": 50}, {"fields": {"codename": "delete_fileitm", "name": "Can delete fileitm", "content_type": 17}, "model": "auth.permission", "pk": 51}, {"fields": {"codename": "add_categoria", "name": "Can add categoria", "content_type": 18}, "model": "auth.permission", "pk": 52}, {"fields": {"codename": "change_categoria", "name": "Can change categoria", "content_type": 18}, "model": "auth.permission", "pk": 53}, {"fields": {"codename": "delete_categoria", "name": "Can delete categoria", "content_type": 18}, "model": "auth.permission", "pk": 54}, {"fields": {"codename": "add_color", "name": "Can add color", "content_type": 19}, "model": "auth.permission", "pk": 55}, {"fields": {"codename": "change_color", "name": "Can change color", "content_type": 19}, "model": "auth.permission", "pk": 56}, {"fields": {"codename": "delete_color", "name": "Can delete color", "content_type": 19}, "model": "auth.permission", "pk": 57}, {"fields": {"codename": "add_combinacion", "name": "Can add combinacion", "content_type": 20}, "model": "auth.permission", "pk": 58}, {"fields": {"codename": "change_combinacion", "name": "Can change combinacion", "content_type": 20}, "model": "auth.permission", "pk": 59}, {"fields": {"codename": "delete_combinacion", "name": "Can delete combinacion", "content_type": 20}, "model": "auth.permission", "pk": 60}, {"fields": {"codename": "add_tipografia", "name": "Can add tipografia", "content_type": 21}, "model": "auth.permission", "pk": 61}, {"fields": {"codename": "change_tipografia", "name": "Can change tipografia", "content_type": 21}, "model": "auth.permission", "pk": 62}, {"fields": {"codename": "delete_tipografia", "name": "Can delete tipografia", "content_type": 21}, "model": "auth.permission", "pk": 63}, {"fields": {"codename": "add_sitesetting", "name": "Can add sitesetting", "content_type": 22}, "model": "auth.permission", "pk": 64}, {"fields": {"codename": "change_sitesetting", "name": "Can change sitesetting", "content_type": 22}, "model": "auth.permission", "pk": 65}, {"fields": {"codename": "delete_sitesetting", "name": "Can delete sitesetting", "content_type": 22}, "model": "auth.permission", "pk": 66}, {"fields": {"codename": "add_promocion", "name": "Can add promocion", "content_type": 23}, "model": "auth.permission", "pk": 67}, {"fields": {"codename": "change_promocion", "name": "Can change promocion", "content_type": 23}, "model": "auth.permission", "pk": 68}, {"fields": {"codename": "delete_promocion", "name": "Can delete promocion", "content_type": 23}, "model": "auth.permission", "pk": 69}, {"fields": {"codename": "add_promocat", "name": "Can add promocat", "content_type": 24}, "model": "auth.permission", "pk": 70}, {"fields": {"codename": "change_promocat", "name": "Can change promocat", "content_type": 24}, "model": "auth.permission", "pk": 71}, {"fields": {"codename": "delete_promocat", "name": "Can delete promocat", "content_type": 24}, "model": "auth.permission", "pk": 72}, {"fields": {"codename": "add_segmento", "name": "Can add segmento", "content_type": 25}, "model": "auth.permission", "pk": 73}, {"fields": {"codename": "change_segmento", "name": "Can change segmento", "content_type": 25}, "model": "auth.permission", "pk": 74}, {"fields": {"codename": "delete_segmento", "name": "Can delete segmento", "content_type": 25}, "model": "auth.permission", "pk": 75}, {"fields": {"codename": "add_pregunta", "name": "Can add pregunta", "content_type": 26}, "model": "auth.permission", "pk": 76}, {"fields": {"codename": "change_pregunta", "name": "Can change pregunta", "content_type": 26}, "model": "auth.permission", "pk": 77}, {"fields": {"codename": "delete_pregunta", "name": "Can delete pregunta", "content_type": 26}, "model": "auth.permission", "pk": 78}, {"fields": {"codename": "add_dinpalabra", "name": "Can add dinpalabra", "content_type": 27}, "model": "auth.permission", "pk": 79}, {"fields": {"codename": "change_dinpalabra", "name": "Can change dinpalabra", "content_type": 27}, "model": "auth.permission", "pk": 80}, {"fields": {"codename": "delete_dinpalabra", "name": "Can delete dinpalabra", "content_type": 27}, "model": "auth.permission", "pk": 81}, {"fields": {"codename": "add_respuesta", "name": "Can add respuesta", "content_type": 28}, "model": "auth.permission", "pk": 82}, {"fields": {"codename": "change_respuesta", "name": "Can change respuesta", "content_type": 28}, "model": "auth.permission", "pk": 83}, {"fields": {"codename": "delete_respuesta", "name": "Can delete respuesta", "content_type": 28}, "model": "auth.permission", "pk": 84}, {"fields": {"codename": "add_participacion", "name": "Can add participacion", "content_type": 30}, "model": "auth.permission", "pk": 88}, {"fields": {"codename": "change_participacion", "name": "Can change participacion", "content_type": 30}, "model": "auth.permission", "pk": 89}, {"fields": {"codename": "delete_participacion", "name": "Can delete participacion", "content_type": 30}, "model": "auth.permission", "pk": 90}, {"fields": {"codename": "add_resparticipacion", "name": "Can add resparticipacion", "content_type": 31}, "model": "auth.permission", "pk": 91}, {"fields": {"codename": "change_resparticipacion", "name": "Can change resparticipacion", "content_type": 31}, "model": "auth.permission", "pk": 92}, {"fields": {"codename": "delete_resparticipacion", "name": "Can delete resparticipacion", "content_type": 31}, "model": "auth.permission", "pk": 93}, {"fields": {"codename": "add_profileuser", "name": "Can add profileuser", "content_type": 32}, "model": "auth.permission", "pk": 94}, {"fields": {"codename": "change_profileuser", "name": "Can change profileuser", "content_type": 32}, "model": "auth.permission", "pk": 95}, {"fields": {"codename": "delete_profileuser", "name": "Can delete profileuser", "content_type": 32}, "model": "auth.permission", "pk": 96}, {"fields": {"codename": "add_respondepalabras", "name": "Can add respondepalabras", "content_type": 33}, "model": "auth.permission", "pk": 97}, {"fields": {"codename": "change_respondepalabras", "name": "Can change respondepalabras", "content_type": 33}, "model": "auth.permission", "pk": 98}, {"fields": {"codename": "delete_respondepalabras", "name": "Can delete respondepalabras", "content_type": 33}, "model": "auth.permission", "pk": 99}, {"fields": {"codename": "add_dinfutbol", "name": "Can add dinfutbol", "content_type": 34}, "model": "auth.permission", "pk": 100}, {"fields": {"codename": "change_dinfutbol", "name": "Can change dinfutbol", "content_type": 34}, "model": "auth.permission", "pk": 101}, {"fields": {"codename": "delete_dinfutbol", "name": "Can delete dinfutbol", "content_type": 34}, "model": "auth.permission", "pk": 102}, {"fields": {"codename": "add_partiwin", "name": "Can add partiwin", "content_type": 35}, "model": "auth.permission", "pk": 103}, {"fields": {"codename": "change_partiwin", "name": "Can change partiwin", "content_type": 35}, "model": "auth.permission", "pk": 104}, {"fields": {"codename": "delete_partiwin", "name": "Can delete partiwin", "content_type": 35}, "model": "auth.permission", "pk": 105}, {"fields": {"codename": "add_respondefutbol", "name": "Can add respondefutbol", "content_type": 36}, "model": "auth.permission", "pk": 106}, {"fields": {"codename": "change_respondefutbol", "name": "Can change respondefutbol", "content_type": 36}, "model": "auth.permission", "pk": 107}, {"fields": {"codename": "delete_respondefutbol", "name": "Can delete respondefutbol", "content_type": 36}, "model": "auth.permission", "pk": 108}, {"fields": {"codename": "add_delikes", "name": "Can add delikes", "content_type": 37}, "model": "auth.permission", "pk": 109}, {"fields": {"codename": "change_delikes", "name": "Can change delikes", "content_type": 37}, "model": "auth.permission", "pk": 110}, {"fields": {"codename": "delete_delikes", "name": "Can delete delikes", "content_type": 37}, "model": "auth.permission", "pk": 111}, {"fields": {"codename": "add_pagesetts", "name": "Can add pagesetts", "content_type": 38}, "model": "auth.permission", "pk": 112}, {"fields": {"codename": "change_pagesetts", "name": "Can change pagesetts", "content_type": 38}, "model": "auth.permission", "pk": 113}, {"fields": {"codename": "delete_pagesetts", "name": "Can delete pagesetts", "content_type": 38}, "model": "auth.permission", "pk": 114}, {"fields": {"codename": "add_tablerosopa", "name": "Can add tablerosopa", "content_type": 39}, "model": "auth.permission", "pk": 115}, {"fields": {"codename": "change_tablerosopa", "name": "Can change tablerosopa", "content_type": 39}, "model": "auth.permission", "pk": 116}, {"fields": {"codename": "delete_tablerosopa", "name": "Can delete tablerosopa", "content_type": 39}, "model": "auth.permission", "pk": 117}, {"fields": {"codename": "add_catpromo", "name": "Can add catpromo", "content_type": 40}, "model": "auth.permission", "pk": 118}, {"fields": {"codename": "change_catpromo", "name": "Can change catpromo", "content_type": 40}, "model": "auth.permission", "pk": 119}, {"fields": {"codename": "delete_catpromo", "name": "Can delete catpromo", "content_type": 40}, "model": "auth.permission", "pk": 120}, {"fields": {"codename": "add_mediapromo", "name": "Can add mediapromo", "content_type": 41}, "model": "auth.permission", "pk": 121}, {"fields": {"codename": "change_mediapromo", "name": "Can change mediapromo", "content_type": 41}, "model": "auth.permission", "pk": 122}, {"fields": {"codename": "delete_mediapromo", "name": "Can delete mediapromo", "content_type": 41}, "model": "auth.permission", "pk": 123}, {"fields": {"username": "usuario", "first_name": "Nombre", "last_name": "", "is_active": true, "is_superuser": false, "is_staff": false, "last_login": null, "groups": [], "user_permissions": [], "password": "", "email": "usuario", "date_joined": "2018-04-09T21:14:49.817Z"}, "model": "auth.user", "pk": 1}, {"fields": {"username": "123", "first_name": "Ivan", "last_name": "", "is_active": true, "is_superuser": false, "is_staff": false, "last_login": null, "groups": [], "user_permissions": [], "password": "", "email": "123", "date_joined": "2018-04-09T21:52:55.834Z"}, "model": "auth.user", "pk": 2}, {"fields": {"username": "23452345", "first_name": "", "last_name": "", "is_active": true, "is_superuser": false, "is_staff": true, "last_login": "2018-04-09T23:04:14.466Z", "groups": [], "user_permissions": [], "password": "pbkdf2_sha256$20000$YbsB3gHXjGaY$RFLG8Cl89OxyMd/bEfMOqnhhbsHQdRCc92nECiIT+ZE=", "email": "jr@gmail.com", "date_joined": "2018-04-09T23:04:14.398Z"}, "model": "auth.user", "pk": 3}, {"fields": {"username": "lenny-kravitz", "first_name": "", "last_name": "", "is_active": true, "is_superuser": false, "is_staff": true, "last_login": "2018-04-10T00:59:39.050Z", "groups": [], "user_permissions": [], "password": "pbkdf2_sha256$20000$1D2JevkxpqvO$hfGMIIYFR2MvtlFM/YIetm/b1oxbciiNPWk3+jImD+I=", "email": "correo@correo.com", "date_joined": "2018-04-10T00:59:39.004Z"}, "model": "auth.user", "pk": 4}, {"fields": {"username": "9001", "first_name": "", "last_name": "", "is_active": true, "is_superuser": false, "is_staff": true, "last_login": "2018-04-10T01:01:36.555Z", "groups": [], "user_permissions": [], "password": "pbkdf2_sha256$20000$djq4Uc5z3kYh$q6Hi72MjUMyN3OEWzjQ88tHS8apbXF4LePfHG3K9d7A=", "email": "9001@gmail.com", "date_joined": "2018-04-10T01:01:36.507Z"}, "model": "auth.user", "pk": 5}, {"fields": {"username": "9002", "first_name": "", "last_name": "", "is_active": true, "is_superuser": false, "is_staff": true, "last_login": "2018-04-10T01:03:09.863Z", "groups": [], "user_permissions": [], "password": "pbkdf2_sha256$20000$cq2OhB40r7HX$47do+XXgul7LMu87DgiPkN8DkwVa+M4Px6+zJEdWqOY=", "email": "9002@gmail.com", "date_joined": "2018-04-10T01:03:09.820Z"}, "model": "auth.user", "pk": 6}, {"fields": {"username": "pedro", "first_name": "mario", "last_name": "", "is_active": true, "is_superuser": false, "is_staff": false, "last_login": null, "groups": [], "user_permissions": [], "password": "", "email": "pedro", "date_joined": "2018-04-10T08:51:31.850Z"}, "model": "auth.user", "pk": 7}, {"fields": {"username": "pedrito", "first_name": "mariok", "last_name": "", "is_active": true, "is_superuser": false, "is_staff": false, "last_login": null, "groups": [], "user_permissions": [], "password": "", "email": "pedrito", "date_joined": "2018-04-10T08:59:57.710Z"}, "model": "auth.user", "pk": 8}, {"fields": {"username": "carlos", "first_name": "mariokk", "last_name": "", "is_active": true, "is_superuser": false, "is_staff": false, "last_login": null, "groups": [], "user_permissions": [], "password": "", "email": "carlos", "date_joined": "2018-04-10T09:02:38.278Z"}, "model": "auth.user", "pk": 9}, {"fields": {"username": "88", "first_name": "", "last_name": "", "is_active": true, "is_superuser": false, "is_staff": true, "last_login": "2018-04-10T09:14:44.460Z", "groups": [], "user_permissions": [], "password": "pbkdf2_sha256$20000$Uo5PkGsVnlza$YdxM6USg2K8onviooXSKbECMXZXY2oZe55tiARriZV4=", "email": "88@gmail.com", "date_joined": "2018-04-10T09:14:44.407Z"}, "model": "auth.user", "pk": 10}, {"fields": {"username": "carlossss", "first_name": "mariokkss", "last_name": "", "is_active": true, "is_superuser": false, "is_staff": false, "last_login": null, "groups": [], "user_permissions": [], "password": "", "email": "carlossss", "date_joined": "2018-04-10T09:18:45.372Z"}, "model": "auth.user", "pk": 11}, {"fields": {"username": "ccccarlos", "first_name": "mariokkss", "last_name": "", "is_active": true, "is_superuser": false, "is_staff": false, "last_login": null, "groups": [], "user_permissions": [], "password": "", "email": "ccccarlos", "date_joined": "2018-04-10T09:20:58.376Z"}, "model": "auth.user", "pk": 12}, {"fields": {"username": "manolo", "first_name": "marnolin", "last_name": "", "is_active": true, "is_superuser": false, "is_staff": false, "last_login": null, "groups": [], "user_permissions": [], "password": "", "email": "manolo", "date_joined": "2018-04-10T09:25:02.483Z"}, "model": "auth.user", "pk": 13}, {"fields": {"username": "maaanolo", "first_name": "marnolin", "last_name": "", "is_active": true, "is_superuser": false, "is_staff": false, "last_login": null, "groups": [], "user_permissions": [], "password": "", "email": "maaanolo", "date_joined": "2018-04-10T09:29:22.907Z"}, "model": "auth.user", "pk": 14}, {"fields": {"username": "saruman", "first_name": "Name", "last_name": "", "is_active": true, "is_superuser": false, "is_staff": false, "last_login": null, "groups": [], "user_permissions": [], "password": "", "email": "saruman", "date_joined": "2018-04-10T10:36:20.467Z"}, "model": "auth.user", "pk": 15}, {"fields": {"username": "mariodevega", "first_name": "Laura", "last_name": "", "is_active": true, "is_superuser": false, "is_staff": false, "last_login": null, "groups": [], "user_permissions": [], "password": "", "email": "mariodevega", "date_joined": "2018-04-10T10:37:25.272Z"}, "model": "auth.user", "pk": 16}, {"fields": {"username": "usuario1", "first_name": "Nombre", "last_name": "", "is_active": true, "is_superuser": false, "is_staff": false, "last_login": null, "groups": [], "user_permissions": [], "password": "", "email": "usuario1", "date_joined": "2018-04-10T16:03:09.234Z"}, "model": "auth.user", "pk": 17}, {"fields": {"username": "email_usuario", "first_name": "Juan", "last_name": "", "is_active": true, "is_superuser": false, "is_staff": false, "last_login": null, "groups": [], "user_permissions": [], "password": "", "email": "email_usuario", "date_joined": "2018-04-14T20:24:51.018Z"}, "model": "auth.user", "pk": 18}, {"fields": {"username": "1", "first_name": "Name", "last_name": "", "is_active": true, "is_superuser": false, "is_staff": false, "last_login": null, "groups": [], "user_permissions": [], "password": "", "email": "1", "date_joined": "2018-04-15T15:27:37.791Z"}, "model": "auth.user", "pk": 19}, {"fields": {"username": "pepito", "first_name": "Name", "last_name": "", "is_active": true, "is_superuser": false, "is_staff": false, "last_login": null, "groups": [], "user_permissions": [], "password": "", "email": "pepito", "date_joined": "2018-04-16T12:13:27.579Z"}, "model": "auth.user", "pk": 20}, {"fields": {"username": "pepote", "first_name": "Name", "last_name": "", "is_active": true, "is_superuser": false, "is_staff": false, "last_login": null, "groups": [], "user_permissions": [], "password": "", "email": "pepote", "date_joined": "2018-04-16T12:14:37.776Z"}, "model": "auth.user", "pk": 21}, {"fields": {"username": "manolin", "first_name": "Name", "last_name": "", "is_active": true, "is_superuser": false, "is_staff": false, "last_login": null, "groups": [], "user_permissions": [], "password": "", "email": "manolin", "date_joined": "2018-04-16T12:29:28.355Z"}, "model": "auth.user", "pk": 22}, {"fields": {"username": "roberton", "first_name": "Name", "last_name": "", "is_active": true, "is_superuser": false, "is_staff": false, "last_login": null, "groups": [], "user_permissions": [], "password": "", "email": "roberton", "date_joined": "2018-04-16T12:52:58.258Z"}, "model": "auth.user", "pk": 23}, {"fields": {"username": "anastacio", "first_name": "Name", "last_name": "", "is_active": true, "is_superuser": false, "is_staff": false, "last_login": null, "groups": [], "user_permissions": [], "password": "", "email": "anastacio", "date_joined": "2018-04-16T12:53:44.296Z"}, "model": "auth.user", "pk": 24}, {"fields": {"username": "manolito", "first_name": "Name", "last_name": "", "is_active": true, "is_superuser": false, "is_staff": false, "last_login": null, "groups": [], "user_permissions": [], "password": "", "email": "manolito", "date_joined": "2018-04-16T12:55:10.955Z"}, "model": "auth.user", "pk": 25}, {"fields": {"username": "anastacioooooo", "first_name": "Name", "last_name": "", "is_active": true, "is_superuser": false, "is_staff": false, "last_login": null, "groups": [], "user_permissions": [], "password": "", "email": "anastacioooooo", "date_joined": "2018-04-16T13:01:05.825Z"}, "model": "auth.user", "pk": 26}, {"fields": {"username": "menendez", "first_name": "Name", "last_name": "", "is_active": true, "is_superuser": false, "is_staff": false, "last_login": null, "groups": [], "user_permissions": [], "password": "", "email": "menendez", "date_joined": "2018-04-16T13:04:28.081Z"}, "model": "auth.user", "pk": 27}, {"fields": {"username": "robertonnnn", "first_name": "Name", "last_name": "", "is_active": true, "is_superuser": false, "is_staff": false, "last_login": null, "groups": [], "user_permissions": [], "password": "", "email": "robertonnnn", "date_joined": "2018-04-16T13:15:24.569Z"}, "model": "auth.user", "pk": 28}, {"fields": {"username": "rooooobertonnnn", "first_name": "Name", "last_name": "", "is_active": true, "is_superuser": false, "is_staff": false, "last_login": null, "groups": [], "user_permissions": [], "password": "", "email": "rooooobertonnnn", "date_joined": "2018-04-16T13:17:40.136Z"}, "model": "auth.user", "pk": 29}, {"fields": {"username": "anacletaaaa", "first_name": "Name", "last_name": "", "is_active": true, "is_superuser": false, "is_staff": false, "last_login": null, "groups": [], "user_permissions": [], "password": "", "email": "anacletaaaa", "date_joined": "2018-04-16T13:18:28.644Z"}, "model": "auth.user", "pk": 30}, {"fields": {"username": "huubert", "first_name": "Name", "last_name": "", "is_active": true, "is_superuser": false, "is_staff": false, "last_login": null, "groups": [], "user_permissions": [], "password": "", "email": "huubert", "date_joined": "2018-04-16T13:21:43.578Z"}, "model": "auth.user", "pk": 31}, {"fields": {"username": "devega", "first_name": "Name", "last_name": "", "is_active": true, "is_superuser": false, "is_staff": false, "last_login": null, "groups": [], "user_permissions": [], "password": "", "email": "devega", "date_joined": "2018-04-16T13:24:15.316Z"}, "model": "auth.user", "pk": 32}, {"fields": {"username": "devegaaaa", "first_name": "Name", "last_name": "", "is_active": true, "is_superuser": false, "is_staff": false, "last_login": null, "groups": [], "user_permissions": [], "password": "", "email": "devegaaaa", "date_joined": "2018-04-16T13:48:12.276Z"}, "model": "auth.user", "pk": 33}, {"fields": {"username": "devegaaaaaaa", "first_name": "Name", "last_name": "", "is_active": true, "is_superuser": false, "is_staff": false, "last_login": null, "groups": [], "user_permissions": [], "password": "", "email": "devegaaaaaaa", "date_joined": "2018-04-16T13:51:19.054Z"}, "model": "auth.user", "pk": 34}, {"fields": {"username": "devegaaaaaaaasd", "first_name": "Name", "last_name": "", "is_active": true, "is_superuser": false, "is_staff": false, "last_login": null, "groups": [], "user_permissions": [], "password": "", "email": "devegaaaaaaaasd", "date_joined": "2018-04-16T13:55:50.370Z"}, "model": "auth.user", "pk": 35}, {"fields": {"username": "devegaaaaaaaasdaaa", "first_name": "Name", "last_name": "", "is_active": true, "is_superuser": false, "is_staff": false, "last_login": null, "groups": [], "user_permissions": [], "password": "", "email": "devegaaaaaaaasdaaa", "date_joined": "2018-04-16T14:11:18.405Z"}, "model": "auth.user", "pk": 36}, {"fields": {"username": "devegaaaaaaaasdaaaaaa", "first_name": "Name", "last_name": "", "is_active": true, "is_superuser": false, "is_staff": false, "last_login": null, "groups": [], "user_permissions": [], "password": "", "email": "devegaaaaaaaasdaaaaaa", "date_joined": "2018-04-16T14:27:16.627Z"}, "model": "auth.user", "pk": 37}, {"fields": {"username": "claudiaarias", "first_name": "Nombre", "last_name": "", "is_active": true, "is_superuser": false, "is_staff": false, "last_login": null, "groups": [], "user_permissions": [], "password": "", "email": "claudiaarias", "date_joined": "2018-04-16T14:43:02.780Z"}, "model": "auth.user", "pk": 38}, {"fields": {"username": "rigo", "first_name": "Name", "last_name": "", "is_active": true, "is_superuser": false, "is_staff": false, "last_login": null, "groups": [], "user_permissions": [], "password": "", "email": "rigo", "date_joined": "2018-04-16T14:51:49.606Z"}, "model": "auth.user", "pk": 39}, {"fields": {"username": "rigober", "first_name": "Name", "last_name": "", "is_active": true, "is_superuser": false, "is_staff": false, "last_login": null, "groups": [], "user_permissions": [], "password": "", "email": "rigober", "date_joined": "2018-04-16T15:25:57.842Z"}, "model": "auth.user", "pk": 40}, {"fields": {"username": "anacleto", "first_name": "Name", "last_name": "", "is_active": true, "is_superuser": false, "is_staff": false, "last_login": null, "groups": [], "user_permissions": [], "password": "", "email": "anacleto", "date_joined": "2018-04-16T15:51:00.115Z"}, "model": "auth.user", "pk": 41}, {"fields": {"username": "anacletossss", "first_name": "Name", "last_name": "", "is_active": true, "is_superuser": false, "is_staff": false, "last_login": null, "groups": [], "user_permissions": [], "password": "", "email": "anacletossss", "date_joined": "2018-04-16T16:06:51.589Z"}, "model": "auth.user", "pk": 42}, {"fields": {"username": "rigoberto", "first_name": "Name", "last_name": "", "is_active": true, "is_superuser": false, "is_staff": false, "last_login": null, "groups": [], "user_permissions": [], "password": "", "email": "rigoberto", "date_joined": "2018-04-16T16:50:39.984Z"}, "model": "auth.user", "pk": 43}, {"fields": {"username": "aaron", "first_name": "Name", "last_name": "", "is_active": true, "is_superuser": false, "is_staff": false, "last_login": null, "groups": [], "user_permissions": [], "password": "", "email": "aaron", "date_joined": "2018-04-17T09:34:13.707Z"}, "model": "auth.user", "pk": 44}, {"fields": {"username": "aaroncc", "first_name": "Name", "last_name": "", "is_active": true, "is_superuser": false, "is_staff": false, "last_login": null, "groups": [], "user_permissions": [], "password": "", "email": "aaroncc", "date_joined": "2018-04-18T16:50:38.438Z"}, "model": "auth.user", "pk": 45}, {"fields": {"username": "aaronccaqsw", "first_name": "Name", "last_name": "", "is_active": true, "is_superuser": false, "is_staff": false, "last_login": null, "groups": [], "user_permissions": [], "password": "", "email": "aaronccaqsw", "date_joined": "2018-04-19T13:00:28.058Z"}, "model": "auth.user", "pk": 46}, {"fields": {"username": "jimenacuaron", "first_name": "Nombre", "last_name": "", "is_active": true, "is_superuser": false, "is_staff": false, "last_login": null, "groups": [], "user_permissions": [], "password": "", "email": "jimenacuaron", "date_joined": "2018-04-27T15:18:54.173Z"}, "model": "auth.user", "pk": 47}, {"fields": {"username": "12", "first_name": "Name", "last_name": "", "is_active": true, "is_superuser": false, "is_staff": false, "last_login": null, "groups": [], "user_permissions": [], "password": "", "email": "12", "date_joined": "2018-04-30T18:46:19.693Z"}, "model": "auth.user", "pk": 48}, {"fields": {"username": "16", "first_name": "Name", "last_name": "", "is_active": true, "is_superuser": false, "is_staff": false, "last_login": null, "groups": [], "user_permissions": [], "password": "", "email": "16", "date_joined": "2018-04-30T18:49:00.334Z"}, "model": "auth.user", "pk": 49}, {"fields": {"username": "17", "first_name": "Name", "last_name": "", "is_active": true, "is_superuser": false, "is_staff": false, "last_login": null, "groups": [], "user_permissions": [], "password": "", "email": "17", "date_joined": "2018-04-30T18:51:23.882Z"}, "model": "auth.user", "pk": 50}, {"fields": {"username": "18", "first_name": "Name", "last_name": "", "is_active": true, "is_superuser": false, "is_staff": false, "last_login": null, "groups": [], "user_permissions": [], "password": "", "email": "18", "date_joined": "2018-04-30T19:06:41.984Z"}, "model": "auth.user", "pk": 51}, {"fields": {"username": "19", "first_name": "Name", "last_name": "", "is_active": true, "is_superuser": false, "is_staff": false, "last_login": null, "groups": [], "user_permissions": [], "password": "", "email": "19", "date_joined": "2018-04-30T19:07:56.655Z"}, "model": "auth.user", "pk": 52}, {"fields": {"username": "20", "first_name": "Name", "last_name": "", "is_active": true, "is_superuser": false, "is_staff": false, "last_login": null, "groups": [], "user_permissions": [], "password": "", "email": "20", "date_joined": "2018-04-30T19:08:16.648Z"}, "model": "auth.user", "pk": 53}, {"fields": {"username": "21", "first_name": "Name", "last_name": "", "is_active": true, "is_superuser": false, "is_staff": false, "last_login": null, "groups": [], "user_permissions": [], "password": "", "email": "21", "date_joined": "2018-04-30T19:11:33.510Z"}, "model": "auth.user", "pk": 54}, {"fields": {"username": "22", "first_name": "Name", "last_name": "", "is_active": true, "is_superuser": false, "is_staff": false, "last_login": null, "groups": [], "user_permissions": [], "password": "", "email": "22", "date_joined": "2018-04-30T19:12:28.040Z"}, "model": "auth.user", "pk": 55}, {"fields": {"username": "23", "first_name": "Name", "last_name": "", "is_active": true, "is_superuser": false, "is_staff": false, "last_login": null, "groups": [], "user_permissions": [], "password": "", "email": "23", "date_joined": "2018-04-30T19:17:59.172Z"}, "model": "auth.user", "pk": 56}, {"fields": {"username": "24", "first_name": "Name", "last_name": "", "is_active": true, "is_superuser": false, "is_staff": false, "last_login": null, "groups": [], "user_permissions": [], "password": "", "email": "24", "date_joined": "2018-04-30T19:25:41.492Z"}, "model": "auth.user", "pk": 57}, {"fields": {"username": "30", "first_name": "Name", "last_name": "", "is_active": true, "is_superuser": false, "is_staff": false, "last_login": null, "groups": [], "user_permissions": [], "password": "", "email": "30", "date_joined": "2018-04-30T19:31:05.448Z"}, "model": "auth.user", "pk": 58}, {"fields": {"username": "2", "first_name": "Name", "last_name": "", "is_active": true, "is_superuser": false, "is_staff": false, "last_login": null, "groups": [], "user_permissions": [], "password": "", "email": "2", "date_joined": "2018-04-30T19:34:36.574Z"}, "model": "auth.user", "pk": 59}, {"fields": {"username": "3", "first_name": "Name", "last_name": "", "is_active": true, "is_superuser": false, "is_staff": false, "last_login": null, "groups": [], "user_permissions": [], "password": "", "email": "3", "date_joined": "2018-04-30T19:36:56.197Z"}, "model": "auth.user", "pk": 60}, {"fields": {"username": "8", "first_name": "Name", "last_name": "", "is_active": true, "is_superuser": false, "is_staff": false, "last_login": null, "groups": [], "user_permissions": [], "password": "", "email": "8", "date_joined": "2018-04-30T19:37:04.072Z"}, "model": "auth.user", "pk": 61}, {"fields": {"username": "9", "first_name": "Name", "last_name": "", "is_active": true, "is_superuser": false, "is_staff": false, "last_login": null, "groups": [], "user_permissions": [], "password": "", "email": "9", "date_joined": "2018-04-30T19:48:05.907Z"}, "model": "auth.user", "pk": 62}, {"fields": {"username": "10", "first_name": "Name", "last_name": "", "is_active": true, "is_superuser": false, "is_staff": false, "last_login": null, "groups": [], "user_permissions": [], "password": "", "email": "10", "date_joined": "2018-04-30T19:48:58.968Z"}, "model": "auth.user", "pk": 63}, {"fields": {"username": "11", "first_name": "Name", "last_name": "", "is_active": true, "is_superuser": false, "is_staff": false, "last_login": null, "groups": [], "user_permissions": [], "password": "", "email": "11", "date_joined": "2018-04-30T19:49:08.400Z"}, "model": "auth.user", "pk": 64}, {"fields": {"username": "32", "first_name": "Name", "last_name": "", "is_active": true, "is_superuser": false, "is_staff": false, "last_login": null, "groups": [], "user_permissions": [], "password": "", "email": "32", "date_joined": "2018-04-30T22:14:57.434Z"}, "model": "auth.user", "pk": 65}, {"fields": {"username": "33", "first_name": "Name", "last_name": "", "is_active": true, "is_superuser": false, "is_staff": false, "last_login": null, "groups": [], "user_permissions": [], "password": "", "email": "33", "date_joined": "2018-04-30T22:15:23.887Z"}, "model": "auth.user", "pk": 66}, {"fields": {"username": "29", "first_name": "FernandaM", "last_name": "", "is_active": true, "is_superuser": false, "is_staff": false, "last_login": null, "groups": [], "user_permissions": [], "password": "", "email": "29", "date_joined": "2018-04-30T22:15:53.403Z"}, "model": "auth.user", "pk": 67}, {"fields": {"username": "15", "first_name": "Name", "last_name": "", "is_active": true, "is_superuser": false, "is_staff": false, "last_login": null, "groups": [], "user_permissions": [], "password": "", "email": "15", "date_joined": "2018-05-02T21:36:20.189Z"}, "model": "auth.user", "pk": 68}, {"fields": {"username": "14", "first_name": "Name", "last_name": "", "is_active": true, "is_superuser": false, "is_staff": false, "last_login": null, "groups": [], "user_permissions": [], "password": "", "email": "14", "date_joined": "2018-05-02T22:00:50.911Z"}, "model": "auth.user", "pk": 69}, {"fields": {"username": "28", "first_name": "Name", "last_name": "", "is_active": true, "is_superuser": false, "is_staff": false, "last_login": null, "groups": [], "user_permissions": [], "password": "", "email": "28", "date_joined": "2018-05-03T21:05:16.788Z"}, "model": "auth.user", "pk": 70}, {"fields": {"username": "25", "first_name": "Name", "last_name": "", "is_active": true, "is_superuser": false, "is_staff": false, "last_login": null, "groups": [], "user_permissions": [], "password": "", "email": "25", "date_joined": "2018-05-13T15:53:50.353Z"}, "model": "auth.user", "pk": 71}, {"fields": {"username": "26", "first_name": "Name", "last_name": "", "is_active": true, "is_superuser": false, "is_staff": false, "last_login": null, "groups": [], "user_permissions": [], "password": "", "email": "26", "date_joined": "2018-05-13T16:00:51.307Z"}, "model": "auth.user", "pk": 72}, {"fields": {"username": "13", "first_name": "Name", "last_name": "", "is_active": true, "is_superuser": false, "is_staff": false, "last_login": null, "groups": [], "user_permissions": [], "password": "", "email": "13", "date_joined": "2018-05-13T16:04:29.869Z"}, "model": "auth.user", "pk": 73}, {"fields": {"username": "4", "first_name": "Name", "last_name": "", "is_active": true, "is_superuser": false, "is_staff": false, "last_login": null, "groups": [], "user_permissions": [], "password": "", "email": "4", "date_joined": "2018-05-13T16:59:21.517Z"}, "model": "auth.user", "pk": 74}, {"fields": {"username": "6", "first_name": "Name", "last_name": "", "is_active": true, "is_superuser": false, "is_staff": false, "last_login": null, "groups": [], "user_permissions": [], "password": "", "email": "6", "date_joined": "2018-05-25T00:53:47.560Z"}, "model": "auth.user", "pk": 75}, {"fields": {"username": "7", "first_name": "Name", "last_name": "", "is_active": true, "is_superuser": false, "is_staff": false, "last_login": null, "groups": [], "user_permissions": [], "password": "", "email": "7", "date_joined": "2018-05-26T14:28:00.433Z"}, "model": "auth.user", "pk": 76}, {"fields": {"username": "saruman1", "first_name": "Name", "last_name": "", "is_active": true, "is_superuser": false, "is_staff": false, "last_login": null, "groups": [], "user_permissions": [], "password": "", "email": "saruman1", "date_joined": "2018-05-29T20:19:10.163Z"}, "model": "auth.user", "pk": 77}, {"fields": {"username": "101", "first_name": "Name", "last_name": "", "is_active": true, "is_superuser": false, "is_staff": false, "last_login": null, "groups": [], "user_permissions": [], "password": "", "email": "101", "date_joined": "2018-05-29T20:20:03.766Z"}, "model": "auth.user", "pk": 78}, {"fields": {"username": "40", "first_name": "Name", "last_name": "", "is_active": true, "is_superuser": false, "is_staff": false, "last_login": null, "groups": [], "user_permissions": [], "password": "", "email": "40", "date_joined": "2018-05-30T06:34:40.397Z"}, "model": "auth.user", "pk": 79}, {"fields": {"username": "usuario14", "first_name": "Nombre", "last_name": "", "is_active": true, "is_superuser": false, "is_staff": false, "last_login": null, "groups": [], "user_permissions": [], "password": "", "email": "usuario14", "date_joined": "2018-05-30T19:18:28.978Z"}, "model": "auth.user", "pk": 81}, {"fields": {"username": "", "first_name": "unName", "last_name": "", "is_active": true, "is_superuser": false, "is_staff": false, "last_login": null, "groups": [], "user_permissions": [], "password": "", "email": "cruzarios@gmail.com", "date_joined": "2018-06-06T18:50:01.261Z"}, "model": "auth.user", "pk": 84}, {"fields": {"username": "48", "first_name": "Name", "last_name": "", "is_active": true, "is_superuser": false, "is_staff": false, "last_login": null, "groups": [], "user_permissions": [], "password": "", "email": "48", "date_joined": "2018-06-12T19:20:38.852Z"}, "model": "auth.user", "pk": 86}, {"fields": {"username": "49", "first_name": "Name", "last_name": "", "is_active": true, "is_superuser": false, "is_staff": false, "last_login": null, "groups": [], "user_permissions": [], "password": "", "email": "49", "date_joined": "2018-06-12T19:22:45.746Z"}, "model": "auth.user", "pk": 87}, {"fields": {"username": "50", "first_name": "Name", "last_name": "", "is_active": true, "is_superuser": false, "is_staff": false, "last_login": null, "groups": [], "user_permissions": [], "password": "", "email": "50", "date_joined": "2018-06-12T19:51:08.213Z"}, "model": "auth.user", "pk": 89}, {"fields": {"username": "51", "first_name": "Name", "last_name": "", "is_active": true, "is_superuser": false, "is_staff": false, "last_login": null, "groups": [], "user_permissions": [], "password": "", "email": "51", "date_joined": "2018-06-12T19:51:34.801Z"}, "model": "auth.user", "pk": 90}, {"fields": {"username": "141", "first_name": "Name", "last_name": "", "is_active": true, "is_superuser": false, "is_staff": false, "last_login": null, "groups": [], "user_permissions": [], "password": "", "email": "141", "date_joined": "2018-06-13T20:30:58.783Z"}, "model": "auth.user", "pk": 100}, {"fields": {"username": "81", "first_name": "Name", "last_name": "", "is_active": true, "is_superuser": false, "is_staff": false, "last_login": null, "groups": [], "user_permissions": [], "password": "", "email": "81", "date_joined": "2018-06-17T18:48:45.513Z"}, "model": "auth.user", "pk": 116}, {"fields": {"username": "102", "first_name": "Name", "last_name": "", "is_active": true, "is_superuser": false, "is_staff": false, "last_login": null, "groups": [], "user_permissions": [], "password": "", "email": "102", "date_joined": "2018-06-18T04:52:30.016Z"}, "model": "auth.user", "pk": 117}, {"fields": {"username": "104", "first_name": "Name", "last_name": "", "is_active": true, "is_superuser": false, "is_staff": false, "last_login": null, "groups": [], "user_permissions": [], "password": "", "email": "104", "date_joined": "2018-06-18T04:58:30.790Z"}, "model": "auth.user", "pk": 118}, {"fields": {"username": "103", "first_name": "Name", "last_name": "", "is_active": true, "is_superuser": false, "is_staff": false, "last_login": null, "groups": [], "user_permissions": [], "password": "", "email": "103", "date_joined": "2018-06-18T05:02:39.723Z"}, "model": "auth.user", "pk": 119}, {"fields": {"username": "105", "first_name": "Name", "last_name": "", "is_active": true, "is_superuser": false, "is_staff": false, "last_login": null, "groups": [], "user_permissions": [], "password": "", "email": "105", "date_joined": "2018-06-19T07:49:30.832Z"}, "model": "auth.user", "pk": 138}, {"fields": {"username": "106", "first_name": "Name", "last_name": "", "is_active": true, "is_superuser": false, "is_staff": false, "last_login": null, "groups": [], "user_permissions": [], "password": "", "email": "106", "date_joined": "2018-06-19T07:49:55.534Z"}, "model": "auth.user", "pk": 139}, {"fields": {"username": "34", "first_name": "Name", "last_name": "", "is_active": true, "is_superuser": false, "is_staff": false, "last_login": null, "groups": [], "user_permissions": [], "password": "", "email": "34", "date_joined": "2018-06-19T08:32:55.324Z"}, "model": "auth.user", "pk": 140}, {"fields": {"username": "2\\", "first_name": "Name", "last_name": "", "is_active": true, "is_superuser": false, "is_staff": false, "last_login": null, "groups": [], "user_permissions": [], "password": "", "email": "2\\", "date_joined": "2018-06-19T19:08:23.162Z"}, "model": "auth.user", "pk": 142}, {"fields": {"username": "iav@gmail.com", "first_name": "unName", "last_name": "", "is_active": true, "is_superuser": false, "is_staff": false, "last_login": null, "groups": [], "user_permissions": [], "password": "", "email": "iav@gmail.com", "date_joined": "2018-06-20T20:58:21.667Z"}, "model": "auth.user", "pk": 157}, {"fields": {"username": "iav@gasdfasdfl.com", "first_name": "unName", "last_name": "", "is_active": true, "is_superuser": false, "is_staff": false, "last_login": null, "groups": [], "user_permissions": [], "password": "", "email": "iav@gasdfasdfl.com", "date_joined": "2018-06-20T20:58:39.978Z"}, "model": "auth.user", "pk": 158}, {"fields": {"username": "data@ivanabreu.net", "first_name": "unName", "last_name": "", "is_active": true, "is_superuser": false, "is_staff": false, "last_login": null, "groups": [], "user_permissions": [], "password": "", "email": "data@ivanabreu.net", "date_joined": "2018-06-20T20:59:04.575Z"}, "model": "auth.user", "pk": 159}, {"fields": {"username": "otro@otro.mx", "first_name": "unName", "last_name": "", "is_active": true, "is_superuser": false, "is_staff": false, "last_login": null, "groups": [], "user_permissions": [], "password": "", "email": "otro@otro.mx", "date_joined": "2018-06-20T21:00:29.839Z"}, "model": "auth.user", "pk": 160}, {"fields": {"username": "otro2@otro.mx", "first_name": "unName", "last_name": "", "is_active": true, "is_superuser": false, "is_staff": false, "last_login": null, "groups": [], "user_permissions": [], "password": "", "email": "otro2@otro.mx", "date_joined": "2018-06-20T21:00:49.776Z"}, "model": "auth.user", "pk": 161}, {"fields": {"username": "cruzarios@gmail.com", "first_name": "unName", "last_name": "", "is_active": true, "is_superuser": false, "is_staff": false, "last_login": null, "groups": [], "user_permissions": [], "password": "", "email": "cruzarios@gmail.com", "date_joined": "2018-06-20T22:02:00.747Z"}, "model": "auth.user", "pk": 162}, {"fields": {"username": "diego@mail.telcel.com", "first_name": "unName", "last_name": "", "is_active": true, "is_superuser": false, "is_staff": false, "last_login": null, "groups": [], "user_permissions": [], "password": "", "email": "diego@mail.telcel.com", "date_joined": "2018-06-21T16:05:01.503Z"}, "model": "auth.user", "pk": 163}, {"fields": {"username": "lorena.cortes@telcel.com", "first_name": "unName", "last_name": "", "is_active": true, "is_superuser": false, "is_staff": false, "last_login": null, "groups": [], "user_permissions": [], "password": "", "email": "lorena.cortes@telcel.com", "date_joined": "2018-06-21T16:14:11.867Z"}, "model": "auth.user", "pk": 164}, {"fields": {"username": "lucina.bueno@hotmail.com", "first_name": "unName", "last_name": "", "is_active": true, "is_superuser": false, "is_staff": false, "last_login": null, "groups": [], "user_permissions": [], "password": "", "email": "lucina.bueno@hotmail.com", "date_joined": "2018-06-22T14:56:38.908Z"}, "model": "auth.user", "pk": 165}, {"fields": {"usuariopk": 1, "date_reg": "2018-04-09T21:14:49.824Z", "servicios": "claromusica,clarovideo", "imagen": ""}, "model": "dinamicasapp.profileuser", "pk": 1}, {"fields": {"usuariopk": 2, "date_reg": "2018-04-09T21:52:55.840Z", "servicios": "clarovideo", "imagen": "static/media/avatar/35482339_10214210618592216_2260210875774271488_n_Chj3XEG.jpg"}, "model": "dinamicasapp.profileuser", "pk": 2}, {"fields": {"usuariopk": 7, "date_reg": "2018-04-10T08:51:31.856Z", "servicios": "claromusica", "imagen": ""}, "model": "dinamicasapp.profileuser", "pk": 3}, {"fields": {"usuariopk": 8, "date_reg": "2018-04-10T08:59:57.718Z", "servicios": "claromusica", "imagen": ""}, "model": "dinamicasapp.profileuser", "pk": 4}, {"fields": {"usuariopk": 9, "date_reg": "2018-04-10T09:02:38.285Z", "servicios": "claromusica", "imagen": ""}, "model": "dinamicasapp.profileuser", "pk": 5}, {"fields": {"usuariopk": 11, "date_reg": "2018-04-10T09:18:45.378Z", "servicios": "claromusica", "imagen": ""}, "model": "dinamicasapp.profileuser", "pk": 6}, {"fields": {"usuariopk": 12, "date_reg": "2018-04-10T09:20:58.386Z", "servicios": "claromusica", "imagen": ""}, "model": "dinamicasapp.profileuser", "pk": 7}, {"fields": {"usuariopk": 13, "date_reg": "2018-04-10T09:25:02.489Z", "servicios": "claromusica", "imagen": ""}, "model": "dinamicasapp.profileuser", "pk": 8}, {"fields": {"usuariopk": 14, "date_reg": "2018-04-10T09:29:22.912Z", "servicios": "clarovideo", "imagen": ""}, "model": "dinamicasapp.profileuser", "pk": 9}, {"fields": {"usuariopk": 15, "date_reg": "2018-04-10T10:36:20.473Z", "servicios": null, "imagen": ""}, "model": "dinamicasapp.profileuser", "pk": 10}, {"fields": {"usuariopk": 16, "date_reg": "2018-04-10T10:37:25.279Z", "servicios": "mmmm", "imagen": ""}, "model": "dinamicasapp.profileuser", "pk": 11}, {"fields": {"usuariopk": 17, "date_reg": "2018-04-10T16:03:09.244Z", "servicios": "claro_musica", "imagen": ""}, "model": "dinamicasapp.profileuser", "pk": 12}, {"fields": {"usuariopk": 18, "date_reg": "2018-04-14T20:24:51.024Z", "servicios": "claromusica,clarovideo", "imagen": ""}, "model": "dinamicasapp.profileuser", "pk": 13}, {"fields": {"usuariopk": 19, "date_reg": "2018-04-15T15:27:37.798Z", "servicios": null, "imagen": ""}, "model": "dinamicasapp.profileuser", "pk": 14}, {"fields": {"usuariopk": 20, "date_reg": "2018-04-16T12:13:27.586Z", "servicios": null, "imagen": ""}, "model": "dinamicasapp.profileuser", "pk": 15}, {"fields": {"usuariopk": 21, "date_reg": "2018-04-16T12:14:37.781Z", "servicios": null, "imagen": ""}, "model": "dinamicasapp.profileuser", "pk": 16}, {"fields": {"usuariopk": 22, "date_reg": "2018-04-16T12:29:28.360Z", "servicios": null, "imagen": ""}, "model": "dinamicasapp.profileuser", "pk": 17}, {"fields": {"usuariopk": 23, "date_reg": "2018-04-16T12:52:58.266Z", "servicios": null, "imagen": ""}, "model": "dinamicasapp.profileuser", "pk": 18}, {"fields": {"usuariopk": 24, "date_reg": "2018-04-16T12:53:44.303Z", "servicios": null, "imagen": ""}, "model": "dinamicasapp.profileuser", "pk": 19}, {"fields": {"usuariopk": 25, "date_reg": "2018-04-16T12:55:10.961Z", "servicios": null, "imagen": ""}, "model": "dinamicasapp.profileuser", "pk": 20}, {"fields": {"usuariopk": 26, "date_reg": "2018-04-16T13:01:05.831Z", "servicios": null, "imagen": ""}, "model": "dinamicasapp.profileuser", "pk": 21}, {"fields": {"usuariopk": 27, "date_reg": "2018-04-16T13:04:28.087Z", "servicios": null, "imagen": ""}, "model": "dinamicasapp.profileuser", "pk": 22}, {"fields": {"usuariopk": 28, "date_reg": "2018-04-16T13:15:24.575Z", "servicios": null, "imagen": ""}, "model": "dinamicasapp.profileuser", "pk": 23}, {"fields": {"usuariopk": 29, "date_reg": "2018-04-16T13:17:40.144Z", "servicios": null, "imagen": ""}, "model": "dinamicasapp.profileuser", "pk": 24}, {"fields": {"usuariopk": 30, "date_reg": "2018-04-16T13:18:28.652Z", "servicios": null, "imagen": ""}, "model": "dinamicasapp.profileuser", "pk": 25}, {"fields": {"usuariopk": 31, "date_reg": "2018-04-16T13:21:43.584Z", "servicios": null, "imagen": ""}, "model": "dinamicasapp.profileuser", "pk": 26}, {"fields": {"usuariopk": 32, "date_reg": "2018-04-16T13:24:15.323Z", "servicios": null, "imagen": ""}, "model": "dinamicasapp.profileuser", "pk": 27}, {"fields": {"usuariopk": 33, "date_reg": "2018-04-16T13:48:12.284Z", "servicios": null, "imagen": ""}, "model": "dinamicasapp.profileuser", "pk": 28}, {"fields": {"usuariopk": 34, "date_reg": "2018-04-16T13:51:19.062Z", "servicios": null, "imagen": ""}, "model": "dinamicasapp.profileuser", "pk": 29}, {"fields": {"usuariopk": 35, "date_reg": "2018-04-16T13:55:50.378Z", "servicios": null, "imagen": ""}, "model": "dinamicasapp.profileuser", "pk": 30}, {"fields": {"usuariopk": 36, "date_reg": "2018-04-16T14:11:18.413Z", "servicios": null, "imagen": ""}, "model": "dinamicasapp.profileuser", "pk": 31}, {"fields": {"usuariopk": 37, "date_reg": "2018-04-16T14:27:16.632Z", "servicios": null, "imagen": ""}, "model": "dinamicasapp.profileuser", "pk": 32}, {"fields": {"usuariopk": 38, "date_reg": "2018-04-16T14:43:02.786Z", "servicios": "claromusica", "imagen": ""}, "model": "dinamicasapp.profileuser", "pk": 33}, {"fields": {"usuariopk": 39, "date_reg": "2018-04-16T14:51:49.617Z", "servicios": null, "imagen": ""}, "model": "dinamicasapp.profileuser", "pk": 34}, {"fields": {"usuariopk": 40, "date_reg": "2018-04-16T15:25:57.849Z", "servicios": null, "imagen": ""}, "model": "dinamicasapp.profileuser", "pk": 35}, {"fields": {"usuariopk": 41, "date_reg": "2018-04-16T15:51:00.122Z", "servicios": null, "imagen": ""}, "model": "dinamicasapp.profileuser", "pk": 36}, {"fields": {"usuariopk": 42, "date_reg": "2018-04-16T16:06:51.597Z", "servicios": null, "imagen": ""}, "model": "dinamicasapp.profileuser", "pk": 37}, {"fields": {"usuariopk": 43, "date_reg": "2018-04-16T16:50:39.990Z", "servicios": null, "imagen": ""}, "model": "dinamicasapp.profileuser", "pk": 38}, {"fields": {"usuariopk": 44, "date_reg": "2018-04-17T09:34:13.714Z", "servicios": null, "imagen": ""}, "model": "dinamicasapp.profileuser", "pk": 39}, {"fields": {"usuariopk": 45, "date_reg": "2018-04-18T16:50:38.444Z", "servicios": null, "imagen": ""}, "model": "dinamicasapp.profileuser", "pk": 40}, {"fields": {"usuariopk": 46, "date_reg": "2018-04-19T13:00:28.063Z", "servicios": null, "imagen": ""}, "model": "dinamicasapp.profileuser", "pk": 41}, {"fields": {"usuariopk": 47, "date_reg": "2018-04-27T15:18:54.183Z", "servicios": "claromusica", "imagen": ""}, "model": "dinamicasapp.profileuser", "pk": 42}, {"fields": {"usuariopk": 48, "date_reg": "2018-04-30T18:46:19.704Z", "servicios": null, "imagen": ""}, "model": "dinamicasapp.profileuser", "pk": 43}, {"fields": {"usuariopk": 49, "date_reg": "2018-04-30T18:49:00.344Z", "servicios": null, "imagen": ""}, "model": "dinamicasapp.profileuser", "pk": 44}, {"fields": {"usuariopk": 50, "date_reg": "2018-04-30T18:51:23.904Z", "servicios": null, "imagen": ""}, "model": "dinamicasapp.profileuser", "pk": 45}, {"fields": {"usuariopk": 51, "date_reg": "2018-04-30T19:06:41.995Z", "servicios": null, "imagen": ""}, "model": "dinamicasapp.profileuser", "pk": 46}, {"fields": {"usuariopk": 52, "date_reg": "2018-04-30T19:07:56.666Z", "servicios": null, "imagen": ""}, "model": "dinamicasapp.profileuser", "pk": 47}, {"fields": {"usuariopk": 53, "date_reg": "2018-04-30T19:08:16.658Z", "servicios": null, "imagen": ""}, "model": "dinamicasapp.profileuser", "pk": 48}, {"fields": {"usuariopk": 54, "date_reg": "2018-04-30T19:11:33.523Z", "servicios": null, "imagen": ""}, "model": "dinamicasapp.profileuser", "pk": 49}, {"fields": {"usuariopk": 55, "date_reg": "2018-04-30T19:12:28.049Z", "servicios": null, "imagen": ""}, "model": "dinamicasapp.profileuser", "pk": 50}, {"fields": {"usuariopk": 56, "date_reg": "2018-04-30T19:17:59.183Z", "servicios": null, "imagen": ""}, "model": "dinamicasapp.profileuser", "pk": 51}, {"fields": {"usuariopk": 57, "date_reg": "2018-04-30T19:25:41.500Z", "servicios": null, "imagen": ""}, "model": "dinamicasapp.profileuser", "pk": 52}, {"fields": {"usuariopk": 58, "date_reg": "2018-04-30T19:31:05.460Z", "servicios": null, "imagen": ""}, "model": "dinamicasapp.profileuser", "pk": 53}, {"fields": {"usuariopk": 59, "date_reg": "2018-04-30T19:34:36.584Z", "servicios": null, "imagen": ""}, "model": "dinamicasapp.profileuser", "pk": 54}, {"fields": {"usuariopk": 60, "date_reg": "2018-04-30T19:36:56.220Z", "servicios": null, "imagen": ""}, "model": "dinamicasapp.profileuser", "pk": 55}, {"fields": {"usuariopk": 61, "date_reg": "2018-04-30T19:37:04.086Z", "servicios": null, "imagen": ""}, "model": "dinamicasapp.profileuser", "pk": 56}, {"fields": {"usuariopk": 62, "date_reg": "2018-04-30T19:48:05.917Z", "servicios": null, "imagen": ""}, "model": "dinamicasapp.profileuser", "pk": 57}, {"fields": {"usuariopk": 63, "date_reg": "2018-04-30T19:48:58.975Z", "servicios": null, "imagen": ""}, "model": "dinamicasapp.profileuser", "pk": 58}, {"fields": {"usuariopk": 64, "date_reg": "2018-04-30T19:49:08.409Z", "servicios": null, "imagen": ""}, "model": "dinamicasapp.profileuser", "pk": 59}, {"fields": {"usuariopk": 65, "date_reg": "2018-04-30T22:14:57.442Z", "servicios": null, "imagen": ""}, "model": "dinamicasapp.profileuser", "pk": 60}, {"fields": {"usuariopk": 66, "date_reg": "2018-04-30T22:15:23.897Z", "servicios": null, "imagen": ""}, "model": "dinamicasapp.profileuser", "pk": 61}, {"fields": {"usuariopk": 67, "date_reg": "2018-04-30T22:15:53.413Z", "servicios": null, "imagen": ""}, "model": "dinamicasapp.profileuser", "pk": 62}, {"fields": {"usuariopk": 68, "date_reg": "2018-05-02T21:36:20.201Z", "servicios": null, "imagen": ""}, "model": "dinamicasapp.profileuser", "pk": 63}, {"fields": {"usuariopk": 69, "date_reg": "2018-05-02T22:00:50.923Z", "servicios": null, "imagen": ""}, "model": "dinamicasapp.profileuser", "pk": 64}, {"fields": {"usuariopk": 70, "date_reg": "2018-05-03T21:05:16.801Z", "servicios": null, "imagen": ""}, "model": "dinamicasapp.profileuser", "pk": 65}, {"fields": {"usuariopk": 71, "date_reg": "2018-05-13T15:53:50.362Z", "servicios": null, "imagen": ""}, "model": "dinamicasapp.profileuser", "pk": 66}, {"fields": {"usuariopk": 72, "date_reg": "2018-05-13T16:00:51.314Z", "servicios": null, "imagen": ""}, "model": "dinamicasapp.profileuser", "pk": 67}, {"fields": {"usuariopk": 73, "date_reg": "2018-05-13T16:04:29.878Z", "servicios": null, "imagen": ""}, "model": "dinamicasapp.profileuser", "pk": 68}, {"fields": {"usuariopk": 74, "date_reg": "2018-05-13T16:59:21.524Z", "servicios": null, "imagen": ""}, "model": "dinamicasapp.profileuser", "pk": 69}, {"fields": {"usuariopk": 75, "date_reg": "2018-05-25T00:53:47.566Z", "servicios": null, "imagen": ""}, "model": "dinamicasapp.profileuser", "pk": 70}, {"fields": {"usuariopk": 76, "date_reg": "2018-05-26T14:28:00.445Z", "servicios": null, "imagen": ""}, "model": "dinamicasapp.profileuser", "pk": 71}, {"fields": {"usuariopk": 77, "date_reg": "2018-05-29T20:19:10.170Z", "servicios": null, "imagen": ""}, "model": "dinamicasapp.profileuser", "pk": 72}, {"fields": {"usuariopk": 78, "date_reg": "2018-05-29T20:20:03.777Z", "servicios": null, "imagen": ""}, "model": "dinamicasapp.profileuser", "pk": 73}, {"fields": {"usuariopk": 79, "date_reg": "2018-05-30T06:34:40.405Z", "servicios": null, "imagen": ""}, "model": "dinamicasapp.profileuser", "pk": 74}, {"fields": {"usuariopk": 81, "date_reg": "2018-05-30T19:18:28.989Z", "servicios": "claro_musica", "imagen": ""}, "model": "dinamicasapp.profileuser", "pk": 75}, {"fields": {"usuariopk": 84, "date_reg": "2018-06-06T18:53:06.145Z", "servicios": null, "imagen": ""}, "model": "dinamicasapp.profileuser", "pk": 76}, {"fields": {"usuariopk": 86, "date_reg": "2018-06-12T19:20:38.862Z", "servicios": null, "imagen": ""}, "model": "dinamicasapp.profileuser", "pk": 77}, {"fields": {"usuariopk": 87, "date_reg": "2018-06-12T19:22:45.755Z", "servicios": null, "imagen": ""}, "model": "dinamicasapp.profileuser", "pk": 78}, {"fields": {"usuariopk": 89, "date_reg": "2018-06-12T19:51:08.224Z", "servicios": null, "imagen": ""}, "model": "dinamicasapp.profileuser", "pk": 79}, {"fields": {"usuariopk": 90, "date_reg": "2018-06-12T19:51:34.809Z", "servicios": null, "imagen": ""}, "model": "dinamicasapp.profileuser", "pk": 80}, {"fields": {"usuariopk": 100, "date_reg": "2018-06-13T20:30:58.791Z", "servicios": null, "imagen": ""}, "model": "dinamicasapp.profileuser", "pk": 81}, {"fields": {"usuariopk": 116, "date_reg": "2018-06-17T18:48:45.523Z", "servicios": null, "imagen": ""}, "model": "dinamicasapp.profileuser", "pk": 82}, {"fields": {"usuariopk": 117, "date_reg": "2018-06-18T04:52:30.025Z", "servicios": null, "imagen": ""}, "model": "dinamicasapp.profileuser", "pk": 83}, {"fields": {"usuariopk": 118, "date_reg": "2018-06-18T04:58:30.798Z", "servicios": null, "imagen": ""}, "model": "dinamicasapp.profileuser", "pk": 84}, {"fields": {"usuariopk": 119, "date_reg": "2018-06-18T05:02:39.732Z", "servicios": null, "imagen": ""}, "model": "dinamicasapp.profileuser", "pk": 85}, {"fields": {"usuariopk": 138, "date_reg": "2018-06-19T07:49:30.839Z", "servicios": null, "imagen": ""}, "model": "dinamicasapp.profileuser", "pk": 86}, {"fields": {"usuariopk": 139, "date_reg": "2018-06-19T07:49:55.542Z", "servicios": null, "imagen": ""}, "model": "dinamicasapp.profileuser", "pk": 87}, {"fields": {"usuariopk": 140, "date_reg": "2018-06-19T08:32:55.333Z", "servicios": null, "imagen": ""}, "model": "dinamicasapp.profileuser", "pk": 88}, {"fields": {"usuariopk": 142, "date_reg": "2018-06-19T19:08:23.175Z", "servicios": null, "imagen": ""}, "model": "dinamicasapp.profileuser", "pk": 89}, {"fields": {"usuariopk": 157, "date_reg": "2018-06-20T20:58:21.679Z", "servicios": null, "imagen": ""}, "model": "dinamicasapp.profileuser", "pk": 90}, {"fields": {"usuariopk": 158, "date_reg": "2018-06-20T20:58:39.989Z", "servicios": null, "imagen": ""}, "model": "dinamicasapp.profileuser", "pk": 91}, {"fields": {"usuariopk": 159, "date_reg": "2018-06-20T20:59:04.585Z", "servicios": null, "imagen": "static/media/avatar/35482339_10214210618592216_2260210875774271488_n_W4IZ9vr.jpg"}, "model": "dinamicasapp.profileuser", "pk": 92}, {"fields": {"usuariopk": 160, "date_reg": "2018-06-20T21:00:29.854Z", "servicios": null, "imagen": ""}, "model": "dinamicasapp.profileuser", "pk": 93}, {"fields": {"usuariopk": 161, "date_reg": "2018-06-20T21:00:49.789Z", "servicios": null, "imagen": ""}, "model": "dinamicasapp.profileuser", "pk": 94}, {"fields": {"usuariopk": 162, "date_reg": "2018-06-20T22:02:00.757Z", "servicios": null, "imagen": "static/media/avatar/26804563_1706175189449704_8029132631170100948_n_nzQKr3N.jpg"}, "model": "dinamicasapp.profileuser", "pk": 95}, {"fields": {"usuariopk": 163, "date_reg": "2018-06-21T16:05:01.515Z", "servicios": null, "imagen": ""}, "model": "dinamicasapp.profileuser", "pk": 96}, {"fields": {"usuariopk": 164, "date_reg": "2018-06-21T16:14:11.879Z", "servicios": null, "imagen": ""}, "model": "dinamicasapp.profileuser", "pk": 97}, {"fields": {"usuariopk": 165, "date_reg": "2018-06-22T14:56:38.918Z", "servicios": null, "imagen": ""}, "model": "dinamicasapp.profileuser", "pk": 98}, {"fields": {"usuariopk": 4, "date_reg": "2018-06-22T23:01:21.992Z", "servicios": "clarovideo", "imagen": ""}, "model": "dinamicasapp.profileuser", "pk": 99}, {"fields": {"promopk": 4, "userpk": 11, "date_like": "2018-04-25T18:13:56.566Z"}, "model": "dinamicasapp.delikes", "pk": 2}, {"fields": {"promopk": 4, "userpk": 8, "date_like": "2018-04-30T18:19:30.417Z"}, "model": "dinamicasapp.delikes", "pk": 14}, {"fields": {"promopk": 4, "userpk": 51, "date_like": "2018-04-30T19:07:04.221Z"}, "model": "dinamicasapp.delikes", "pk": 18}, {"fields": {"promopk": 4, "userpk": 53, "date_like": "2018-04-30T19:08:22.051Z"}, "model": "dinamicasapp.delikes", "pk": 21}, {"fields": {"promopk": 4, "userpk": 54, "date_like": "2018-04-30T19:11:54.300Z"}, "model": "dinamicasapp.delikes", "pk": 25}, {"fields": {"promopk": 4, "userpk": 55, "date_like": "2018-04-30T19:12:33.924Z"}, "model": "dinamicasapp.delikes", "pk": 28}, {"fields": {"promopk": 4, "userpk": 56, "date_like": "2018-04-30T19:18:26.236Z"}, "model": "dinamicasapp.delikes", "pk": 34}, {"fields": {"promopk": 4, "userpk": 57, "date_like": "2018-04-30T19:25:44.573Z"}, "model": "dinamicasapp.delikes", "pk": 37}, {"fields": {"promopk": 4, "userpk": 58, "date_like": "2018-04-30T19:31:09.557Z"}, "model": "dinamicasapp.delikes", "pk": 42}, {"fields": {"promopk": 4, "userpk": 22, "date_like": "2018-05-01T16:26:17.637Z"}, "model": "dinamicasapp.delikes", "pk": 49}, {"fields": {"promopk": 4, "userpk": 2, "date_like": "2018-05-01T16:35:00.893Z"}, "model": "dinamicasapp.delikes", "pk": 52}, {"fields": {"promopk": 4, "userpk": 3, "date_like": "2018-05-03T11:51:59.325Z"}, "model": "dinamicasapp.delikes", "pk": 57}, {"fields": {"promopk": 4, "userpk": 14, "date_like": "2018-05-03T12:42:51.488Z"}, "model": "dinamicasapp.delikes", "pk": 60}, {"fields": {"promopk": 4, "userpk": 17, "date_like": "2018-05-03T12:43:24.728Z"}, "model": "dinamicasapp.delikes", "pk": 63}, {"fields": {"promopk": 4, "userpk": 15, "date_like": "2018-05-03T12:49:18.664Z"}, "model": "dinamicasapp.delikes", "pk": 66}, {"fields": {"promopk": 4, "userpk": 18, "date_like": "2018-05-03T20:26:30.845Z"}, "model": "dinamicasapp.delikes", "pk": 71}, {"fields": {"promopk": 4, "userpk": 19, "date_like": "2018-05-03T20:35:08.516Z"}, "model": "dinamicasapp.delikes", "pk": 75}, {"fields": {"promopk": 4, "userpk": 28, "date_like": "2018-05-03T21:05:21.498Z"}, "model": "dinamicasapp.delikes", "pk": 77}, {"fields": {"promopk": 14, "userpk": 2, "date_like": "2018-05-08T10:10:04.785Z"}, "model": "dinamicasapp.delikes", "pk": 79}, {"fields": {"promopk": 15, "userpk": 2, "date_like": "2018-05-08T10:10:06.511Z"}, "model": "dinamicasapp.delikes", "pk": 80}, {"fields": {"promopk": 15, "userpk": 14, "date_like": "2018-05-08T19:51:08.643Z"}, "model": "dinamicasapp.delikes", "pk": 81}, {"fields": {"promopk": 17, "userpk": 2, "date_like": "2018-05-08T21:34:08.530Z"}, "model": "dinamicasapp.delikes", "pk": 82}, {"fields": {"promopk": 10, "userpk": 2, "date_like": "2018-05-08T21:34:11.844Z"}, "model": "dinamicasapp.delikes", "pk": 84}, {"fields": {"promopk": 15, "userpk": 22, "date_like": "2018-05-08T22:38:45.687Z"}, "model": "dinamicasapp.delikes", "pk": 85}, {"fields": {"promopk": 18, "userpk": 2, "date_like": "2018-05-12T13:54:02.133Z"}, "model": "dinamicasapp.delikes", "pk": 86}, {"fields": {"promopk": 14, "userpk": 23, "date_like": "2018-05-12T19:18:02.516Z"}, "model": "dinamicasapp.delikes", "pk": 87}, {"fields": {"promopk": 4, "userpk": 23, "date_like": "2018-05-13T15:33:04.269Z"}, "model": "dinamicasapp.delikes", "pk": 88}, {"fields": {"promopk": 15, "userpk": 23, "date_like": "2018-05-13T15:33:06.126Z"}, "model": "dinamicasapp.delikes", "pk": 89}, {"fields": {"promopk": 14, "userpk": 21, "date_like": "2018-05-13T15:34:09.463Z"}, "model": "dinamicasapp.delikes", "pk": 90}, {"fields": {"promopk": 10, "userpk": 21, "date_like": "2018-05-13T15:34:20.671Z"}, "model": "dinamicasapp.delikes", "pk": 91}, {"fields": {"promopk": 15, "userpk": 21, "date_like": "2018-05-13T15:35:28.241Z"}, "model": "dinamicasapp.delikes", "pk": 92}, {"fields": {"promopk": 15, "userpk": 25, "date_like": "2018-05-13T15:54:03.311Z"}, "model": "dinamicasapp.delikes", "pk": 93}, {"fields": {"promopk": 15, "userpk": 26, "date_like": "2018-05-13T16:00:58.563Z"}, "model": "dinamicasapp.delikes", "pk": 94}, {"fields": {"promopk": 14, "userpk": 28, "date_like": "2018-05-13T16:02:24.884Z"}, "model": "dinamicasapp.delikes", "pk": 95}, {"fields": {"promopk": 14, "userpk": 18, "date_like": "2018-05-13T16:02:33.304Z"}, "model": "dinamicasapp.delikes", "pk": 96}, {"fields": {"promopk": 15, "userpk": 18, "date_like": "2018-05-13T16:02:38.418Z"}, "model": "dinamicasapp.delikes", "pk": 97}, {"fields": {"promopk": 15, "userpk": 13, "date_like": "2018-05-13T16:04:41.306Z"}, "model": "dinamicasapp.delikes", "pk": 98}, {"fields": {"promopk": 15, "userpk": 12, "date_like": "2018-05-13T16:10:28.829Z"}, "model": "dinamicasapp.delikes", "pk": 99}, {"fields": {"promopk": 14, "userpk": 12, "date_like": "2018-05-13T16:14:02.531Z"}, "model": "dinamicasapp.delikes", "pk": 100}, {"fields": {"promopk": 10, "userpk": 12, "date_like": "2018-05-13T16:52:34.210Z"}, "model": "dinamicasapp.delikes", "pk": 101}, {"fields": {"promopk": 4, "userpk": 10, "date_like": "2018-05-13T18:24:10.016Z"}, "model": "dinamicasapp.delikes", "pk": 102}, {"fields": {"promopk": 15, "userpk": 10, "date_like": "2018-05-13T18:35:53.818Z"}, "model": "dinamicasapp.delikes", "pk": 103}, {"fields": {"promopk": 10, "userpk": 11, "date_like": "2018-05-13T22:59:06.465Z"}, "model": "dinamicasapp.delikes", "pk": 104}, {"fields": {"promopk": 17, "userpk": 11, "date_like": "2018-05-14T06:09:28.861Z"}, "model": "dinamicasapp.delikes", "pk": 105}, {"fields": {"promopk": 15, "userpk": 11, "date_like": "2018-05-14T14:08:40.653Z"}, "model": "dinamicasapp.delikes", "pk": 106}, {"fields": {"promopk": 14, "userpk": 8, "date_like": "2018-05-14T23:10:40.273Z"}, "model": "dinamicasapp.delikes", "pk": 107}, {"fields": {"promopk": 14, "userpk": 11, "date_like": "2018-05-15T23:20:51.878Z"}, "model": "dinamicasapp.delikes", "pk": 108}, {"fields": {"promopk": 26, "userpk": 11, "date_like": "2018-05-16T18:21:12.296Z"}, "model": "dinamicasapp.delikes", "pk": 109}, {"fields": {"promopk": 19, "userpk": 16, "date_like": "2018-05-16T20:27:42.187Z"}, "model": "dinamicasapp.delikes", "pk": 110}, {"fields": {"promopk": 18, "userpk": 14, "date_like": "2018-05-22T03:50:51.489Z"}, "model": "dinamicasapp.delikes", "pk": 111}, {"fields": {"promopk": 18, "userpk": 12, "date_like": "2018-05-24T18:15:54.744Z"}, "model": "dinamicasapp.delikes", "pk": 112}, {"fields": {"promopk": 14, "userpk": 15, "date_like": "2018-05-24T18:22:26.592Z"}, "model": "dinamicasapp.delikes", "pk": 113}, {"fields": {"promopk": 15, "userpk": 15, "date_like": "2018-05-24T18:22:28.471Z"}, "model": "dinamicasapp.delikes", "pk": 114}, {"fields": {"promopk": 18, "userpk": 15, "date_like": "2018-05-24T18:23:55.069Z"}, "model": "dinamicasapp.delikes", "pk": 115}, {"fields": {"promopk": 18, "userpk": 16, "date_like": "2018-05-24T18:27:04.695Z"}, "model": "dinamicasapp.delikes", "pk": 116}, {"fields": {"promopk": 18, "userpk": 17, "date_like": "2018-05-24T18:30:05.684Z"}, "model": "dinamicasapp.delikes", "pk": 117}, {"fields": {"promopk": 18, "userpk": 18, "date_like": "2018-05-24T18:38:31.616Z"}, "model": "dinamicasapp.delikes", "pk": 118}, {"fields": {"promopk": 18, "userpk": 3, "date_like": "2018-05-24T18:56:26.622Z"}, "model": "dinamicasapp.delikes", "pk": 119}, {"fields": {"promopk": 18, "userpk": 19, "date_like": "2018-05-24T18:57:01.102Z"}, "model": "dinamicasapp.delikes", "pk": 120}, {"fields": {"promopk": 4, "userpk": 7, "date_like": "2018-05-26T14:28:03.264Z"}, "model": "dinamicasapp.delikes", "pk": 121}, {"fields": {"promopk": 10, "userpk": 7, "date_like": "2018-05-26T14:28:05.179Z"}, "model": "dinamicasapp.delikes", "pk": 122}, {"fields": {"promopk": 17, "userpk": 7, "date_like": "2018-05-26T14:28:06.958Z"}, "model": "dinamicasapp.delikes", "pk": 123}, {"fields": {"promopk": 26, "userpk": 7, "date_like": "2018-05-26T14:28:18.043Z"}, "model": "dinamicasapp.delikes", "pk": 124}, {"fields": {"promopk": 24, "userpk": 7, "date_like": "2018-05-26T14:28:21.648Z"}, "model": "dinamicasapp.delikes", "pk": 125}, {"fields": {"promopk": 25, "userpk": 7, "date_like": "2018-05-27T14:06:51.243Z"}, "model": "dinamicasapp.delikes", "pk": 126}, {"fields": {"promopk": 32, "userpk": 7, "date_like": "2018-05-27T14:07:09.439Z"}, "model": "dinamicasapp.delikes", "pk": 127}, {"fields": {"promopk": 29, "userpk": 7, "date_like": "2018-05-27T14:07:14.527Z"}, "model": "dinamicasapp.delikes", "pk": 128}, {"fields": {"promopk": 17, "userpk": 15, "date_like": "2018-05-27T14:18:52.213Z"}, "model": "dinamicasapp.delikes", "pk": 129}, {"fields": {"promopk": 10, "userpk": 15, "date_like": "2018-05-27T14:18:53.882Z"}, "model": "dinamicasapp.delikes", "pk": 130}, {"fields": {"promopk": 4, "userpk": 20, "date_like": "2018-05-28T01:34:27.514Z"}, "model": "dinamicasapp.delikes", "pk": 131}, {"fields": {"promopk": 17, "userpk": 20, "date_like": "2018-05-28T01:34:29.231Z"}, "model": "dinamicasapp.delikes", "pk": 132}, {"fields": {"promopk": 30, "userpk": 21, "date_like": "2018-05-30T01:31:49.755Z"}, "model": "dinamicasapp.delikes", "pk": 133}, {"fields": {"promopk": 4, "userpk": 21, "date_like": "2018-05-30T03:14:48.802Z"}, "model": "dinamicasapp.delikes", "pk": 134}, {"fields": {"promopk": 26, "userpk": 81, "date_like": "2018-06-17T18:49:17.369Z"}, "model": "dinamicasapp.delikes", "pk": 135}, {"fields": {"promopk": 31, "userpk": 81, "date_like": "2018-06-17T18:49:24.184Z"}, "model": "dinamicasapp.delikes", "pk": 136}, {"fields": {"promopk": 32, "userpk": 81, "date_like": "2018-06-17T18:49:25.707Z"}, "model": "dinamicasapp.delikes", "pk": 137}, {"fields": {"promopk": 17, "userpk": 159, "date_like": "2018-06-20T22:35:22.864Z"}, "model": "dinamicasapp.delikes", "pk": 138}, {"fields": {"promopk": 18, "userpk": 159, "date_like": "2018-06-20T22:35:24.708Z"}, "model": "dinamicasapp.delikes", "pk": 139}, {"fields": {"promopk": 25, "userpk": 159, "date_like": "2018-06-20T22:35:51.562Z"}, "model": "dinamicasapp.delikes", "pk": 140}, {"fields": {"promopk": 21, "userpk": 159, "date_like": "2018-06-20T22:35:54.062Z"}, "model": "dinamicasapp.delikes", "pk": 141}, {"fields": {"promopk": 23, "userpk": 159, "date_like": "2018-06-20T22:36:00.552Z"}, "model": "dinamicasapp.delikes", "pk": 142}, {"fields": {"promopk": 22, "userpk": 159, "date_like": "2018-06-20T22:36:04.068Z"}, "model": "dinamicasapp.delikes", "pk": 143}, {"fields": {"promopk": 24, "userpk": 2, "date_like": "2018-06-20T22:38:30.389Z"}, "model": "dinamicasapp.delikes", "pk": 144}, {"fields": {"promopk": 24, "userpk": 159, "date_like": "2018-06-20T22:39:05.036Z"}, "model": "dinamicasapp.delikes", "pk": 145}, {"fields": {"promopk": 17, "userpk": 162, "date_like": "2018-06-20T23:03:07.699Z"}, "model": "dinamicasapp.delikes", "pk": 146}, {"fields": {"promopk": 26, "userpk": 162, "date_like": "2018-06-20T23:03:10.135Z"}, "model": "dinamicasapp.delikes", "pk": 147}, {"fields": {"promopk": 18, "userpk": 162, "date_like": "2018-06-20T23:03:13.416Z"}, "model": "dinamicasapp.delikes", "pk": 148}, {"fields": {"promopk": 26, "userpk": 159, "date_like": "2018-06-20T23:03:18.548Z"}, "model": "dinamicasapp.delikes", "pk": 149}, {"fields": {"promopk": 20, "userpk": 159, "date_like": "2018-06-20T23:03:37.531Z"}, "model": "dinamicasapp.delikes", "pk": 150}, {"fields": {"promopk": 24, "userpk": 162, "date_like": "2018-06-20T23:04:15.132Z"}, "model": "dinamicasapp.delikes", "pk": 151}, {"fields": {"promopk": 20, "userpk": 164, "date_like": "2018-06-21T16:28:59.591Z"}, "model": "dinamicasapp.delikes", "pk": 152}, {"fields": {"promopk": 25, "userpk": 69, "date_like": "2018-06-21T19:28:28.480Z"}, "model": "dinamicasapp.delikes", "pk": 153}, {"fields": {"promopk": 4, "userpk": 159, "date_like": "2018-06-23T12:10:35.084Z"}, "model": "dinamicasapp.delikes", "pk": 154}, {"fields": {"nivelanswer": 0, "tiempo": "8:12", "usuario": 3, "promopk": 2, "ganadora": false, "fecha_ganador": null, "inicio": "2018-04-09T23:14:18.951Z", "usuario_asigna_ganador": null, "acepta_terminos": true, "final": null}, "model": "dinamicasapp.participacion", "pk": 1}, {"fields": {"nivelanswer": 0, "tiempo": "12:10", "usuario": 5, "promopk": 2, "ganadora": false, "fecha_ganador": null, "inicio": "2018-04-10T01:01:51.581Z", "usuario_asigna_ganador": null, "acepta_terminos": true, "final": null}, "model": "dinamicasapp.participacion", "pk": 2}, {"fields": {"nivelanswer": 0, "tiempo": "12:10", "usuario": 6, "promopk": 2, "ganadora": false, "fecha_ganador": null, "inicio": "2018-04-10T01:03:24.296Z", "usuario_asigna_ganador": null, "acepta_terminos": true, "final": null}, "model": "dinamicasapp.participacion", "pk": 3}, {"fields": {"nivelanswer": 3, "tiempo": "17000.0", "usuario": 7, "promopk": 4, "ganadora": false, "fecha_ganador": null, "inicio": "2018-04-10T08:51:48.592Z", "usuario_asigna_ganador": null, "acepta_terminos": true, "final": "2018-04-10T08:52:05.614Z"}, "model": "dinamicasapp.participacion", "pk": 4}, {"fields": {"nivelanswer": 1, "tiempo": "9000.0", "usuario": 9, "promopk": 4, "ganadora": false, "fecha_ganador": null, "inicio": "2018-04-10T09:03:05.551Z", "usuario_asigna_ganador": null, "acepta_terminos": true, "final": "2018-04-10T09:03:14.829Z"}, "model": "dinamicasapp.participacion", "pk": 6}, {"fields": {"nivelanswer": 2, "tiempo": "12000.0", "usuario": 9, "promopk": 2, "ganadora": false, "fecha_ganador": null, "inicio": "2018-04-10T09:09:38.271Z", "usuario_asigna_ganador": null, "acepta_terminos": true, "final": "2018-04-10T09:09:50.925Z"}, "model": "dinamicasapp.participacion", "pk": 7}, {"fields": {"nivelanswer": 2, "tiempo": "9000.0", "usuario": 11, "promopk": 2, "ganadora": false, "fecha_ganador": null, "inicio": "2018-04-10T09:18:55.265Z", "usuario_asigna_ganador": null, "acepta_terminos": true, "final": "2018-04-10T09:19:04.999Z"}, "model": "dinamicasapp.participacion", "pk": 8}, {"fields": {"nivelanswer": 4, "tiempo": "2549506000.0", "usuario": 12, "promopk": 4, "ganadora": false, "fecha_ganador": null, "inicio": "2018-04-10T09:21:09.415Z", "usuario_asigna_ganador": null, "acepta_terminos": true, "final": "2018-05-09T21:32:55.337Z"}, "model": "dinamicasapp.participacion", "pk": 9}, {"fields": {"nivelanswer": 2, "tiempo": "11000.0", "usuario": 13, "promopk": 2, "ganadora": false, "fecha_ganador": null, "inicio": "2018-04-10T09:27:30.908Z", "usuario_asigna_ganador": null, "acepta_terminos": true, "final": "2018-04-10T09:27:41.826Z"}, "model": "dinamicasapp.participacion", "pk": 12}, {"fields": {"nivelanswer": 1, "tiempo": "80000.0", "usuario": 14, "promopk": 4, "ganadora": false, "fecha_ganador": null, "inicio": "2018-04-10T09:29:33.982Z", "usuario_asigna_ganador": null, "acepta_terminos": true, "final": "2018-04-10T09:30:53.306Z"}, "model": "dinamicasapp.participacion", "pk": 13}, {"fields": {"nivelanswer": null, "tiempo": null, "usuario": 14, "promopk": 2, "ganadora": false, "fecha_ganador": null, "inicio": "2018-04-10T09:36:30.919Z", "usuario_asigna_ganador": null, "acepta_terminos": true, "final": null}, "model": "dinamicasapp.participacion", "pk": 14}, {"fields": {"nivelanswer": 2, "tiempo": "15000.0", "usuario": 15, "promopk": 4, "ganadora": false, "fecha_ganador": null, "inicio": "2018-04-10T10:43:37.190Z", "usuario_asigna_ganador": null, "acepta_terminos": true, "final": "2018-04-10T10:43:52.067Z"}, "model": "dinamicasapp.participacion", "pk": 18}, {"fields": {"nivelanswer": 2, "tiempo": "1941851000.0", "usuario": 22, "promopk": 4, "ganadora": false, "fecha_ganador": null, "inicio": "2018-04-16T12:34:15.215Z", "usuario_asigna_ganador": null, "acepta_terminos": true, "final": "2018-05-08T23:58:26.851Z"}, "model": "dinamicasapp.participacion", "pk": 23}, {"fields": {"nivelanswer": 0, "tiempo": "11000.0", "usuario": 28, "promopk": 4, "ganadora": false, "fecha_ganador": null, "inicio": "2018-04-16T13:15:34.858Z", "usuario_asigna_ganador": null, "acepta_terminos": true, "final": "2018-04-16T13:15:45.110Z"}, "model": "dinamicasapp.participacion", "pk": 28}, {"fields": {"nivelanswer": 1, "tiempo": "10000.0", "usuario": 29, "promopk": 4, "ganadora": false, "fecha_ganador": null, "inicio": "2018-04-16T13:17:57.162Z", "usuario_asigna_ganador": null, "acepta_terminos": true, "final": "2018-04-16T13:18:07.665Z"}, "model": "dinamicasapp.participacion", "pk": 29}, {"fields": {"nivelanswer": 4, "tiempo": "13000.0", "usuario": 39, "promopk": 4, "ganadora": true, "fecha_ganador": "2018-04-25T18:35:15.853Z", "inicio": "2018-04-16T15:08:49.998Z", "usuario_asigna_ganador": null, "acepta_terminos": true, "final": "2018-04-16T15:09:02.641Z"}, "model": "dinamicasapp.participacion", "pk": 38}, {"fields": {"nivelanswer": null, "tiempo": null, "usuario": 47, "promopk": 4, "ganadora": false, "fecha_ganador": null, "inicio": "2018-04-27T15:19:09.554Z", "usuario_asigna_ganador": null, "acepta_terminos": true, "final": null}, "model": "dinamicasapp.participacion", "pk": 45}, {"fields": {"nivelanswer": 3, "tiempo": "1316386000.0", "usuario": 2, "promopk": 14, "ganadora": false, "fecha_ganador": null, "inicio": "2018-05-08T22:36:17.709Z", "usuario_asigna_ganador": null, "acepta_terminos": true, "final": "2018-05-24T04:16:03.534Z"}, "model": "dinamicasapp.participacion", "pk": 46}, {"fields": {"nivelanswer": null, "tiempo": null, "usuario": 15, "promopk": 15, "ganadora": false, "fecha_ganador": null, "inicio": "2018-05-09T15:38:25.075Z", "usuario_asigna_ganador": null, "acepta_terminos": true, "final": null}, "model": "dinamicasapp.participacion", "pk": 48}, {"fields": {"nivelanswer": null, "tiempo": null, "usuario": 15, "promopk": 14, "ganadora": false, "fecha_ganador": null, "inicio": "2018-05-09T20:04:18.215Z", "usuario_asigna_ganador": null, "acepta_terminos": true, "final": null}, "model": "dinamicasapp.participacion", "pk": 49}, {"fields": {"nivelanswer": null, "tiempo": null, "usuario": 15, "promopk": 10, "ganadora": false, "fecha_ganador": null, "inicio": "2018-05-09T20:05:15.243Z", "usuario_asigna_ganador": null, "acepta_terminos": true, "final": null}, "model": "dinamicasapp.participacion", "pk": 50}, {"fields": {"nivelanswer": null, "tiempo": null, "usuario": 12, "promopk": 17, "ganadora": false, "fecha_ganador": null, "inicio": "2018-05-09T21:33:40.741Z", "usuario_asigna_ganador": null, "acepta_terminos": true, "final": null}, "model": "dinamicasapp.participacion", "pk": 51}, {"fields": {"nivelanswer": 2, "tiempo": "110839000.0", "usuario": 2, "promopk": 4, "ganadora": false, "fecha_ganador": null, "inicio": "2018-05-12T15:24:56.715Z", "usuario_asigna_ganador": null, "acepta_terminos": true, "final": "2018-05-13T22:12:15.457Z"}, "model": "dinamicasapp.participacion", "pk": 52}, {"fields": {"nivelanswer": 0, "tiempo": "167391000.0", "usuario": 2, "promopk": 15, "ganadora": false, "fecha_ganador": null, "inicio": "2018-05-12T15:26:06.671Z", "usuario_asigna_ganador": null, "acepta_terminos": true, "final": "2018-05-14T13:55:57.738Z"}, "model": "dinamicasapp.participacion", "pk": 53}, {"fields": {"nivelanswer": 1, "tiempo": "12000.0", "usuario": 24, "promopk": 15, "ganadora": false, "fecha_ganador": null, "inicio": "2018-05-12T16:26:41.876Z", "usuario_asigna_ganador": null, "acepta_terminos": true, "final": "2018-05-12T16:26:53.714Z"}, "model": "dinamicasapp.participacion", "pk": 54}, {"fields": {"nivelanswer": 3, "tiempo": "106888000.0", "usuario": 23, "promopk": 4, "ganadora": false, "fecha_ganador": null, "inicio": "2018-05-12T16:28:03.069Z", "usuario_asigna_ganador": null, "acepta_terminos": true, "final": "2018-05-13T22:09:31.877Z"}, "model": "dinamicasapp.participacion", "pk": 55}, {"fields": {"nivelanswer": null, "tiempo": null, "usuario": 23, "promopk": 14, "ganadora": false, "fecha_ganador": null, "inicio": "2018-05-13T07:05:34.245Z", "usuario_asigna_ganador": null, "acepta_terminos": true, "final": null}, "model": "dinamicasapp.participacion", "pk": 56}, {"fields": {"nivelanswer": null, "tiempo": null, "usuario": 10, "promopk": 4, "ganadora": false, "fecha_ganador": null, "inicio": "2018-05-13T18:24:16.485Z", "usuario_asigna_ganador": null, "acepta_terminos": true, "final": null}, "model": "dinamicasapp.participacion", "pk": 57}, {"fields": {"nivelanswer": null, "tiempo": null, "usuario": 14, "promopk": 14, "ganadora": false, "fecha_ganador": null, "inicio": "2018-05-13T20:05:35.333Z", "usuario_asigna_ganador": null, "acepta_terminos": true, "final": null}, "model": "dinamicasapp.participacion", "pk": 58}, {"fields": {"nivelanswer": null, "tiempo": null, "usuario": 2, "promopk": 2, "ganadora": false, "fecha_ganador": null, "inicio": "2018-05-13T20:23:04.775Z", "usuario_asigna_ganador": null, "acepta_terminos": true, "final": null}, "model": "dinamicasapp.participacion", "pk": 59}, {"fields": {"nivelanswer": null, "tiempo": null, "usuario": 2, "promopk": 10, "ganadora": false, "fecha_ganador": null, "inicio": "2018-05-13T20:26:11.239Z", "usuario_asigna_ganador": null, "acepta_terminos": true, "final": null}, "model": "dinamicasapp.participacion", "pk": 60}, {"fields": {"nivelanswer": null, "tiempo": null, "usuario": 2, "promopk": 8, "ganadora": false, "fecha_ganador": null, "inicio": "2018-05-13T20:26:21.948Z", "usuario_asigna_ganador": null, "acepta_terminos": true, "final": null}, "model": "dinamicasapp.participacion", "pk": 61}, {"fields": {"nivelanswer": 0, "tiempo": "929148000.0", "usuario": 2, "promopk": 18, "ganadora": false, "fecha_ganador": null, "inicio": "2018-05-13T20:28:56.103Z", "usuario_asigna_ganador": null, "acepta_terminos": true, "final": "2018-05-24T20:34:44.925Z"}, "model": "dinamicasapp.participacion", "pk": 62}, {"fields": {"nivelanswer": null, "tiempo": null, "usuario": 2, "promopk": 17, "ganadora": false, "fecha_ganador": null, "inicio": "2018-05-13T21:55:14.636Z", "usuario_asigna_ganador": null, "acepta_terminos": true, "final": null}, "model": "dinamicasapp.participacion", "pk": 63}, {"fields": {"nivelanswer": null, "tiempo": null, "usuario": 4, "promopk": 4, "ganadora": false, "fecha_ganador": null, "inicio": "2018-05-13T21:55:50.863Z", "usuario_asigna_ganador": null, "acepta_terminos": true, "final": null}, "model": "dinamicasapp.participacion", "pk": 64}, {"fields": {"nivelanswer": 1, "tiempo": "221283000.0", "usuario": 11, "promopk": 4, "ganadora": false, "fecha_ganador": null, "inicio": "2018-05-13T22:01:30.223Z", "usuario_asigna_ganador": null, "acepta_terminos": true, "final": "2018-05-16T11:29:33.692Z"}, "model": "dinamicasapp.participacion", "pk": 65}, {"fields": {"nivelanswer": null, "tiempo": null, "usuario": 11, "promopk": 15, "ganadora": false, "fecha_ganador": null, "inicio": "2018-05-13T22:01:52.493Z", "usuario_asigna_ganador": null, "acepta_terminos": true, "final": null}, "model": "dinamicasapp.participacion", "pk": 66}, {"fields": {"nivelanswer": 1, "tiempo": "221037000.0", "usuario": 11, "promopk": 14, "ganadora": false, "fecha_ganador": null, "inicio": "2018-05-13T22:02:03.817Z", "usuario_asigna_ganador": null, "acepta_terminos": true, "final": "2018-05-16T11:26:00.039Z"}, "model": "dinamicasapp.participacion", "pk": 67}, {"fields": {"nivelanswer": null, "tiempo": null, "usuario": 11, "promopk": 10, "ganadora": false, "fecha_ganador": null, "inicio": "2018-05-13T22:04:40.424Z", "usuario_asigna_ganador": null, "acepta_terminos": true, "final": null}, "model": "dinamicasapp.participacion", "pk": 68}, {"fields": {"nivelanswer": null, "tiempo": null, "usuario": 11, "promopk": 18, "ganadora": false, "fecha_ganador": null, "inicio": "2018-05-13T22:50:27.416Z", "usuario_asigna_ganador": null, "acepta_terminos": true, "final": null}, "model": "dinamicasapp.participacion", "pk": 69}, {"fields": {"nivelanswer": null, "tiempo": null, "usuario": 11, "promopk": 17, "ganadora": false, "fecha_ganador": null, "inicio": "2018-05-13T22:50:46.064Z", "usuario_asigna_ganador": null, "acepta_terminos": true, "final": null}, "model": "dinamicasapp.participacion", "pk": 70}, {"fields": {"nivelanswer": null, "tiempo": null, "usuario": 12, "promopk": 15, "ganadora": false, "fecha_ganador": null, "inicio": "2018-05-13T23:17:59.541Z", "usuario_asigna_ganador": null, "acepta_terminos": true, "final": null}, "model": "dinamicasapp.participacion", "pk": 71}, {"fields": {"nivelanswer": null, "tiempo": null, "usuario": 3, "promopk": 4, "ganadora": false, "fecha_ganador": null, "inicio": "2018-05-14T14:10:27.312Z", "usuario_asigna_ganador": null, "acepta_terminos": true, "final": null}, "model": "dinamicasapp.participacion", "pk": 72}, {"fields": {"nivelanswer": null, "tiempo": null, "usuario": 3, "promopk": 15, "ganadora": false, "fecha_ganador": null, "inicio": "2018-05-14T14:16:17.990Z", "usuario_asigna_ganador": null, "acepta_terminos": true, "final": null}, "model": "dinamicasapp.participacion", "pk": 73}, {"fields": {"nivelanswer": 2, "tiempo": "24000.0", "usuario": 12, "promopk": 14, "ganadora": false, "fecha_ganador": null, "inicio": "2018-05-14T14:33:54.288Z", "usuario_asigna_ganador": null, "acepta_terminos": true, "final": "2018-05-14T14:34:18.248Z"}, "model": "dinamicasapp.participacion", "pk": 74}, {"fields": {"nivelanswer": 2, "tiempo": "77000.0", "usuario": 3, "promopk": 14, "ganadora": false, "fecha_ganador": null, "inicio": "2018-05-14T14:38:05.980Z", "usuario_asigna_ganador": null, "acepta_terminos": true, "final": "2018-05-14T14:39:22.984Z"}, "model": "dinamicasapp.participacion", "pk": 75}, {"fields": {"nivelanswer": 3, "tiempo": "143048000.0", "usuario": 8, "promopk": 14, "ganadora": false, "fecha_ganador": null, "inicio": "2018-05-14T23:08:39.625Z", "usuario_asigna_ganador": null, "acepta_terminos": true, "final": "2018-05-16T14:52:47.143Z"}, "model": "dinamicasapp.participacion", "pk": 76}, {"fields": {"nivelanswer": 0, "tiempo": "82705000.0", "usuario": 8, "promopk": 4, "ganadora": false, "fecha_ganador": null, "inicio": "2018-05-14T23:10:51.829Z", "usuario_asigna_ganador": null, "acepta_terminos": true, "final": "2018-05-15T22:09:16.069Z"}, "model": "dinamicasapp.participacion", "pk": 77}, {"fields": {"nivelanswer": null, "tiempo": null, "usuario": 18, "promopk": 4, "ganadora": false, "fecha_ganador": null, "inicio": "2018-05-15T22:15:10.970Z", "usuario_asigna_ganador": null, "acepta_terminos": true, "final": null}, "model": "dinamicasapp.participacion", "pk": 79}, {"fields": {"nivelanswer": null, "tiempo": null, "usuario": 11, "promopk": 20, "ganadora": false, "fecha_ganador": null, "inicio": "2018-05-16T11:52:24.787Z", "usuario_asigna_ganador": null, "acepta_terminos": true, "final": null}, "model": "dinamicasapp.participacion", "pk": 80}, {"fields": {"nivelanswer": null, "tiempo": null, "usuario": 11, "promopk": 21, "ganadora": false, "fecha_ganador": null, "inicio": "2018-05-16T11:52:39.499Z", "usuario_asigna_ganador": null, "acepta_terminos": true, "final": null}, "model": "dinamicasapp.participacion", "pk": 81}, {"fields": {"nivelanswer": null, "tiempo": null, "usuario": 11, "promopk": 22, "ganadora": false, "fecha_ganador": null, "inicio": "2018-05-16T11:52:48.468Z", "usuario_asigna_ganador": null, "acepta_terminos": true, "final": null}, "model": "dinamicasapp.participacion", "pk": 82}, {"fields": {"nivelanswer": null, "tiempo": null, "usuario": 11, "promopk": 24, "ganadora": false, "fecha_ganador": null, "inicio": "2018-05-16T14:26:03.237Z", "usuario_asigna_ganador": null, "acepta_terminos": true, "final": null}, "model": "dinamicasapp.participacion", "pk": 83}, {"fields": {"nivelanswer": 0, "tiempo": "132000.0", "usuario": 16, "promopk": 14, "ganadora": false, "fecha_ganador": null, "inicio": "2018-05-16T18:17:07.080Z", "usuario_asigna_ganador": null, "acepta_terminos": true, "final": "2018-05-16T18:19:19.645Z"}, "model": "dinamicasapp.participacion", "pk": 84}, {"fields": {"nivelanswer": null, "tiempo": null, "usuario": 11, "promopk": 26, "ganadora": false, "fecha_ganador": null, "inicio": "2018-05-16T18:21:09.087Z", "usuario_asigna_ganador": null, "acepta_terminos": true, "final": null}, "model": "dinamicasapp.participacion", "pk": 85}, {"fields": {"nivelanswer": null, "tiempo": null, "usuario": 11, "promopk": 32, "ganadora": false, "fecha_ganador": null, "inicio": "2018-05-16T18:21:36.272Z", "usuario_asigna_ganador": null, "acepta_terminos": true, "final": null}, "model": "dinamicasapp.participacion", "pk": 86}, {"fields": {"nivelanswer": null, "tiempo": null, "usuario": 11, "promopk": 19, "ganadora": false, "fecha_ganador": null, "inicio": "2018-05-16T18:37:23.808Z", "usuario_asigna_ganador": null, "acepta_terminos": true, "final": null}, "model": "dinamicasapp.participacion", "pk": 87}, {"fields": {"nivelanswer": null, "tiempo": null, "usuario": 16, "promopk": 26, "ganadora": false, "fecha_ganador": null, "inicio": "2018-05-16T20:27:13.356Z", "usuario_asigna_ganador": null, "acepta_terminos": true, "final": null}, "model": "dinamicasapp.participacion", "pk": 88}, {"fields": {"nivelanswer": null, "tiempo": null, "usuario": 16, "promopk": 19, "ganadora": false, "fecha_ganador": null, "inicio": "2018-05-16T20:27:38.421Z", "usuario_asigna_ganador": null, "acepta_terminos": true, "final": null}, "model": "dinamicasapp.participacion", "pk": 89}, {"fields": {"nivelanswer": null, "tiempo": null, "usuario": 16, "promopk": 17, "ganadora": false, "fecha_ganador": null, "inicio": "2018-05-16T21:43:57.615Z", "usuario_asigna_ganador": null, "acepta_terminos": true, "final": null}, "model": "dinamicasapp.participacion", "pk": 90}, {"fields": {"nivelanswer": 2, "tiempo": "82000.0", "usuario": 16, "promopk": 15, "ganadora": false, "fecha_ganador": null, "inicio": "2018-05-16T21:44:59.473Z", "usuario_asigna_ganador": null, "acepta_terminos": true, "final": "2018-05-16T21:46:21.989Z"}, "model": "dinamicasapp.participacion", "pk": 91}, {"fields": {"nivelanswer": null, "tiempo": null, "usuario": 2, "promopk": 21, "ganadora": false, "fecha_ganador": null, "inicio": "2018-05-21T20:20:09.972Z", "usuario_asigna_ganador": null, "acepta_terminos": true, "final": null}, "model": "dinamicasapp.participacion", "pk": 92}, {"fields": {"nivelanswer": null, "tiempo": null, "usuario": 2, "promopk": 19, "ganadora": false, "fecha_ganador": null, "inicio": "2018-05-21T20:20:53.803Z", "usuario_asigna_ganador": null, "acepta_terminos": true, "final": null}, "model": "dinamicasapp.participacion", "pk": 93}, {"fields": {"nivelanswer": null, "tiempo": null, "usuario": 2, "promopk": 34, "ganadora": false, "fecha_ganador": null, "inicio": "2018-05-21T20:34:06.198Z", "usuario_asigna_ganador": null, "acepta_terminos": true, "final": null}, "model": "dinamicasapp.participacion", "pk": 94}, {"fields": {"nivelanswer": 1, "tiempo": "209639000.0", "usuario": 14, "promopk": 18, "ganadora": false, "fecha_ganador": null, "inicio": "2018-05-22T03:35:33.696Z", "usuario_asigna_ganador": null, "acepta_terminos": true, "final": "2018-05-24T19:49:32.227Z"}, "model": "dinamicasapp.participacion", "pk": 95}, {"fields": {"nivelanswer": null, "tiempo": null, "usuario": 2, "promopk": 32, "ganadora": false, "fecha_ganador": null, "inicio": "2018-05-23T10:16:51.317Z", "usuario_asigna_ganador": null, "acepta_terminos": true, "final": null}, "model": "dinamicasapp.participacion", "pk": 96}, {"fields": {"nivelanswer": null, "tiempo": null, "usuario": 2, "promopk": 29, "ganadora": false, "fecha_ganador": null, "inicio": "2018-05-23T10:24:24.805Z", "usuario_asigna_ganador": null, "acepta_terminos": true, "final": null}, "model": "dinamicasapp.participacion", "pk": 98}, {"fields": {"nivelanswer": 0, "tiempo": "20893000.0", "usuario": 12, "promopk": 18, "ganadora": false, "fecha_ganador": null, "inicio": "2018-05-24T12:32:33.601Z", "usuario_asigna_ganador": null, "acepta_terminos": true, "final": "2018-05-24T18:20:46.808Z"}, "model": "dinamicasapp.participacion", "pk": 99}, {"fields": {"nivelanswer": 1, "tiempo": "939507000.0", "usuario": 22, "promopk": 18, "ganadora": false, "fecha_ganador": null, "inicio": "2018-05-24T12:37:53.689Z", "usuario_asigna_ganador": null, "acepta_terminos": true, "final": "2018-06-04T15:36:20.655Z"}, "model": "dinamicasapp.participacion", "pk": 100}, {"fields": {"nivelanswer": null, "tiempo": null, "usuario": 22, "promopk": 14, "ganadora": false, "fecha_ganador": null, "inicio": "2018-05-24T12:38:50.907Z", "usuario_asigna_ganador": null, "acepta_terminos": true, "final": null}, "model": "dinamicasapp.participacion", "pk": 101}, {"fields": {"nivelanswer": 0, "tiempo": "97000.0", "usuario": 15, "promopk": 18, "ganadora": false, "fecha_ganador": null, "inicio": "2018-05-24T18:22:33.160Z", "usuario_asigna_ganador": null, "acepta_terminos": true, "final": "2018-05-24T18:24:10.705Z"}, "model": "dinamicasapp.participacion", "pk": 102}, {"fields": {"nivelanswer": 2, "tiempo": "70000.0", "usuario": 16, "promopk": 18, "ganadora": false, "fecha_ganador": null, "inicio": "2018-05-24T18:27:06.477Z", "usuario_asigna_ganador": null, "acepta_terminos": true, "final": "2018-05-24T18:28:16.259Z"}, "model": "dinamicasapp.participacion", "pk": 103}, {"fields": {"nivelanswer": 4, "tiempo": "54000.0", "usuario": 17, "promopk": 18, "ganadora": false, "fecha_ganador": null, "inicio": "2018-05-24T18:30:03.941Z", "usuario_asigna_ganador": null, "acepta_terminos": true, "final": "2018-05-24T18:30:57.927Z"}, "model": "dinamicasapp.participacion", "pk": 104}, {"fields": {"nivelanswer": 4, "tiempo": "22000.0", "usuario": 18, "promopk": 18, "ganadora": false, "fecha_ganador": null, "inicio": "2018-05-24T18:38:33.126Z", "usuario_asigna_ganador": null, "acepta_terminos": true, "final": "2018-05-24T18:38:55.086Z"}, "model": "dinamicasapp.participacion", "pk": 105}, {"fields": {"nivelanswer": 4, "tiempo": "21000.0", "usuario": 3, "promopk": 18, "ganadora": false, "fecha_ganador": null, "inicio": "2018-05-24T18:41:15.175Z", "usuario_asigna_ganador": null, "acepta_terminos": true, "final": "2018-05-24T18:41:36.669Z"}, "model": "dinamicasapp.participacion", "pk": 106}, {"fields": {"nivelanswer": 1, "tiempo": "8000.0", "usuario": 19, "promopk": 18, "ganadora": false, "fecha_ganador": null, "inicio": "2018-05-24T18:57:02.570Z", "usuario_asigna_ganador": null, "acepta_terminos": true, "final": "2018-05-24T18:57:10.389Z"}, "model": "dinamicasapp.participacion", "pk": 107}, {"fields": {"nivelanswer": 2, "tiempo": "-21589000.0", "usuario": 20, "promopk": 18, "ganadora": false, "fecha_ganador": null, "inicio": "2018-05-24T19:01:11.074Z", "usuario_asigna_ganador": null, "acepta_terminos": true, "final": "2018-05-24T19:01:22.923Z"}, "model": "dinamicasapp.participacion", "pk": 108}, {"fields": {"nivelanswer": 2, "tiempo": "-10218000.0", "usuario": 6, "promopk": 18, "ganadora": false, "fecha_ganador": null, "inicio": "2018-05-25T00:53:52.246Z", "usuario_asigna_ganador": null, "acepta_terminos": true, "final": "2018-05-25T04:03:34.129Z"}, "model": "dinamicasapp.participacion", "pk": 109}, {"fields": {"nivelanswer": null, "tiempo": null, "usuario": 7, "promopk": 31, "ganadora": false, "fecha_ganador": null, "inicio": "2018-05-27T14:12:45.663Z", "usuario_asigna_ganador": null, "acepta_terminos": true, "final": null}, "model": "dinamicasapp.participacion", "pk": 110}, {"fields": {"nivelanswer": null, "tiempo": null, "usuario": 2, "promopk": 30, "ganadora": false, "fecha_ganador": null, "inicio": "2018-05-28T12:37:19.020Z", "usuario_asigna_ganador": null, "acepta_terminos": true, "final": null}, "model": "dinamicasapp.participacion", "pk": 111}, {"fields": {"nivelanswer": null, "tiempo": null, "usuario": 18, "promopk": 15, "ganadora": false, "fecha_ganador": null, "inicio": "2018-05-28T12:57:47.054Z", "usuario_asigna_ganador": null, "acepta_terminos": true, "final": null}, "model": "dinamicasapp.participacion", "pk": 112}, {"fields": {"nivelanswer": null, "tiempo": null, "usuario": 18, "promopk": 14, "ganadora": false, "fecha_ganador": null, "inicio": "2018-05-28T12:58:18.314Z", "usuario_asigna_ganador": null, "acepta_terminos": true, "final": null}, "model": "dinamicasapp.participacion", "pk": 113}, {"fields": {"nivelanswer": null, "tiempo": null, "usuario": 2, "promopk": 26, "ganadora": false, "fecha_ganador": null, "inicio": "2018-05-28T13:09:49.428Z", "usuario_asigna_ganador": null, "acepta_terminos": true, "final": null}, "model": "dinamicasapp.participacion", "pk": 114}, {"fields": {"nivelanswer": null, "tiempo": null, "usuario": 2, "promopk": 33, "ganadora": false, "fecha_ganador": null, "inicio": "2018-05-28T13:10:30.170Z", "usuario_asigna_ganador": null, "acepta_terminos": true, "final": null}, "model": "dinamicasapp.participacion", "pk": 115}, {"fields": {"nivelanswer": null, "tiempo": null, "usuario": 28, "promopk": 18, "ganadora": false, "fecha_ganador": null, "inicio": "2018-05-28T16:15:12.547Z", "usuario_asigna_ganador": null, "acepta_terminos": true, "final": null}, "model": "dinamicasapp.participacion", "pk": 116}, {"fields": {"nivelanswer": null, "tiempo": null, "usuario": 28, "promopk": 17, "ganadora": false, "fecha_ganador": null, "inicio": "2018-05-28T16:21:53.572Z", "usuario_asigna_ganador": null, "acepta_terminos": true, "final": null}, "model": "dinamicasapp.participacion", "pk": 117}, {"fields": {"nivelanswer": null, "tiempo": null, "usuario": 2, "promopk": 24, "ganadora": false, "fecha_ganador": null, "inicio": "2018-05-29T04:06:56.669Z", "usuario_asigna_ganador": null, "acepta_terminos": true, "final": null}, "model": "dinamicasapp.participacion", "pk": 118}, {"fields": {"nivelanswer": null, "tiempo": null, "usuario": 2, "promopk": 20, "ganadora": false, "fecha_ganador": null, "inicio": "2018-05-29T04:07:25.341Z", "usuario_asigna_ganador": null, "acepta_terminos": true, "final": null}, "model": "dinamicasapp.participacion", "pk": 119}, {"fields": {"nivelanswer": null, "tiempo": null, "usuario": 14, "promopk": 29, "ganadora": false, "fecha_ganador": null, "inicio": "2018-05-29T20:11:45.614Z", "usuario_asigna_ganador": null, "acepta_terminos": true, "final": null}, "model": "dinamicasapp.participacion", "pk": 120}, {"fields": {"nivelanswer": null, "tiempo": null, "usuario": 22, "promopk": 29, "ganadora": false, "fecha_ganador": null, "inicio": "2018-05-29T21:59:36.882Z", "usuario_asigna_ganador": null, "acepta_terminos": true, "final": null}, "model": "dinamicasapp.participacion", "pk": 121}, {"fields": {"nivelanswer": null, "tiempo": null, "usuario": 1, "promopk": 18, "ganadora": false, "fecha_ganador": null, "inicio": "2018-05-29T22:29:30.109Z", "usuario_asigna_ganador": null, "acepta_terminos": true, "final": null}, "model": "dinamicasapp.participacion", "pk": 126}, {"fields": {"nivelanswer": 1, "tiempo": "-7816000.0", "usuario": 1, "promopk": 29, "ganadora": false, "fecha_ganador": null, "inicio": "2018-05-29T23:14:01.968Z", "usuario_asigna_ganador": null, "acepta_terminos": true, "final": "2018-05-30T03:03:45.682Z"}, "model": "dinamicasapp.participacion", "pk": 127}, {"fields": {"nivelanswer": null, "tiempo": null, "usuario": 21, "promopk": 4, "ganadora": false, "fecha_ganador": null, "inicio": "2018-05-30T03:07:05.805Z", "usuario_asigna_ganador": null, "acepta_terminos": true, "final": null}, "model": "dinamicasapp.participacion", "pk": 128}, {"fields": {"nivelanswer": null, "tiempo": null, "usuario": 21, "promopk": 17, "ganadora": false, "fecha_ganador": null, "inicio": "2018-05-30T03:08:06.484Z", "usuario_asigna_ganador": null, "acepta_terminos": true, "final": null}, "model": "dinamicasapp.participacion", "pk": 129}, {"fields": {"nivelanswer": null, "tiempo": null, "usuario": 1, "promopk": 22, "ganadora": false, "fecha_ganador": null, "inicio": "2018-05-30T03:51:41.666Z", "usuario_asigna_ganador": null, "acepta_terminos": true, "final": null}, "model": "dinamicasapp.participacion", "pk": 130}, {"fields": {"nivelanswer": null, "tiempo": null, "usuario": 21, "promopk": 14, "ganadora": false, "fecha_ganador": null, "inicio": "2018-05-30T05:05:02.765Z", "usuario_asigna_ganador": null, "acepta_terminos": true, "final": null}, "model": "dinamicasapp.participacion", "pk": 131}, {"fields": {"nivelanswer": null, "tiempo": null, "usuario": 21, "promopk": 15, "ganadora": false, "fecha_ganador": null, "inicio": "2018-05-30T05:32:32.271Z", "usuario_asigna_ganador": null, "acepta_terminos": true, "final": null}, "model": "dinamicasapp.participacion", "pk": 132}, {"fields": {"nivelanswer": null, "tiempo": null, "usuario": 21, "promopk": 18, "ganadora": false, "fecha_ganador": null, "inicio": "2018-05-30T05:34:33.828Z", "usuario_asigna_ganador": null, "acepta_terminos": true, "final": null}, "model": "dinamicasapp.participacion", "pk": 133}, {"fields": {"nivelanswer": 4, "tiempo": "-21553000.0", "usuario": 40, "promopk": 18, "ganadora": false, "fecha_ganador": null, "inicio": "2018-05-30T06:34:42.795Z", "usuario_asigna_ganador": null, "acepta_terminos": true, "final": "2018-05-30T06:35:29.893Z"}, "model": "dinamicasapp.participacion", "pk": 134}, {"fields": {"nivelanswer": 3, "tiempo": "-21581000.0", "usuario": 40, "promopk": 4, "ganadora": false, "fecha_ganador": null, "inicio": "2018-05-30T06:48:12.002Z", "usuario_asigna_ganador": null, "acepta_terminos": true, "final": "2018-05-30T06:48:31.438Z"}, "model": "dinamicasapp.participacion", "pk": 135}, {"fields": {"nivelanswer": null, "tiempo": null, "usuario": 25, "promopk": 18, "ganadora": false, "fecha_ganador": null, "inicio": "2018-05-30T13:58:24.335Z", "usuario_asigna_ganador": null, "acepta_terminos": true, "final": null}, "model": "dinamicasapp.participacion", "pk": 136}, {"fields": {"nivelanswer": 1, "tiempo": "-21583000.0", "usuario": 25, "promopk": 4, "ganadora": false, "fecha_ganador": null, "inicio": "2018-05-30T13:59:12.826Z", "usuario_asigna_ganador": null, "acepta_terminos": true, "final": "2018-05-30T13:59:29.086Z"}, "model": "dinamicasapp.participacion", "pk": 137}, {"fields": {"nivelanswer": null, "tiempo": null, "usuario": 10, "promopk": 18, "ganadora": false, "fecha_ganador": null, "inicio": "2018-05-31T19:41:03.046Z", "usuario_asigna_ganador": null, "acepta_terminos": true, "final": null}, "model": "dinamicasapp.participacion", "pk": 138}, {"fields": {"nivelanswer": null, "tiempo": null, "usuario": 10, "promopk": 10, "ganadora": false, "fecha_ganador": null, "inicio": "2018-05-31T20:10:18.366Z", "usuario_asigna_ganador": null, "acepta_terminos": true, "final": null}, "model": "dinamicasapp.participacion", "pk": 139}, {"fields": {"nivelanswer": null, "tiempo": null, "usuario": 23, "promopk": 18, "ganadora": false, "fecha_ganador": null, "inicio": "2018-06-04T15:58:25.221Z", "usuario_asigna_ganador": null, "acepta_terminos": true, "final": null}, "model": "dinamicasapp.participacion", "pk": 140}, {"fields": {"nivelanswer": null, "tiempo": null, "usuario": 24, "promopk": 18, "ganadora": false, "fecha_ganador": null, "inicio": "2018-06-05T17:55:55.467Z", "usuario_asigna_ganador": null, "acepta_terminos": true, "final": null}, "model": "dinamicasapp.participacion", "pk": 141}, {"fields": {"nivelanswer": 1, "tiempo": "-21584000.0", "usuario": 48, "promopk": 26, "ganadora": false, "fecha_ganador": null, "inicio": "2018-06-12T19:21:15.065Z", "usuario_asigna_ganador": null, "acepta_terminos": true, "final": "2018-06-12T19:21:31.736Z"}, "model": "dinamicasapp.participacion", "pk": 142}, {"fields": {"nivelanswer": 2, "tiempo": "-21571000.0", "usuario": 49, "promopk": 26, "ganadora": false, "fecha_ganador": null, "inicio": "2018-06-12T19:22:49.650Z", "usuario_asigna_ganador": null, "acepta_terminos": true, "final": "2018-06-12T19:23:18.429Z"}, "model": "dinamicasapp.participacion", "pk": 143}, {"fields": {"nivelanswer": null, "tiempo": null, "usuario": 89, "promopk": 26, "ganadora": false, "fecha_ganador": null, "inicio": "2018-06-12T19:51:29.342Z", "usuario_asigna_ganador": null, "acepta_terminos": true, "final": null}, "model": "dinamicasapp.participacion", "pk": 144}, {"fields": {"nivelanswer": null, "tiempo": null, "usuario": 90, "promopk": 26, "ganadora": false, "fecha_ganador": null, "inicio": "2018-06-12T19:51:59.297Z", "usuario_asigna_ganador": null, "acepta_terminos": true, "final": null}, "model": "dinamicasapp.participacion", "pk": 145}, {"fields": {"nivelanswer": 1, "tiempo": "-21595000.0", "usuario": 79, "promopk": 17, "ganadora": false, "fecha_ganador": null, "inicio": "2018-06-13T17:51:25.647Z", "usuario_asigna_ganador": null, "acepta_terminos": true, "final": "2018-06-13T17:51:30.799Z"}, "model": "dinamicasapp.participacion", "pk": 173}, {"fields": {"nivelanswer": null, "tiempo": null, "usuario": 100, "promopk": 17, "ganadora": false, "fecha_ganador": null, "inicio": "2018-06-13T20:31:00.378Z", "usuario_asigna_ganador": null, "acepta_terminos": true, "final": null}, "model": "dinamicasapp.participacion", "pk": 175}, {"fields": {"nivelanswer": null, "tiempo": null, "usuario": 84, "promopk": 24, "ganadora": false, "fecha_ganador": null, "inicio": "2018-06-15T20:19:04.072Z", "usuario_asigna_ganador": null, "acepta_terminos": true, "final": null}, "model": "dinamicasapp.participacion", "pk": 181}, {"fields": {"nivelanswer": null, "tiempo": null, "usuario": 84, "promopk": 26, "ganadora": false, "fecha_ganador": null, "inicio": "2018-06-15T22:21:47.813Z", "usuario_asigna_ganador": null, "acepta_terminos": true, "final": null}, "model": "dinamicasapp.participacion", "pk": 182}, {"fields": {"nivelanswer": null, "tiempo": null, "usuario": 78, "promopk": 18, "ganadora": true, "fecha_ganador": "2018-06-19T19:21:18.039Z", "inicio": "2018-06-18T04:20:36.682Z", "usuario_asigna_ganador": null, "acepta_terminos": true, "final": null}, "model": "dinamicasapp.participacion", "pk": 183}, {"fields": {"nivelanswer": 1, "tiempo": "18000", "usuario": 78, "promopk": 26, "ganadora": false, "fecha_ganador": null, "inicio": "2018-06-18T04:20:48.469Z", "usuario_asigna_ganador": null, "acepta_terminos": true, "final": "2018-06-18T04:21:06.644Z"}, "model": "dinamicasapp.participacion", "pk": 184}, {"fields": {"nivelanswer": null, "tiempo": null, "usuario": 117, "promopk": 26, "ganadora": false, "fecha_ganador": null, "inicio": "2018-06-18T04:52:34.724Z", "usuario_asigna_ganador": null, "acepta_terminos": true, "final": null}, "model": "dinamicasapp.participacion", "pk": 185}, {"fields": {"nivelanswer": null, "tiempo": null, "usuario": 117, "promopk": 18, "ganadora": false, "fecha_ganador": null, "inicio": "2018-06-18T05:02:10.538Z", "usuario_asigna_ganador": null, "acepta_terminos": true, "final": null}, "model": "dinamicasapp.participacion", "pk": 186}, {"fields": {"nivelanswer": null, "tiempo": null, "usuario": 117, "promopk": 17, "ganadora": false, "fecha_ganador": null, "inicio": "2018-06-18T05:02:17.443Z", "usuario_asigna_ganador": null, "acepta_terminos": true, "final": null}, "model": "dinamicasapp.participacion", "pk": 187}, {"fields": {"nivelanswer": null, "tiempo": null, "usuario": 119, "promopk": 26, "ganadora": false, "fecha_ganador": null, "inicio": "2018-06-18T05:02:42.099Z", "usuario_asigna_ganador": null, "acepta_terminos": true, "final": null}, "model": "dinamicasapp.participacion", "pk": 188}, {"fields": {"nivelanswer": null, "tiempo": null, "usuario": 84, "promopk": 17, "ganadora": false, "fecha_ganador": null, "inicio": "2018-06-18T16:10:08.750Z", "usuario_asigna_ganador": null, "acepta_terminos": true, "final": null}, "model": "dinamicasapp.participacion", "pk": 189}, {"fields": {"nivelanswer": null, "tiempo": null, "usuario": 118, "promopk": 26, "ganadora": false, "fecha_ganador": null, "inicio": "2018-06-19T03:26:08.789Z", "usuario_asigna_ganador": null, "acepta_terminos": true, "final": null}, "model": "dinamicasapp.participacion", "pk": 190}, {"fields": {"nivelanswer": null, "tiempo": null, "usuario": 14, "promopk": 17, "ganadora": false, "fecha_ganador": null, "inicio": "2018-06-19T04:24:40.798Z", "usuario_asigna_ganador": null, "acepta_terminos": true, "final": null}, "model": "dinamicasapp.participacion", "pk": 191}, {"fields": {"nivelanswer": 1, "tiempo": "298973000.0", "usuario": 14, "promopk": 26, "ganadora": false, "fecha_ganador": null, "inicio": "2018-06-19T04:25:09.421Z", "usuario_asigna_ganador": null, "acepta_terminos": true, "final": "2018-06-22T21:28:02.618Z"}, "model": "dinamicasapp.participacion", "pk": 192}, {"fields": {"nivelanswer": null, "tiempo": null, "usuario": 138, "promopk": 26, "ganadora": false, "fecha_ganador": null, "inicio": "2018-06-19T07:49:33.770Z", "usuario_asigna_ganador": null, "acepta_terminos": true, "final": null}, "model": "dinamicasapp.participacion", "pk": 193}, {"fields": {"nivelanswer": null, "tiempo": null, "usuario": 139, "promopk": 26, "ganadora": false, "fecha_ganador": null, "inicio": "2018-06-19T07:49:57.924Z", "usuario_asigna_ganador": null, "acepta_terminos": true, "final": null}, "model": "dinamicasapp.participacion", "pk": 194}, {"fields": {"nivelanswer": null, "tiempo": null, "usuario": 140, "promopk": 26, "ganadora": false, "fecha_ganador": null, "inicio": "2018-06-19T08:37:36.315Z", "usuario_asigna_ganador": null, "acepta_terminos": true, "final": null}, "model": "dinamicasapp.participacion", "pk": 196}, {"fields": {"nivelanswer": null, "tiempo": null, "usuario": 1, "promopk": 21, "ganadora": false, "fecha_ganador": null, "inicio": "2018-06-19T08:43:27.132Z", "usuario_asigna_ganador": null, "acepta_terminos": true, "final": null}, "model": "dinamicasapp.participacion", "pk": 197}, {"fields": {"nivelanswer": 2, "tiempo": "134000", "usuario": 19, "promopk": 26, "ganadora": false, "fecha_ganador": null, "inicio": "2018-06-19T08:44:08.716Z", "usuario_asigna_ganador": null, "acepta_terminos": true, "final": "2018-06-19T08:46:22.745Z"}, "model": "dinamicasapp.participacion", "pk": 198}, {"fields": {"nivelanswer": 0, "tiempo": "70000", "usuario": 1, "promopk": 26, "ganadora": false, "fecha_ganador": null, "inicio": "2018-06-19T08:55:39.964Z", "usuario_asigna_ganador": null, "acepta_terminos": true, "final": "2018-06-19T08:56:50.313Z"}, "model": "dinamicasapp.participacion", "pk": 199}, {"fields": {"nivelanswer": null, "tiempo": null, "usuario": 16, "promopk": 21, "ganadora": false, "fecha_ganador": null, "inicio": "2018-06-19T13:13:01.900Z", "usuario_asigna_ganador": null, "acepta_terminos": true, "final": null}, "model": "dinamicasapp.participacion", "pk": 200}, {"fields": {"nivelanswer": 1, "tiempo": "-21370000.0", "usuario": 63, "promopk": 17, "ganadora": false, "fecha_ganador": null, "inicio": "2018-06-20T03:59:03.370Z", "usuario_asigna_ganador": null, "acepta_terminos": true, "final": "2018-06-20T04:02:53.003Z"}, "model": "dinamicasapp.participacion", "pk": 201}, {"fields": {"nivelanswer": 1, "tiempo": "62133000.0", "usuario": 69, "promopk": 17, "ganadora": false, "fecha_ganador": null, "inicio": "2018-06-20T20:02:01.418Z", "usuario_asigna_ganador": null, "acepta_terminos": true, "final": "2018-06-21T19:17:34.486Z"}, "model": "dinamicasapp.participacion", "pk": 202}, {"fields": {"nivelanswer": 0, "tiempo": "00:00:15", "usuario": 159, "promopk": 26, "ganadora": false, "fecha_ganador": null, "inicio": "2018-06-20T22:32:48.275Z", "usuario_asigna_ganador": null, "acepta_terminos": true, "final": "2018-06-20T22:33:20.155Z"}, "model": "dinamicasapp.participacion", "pk": 212}, {"fields": {"nivelanswer": null, "tiempo": null, "usuario": 159, "promopk": 2, "ganadora": false, "fecha_ganador": null, "inicio": "2018-06-20T22:37:01.604Z", "usuario_asigna_ganador": null, "acepta_terminos": true, "final": null}, "model": "dinamicasapp.participacion", "pk": 213}, {"fields": {"nivelanswer": null, "tiempo": null, "usuario": 159, "promopk": 8, "ganadora": false, "fecha_ganador": null, "inicio": "2018-06-20T22:37:14.901Z", "usuario_asigna_ganador": null, "acepta_terminos": true, "final": null}, "model": "dinamicasapp.participacion", "pk": 214}, {"fields": {"nivelanswer": null, "tiempo": null, "usuario": 162, "promopk": 17, "ganadora": false, "fecha_ganador": null, "inicio": "2018-06-20T22:37:38.099Z", "usuario_asigna_ganador": null, "acepta_terminos": true, "final": null}, "model": "dinamicasapp.participacion", "pk": 215}, {"fields": {"nivelanswer": null, "tiempo": null, "usuario": 159, "promopk": 33, "ganadora": false, "fecha_ganador": null, "inicio": "2018-06-20T22:43:33.196Z", "usuario_asigna_ganador": null, "acepta_terminos": true, "final": null}, "model": "dinamicasapp.participacion", "pk": 216}, {"fields": {"nivelanswer": null, "tiempo": null, "usuario": 159, "promopk": 17, "ganadora": false, "fecha_ganador": null, "inicio": "2018-06-20T23:05:55.939Z", "usuario_asigna_ganador": null, "acepta_terminos": true, "final": null}, "model": "dinamicasapp.participacion", "pk": 217}, {"fields": {"nivelanswer": null, "tiempo": null, "usuario": 159, "promopk": 18, "ganadora": false, "fecha_ganador": null, "inicio": "2018-06-20T23:06:15.088Z", "usuario_asigna_ganador": null, "acepta_terminos": true, "final": null}, "model": "dinamicasapp.participacion", "pk": 218}, {"fields": {"nivelanswer": 0, "tiempo": "00:00:11", "usuario": 162, "promopk": 26, "ganadora": false, "fecha_ganador": null, "inicio": "2018-06-20T23:17:09.649Z", "usuario_asigna_ganador": null, "acepta_terminos": true, "final": "2018-06-21T03:39:36.896Z"}, "model": "dinamicasapp.participacion", "pk": 219}, {"fields": {"nivelanswer": null, "tiempo": null, "usuario": 162, "promopk": 10, "ganadora": false, "fecha_ganador": null, "inicio": "2018-06-20T23:20:36.086Z", "usuario_asigna_ganador": null, "acepta_terminos": true, "final": null}, "model": "dinamicasapp.participacion", "pk": 220}, {"fields": {"nivelanswer": null, "tiempo": null, "usuario": 164, "promopk": 17, "ganadora": false, "fecha_ganador": null, "inicio": "2018-06-21T16:16:45.564Z", "usuario_asigna_ganador": null, "acepta_terminos": true, "final": null}, "model": "dinamicasapp.participacion", "pk": 221}, {"fields": {"nivelanswer": null, "tiempo": null, "usuario": 164, "promopk": 26, "ganadora": false, "fecha_ganador": null, "inicio": "2018-06-21T16:17:49.947Z", "usuario_asigna_ganador": null, "acepta_terminos": true, "final": null}, "model": "dinamicasapp.participacion", "pk": 222}, {"fields": {"nivelanswer": null, "tiempo": null, "usuario": 164, "promopk": 20, "ganadora": false, "fecha_ganador": null, "inicio": "2018-06-21T16:29:04.592Z", "usuario_asigna_ganador": null, "acepta_terminos": true, "final": null}, "model": "dinamicasapp.participacion", "pk": 223}, {"fields": {"nivelanswer": null, "tiempo": null, "usuario": 164, "promopk": 25, "ganadora": false, "fecha_ganador": null, "inicio": "2018-06-21T16:30:50.179Z", "usuario_asigna_ganador": null, "acepta_terminos": true, "final": null}, "model": "dinamicasapp.participacion", "pk": 224}, {"fields": {"nivelanswer": null, "tiempo": null, "usuario": 69, "promopk": 25, "ganadora": false, "fecha_ganador": null, "inicio": "2018-06-21T19:19:37.737Z", "usuario_asigna_ganador": null, "acepta_terminos": true, "final": null}, "model": "dinamicasapp.participacion", "pk": 225}, {"fields": {"nivelanswer": null, "tiempo": null, "usuario": 20, "promopk": 24, "ganadora": false, "fecha_ganador": null, "inicio": "2018-06-22T21:37:40.510Z", "usuario_asigna_ganador": null, "acepta_terminos": true, "final": null}, "model": "dinamicasapp.participacion", "pk": 226}, {"fields": {"nivelanswer": 4, "tiempo": "-21556000.0", "usuario": 14, "promopk": 21, "ganadora": false, "fecha_ganador": null, "inicio": "2018-06-23T00:20:49.197Z", "usuario_asigna_ganador": null, "acepta_terminos": true, "final": "2018-06-23T00:21:33.081Z"}, "model": "dinamicasapp.participacion", "pk": 227}, {"fields": {"nivelanswer": null, "tiempo": null, "usuario": 159, "promopk": 20, "ganadora": false, "fecha_ganador": null, "inicio": "2018-06-23T05:43:39.068Z", "usuario_asigna_ganador": null, "acepta_terminos": true, "final": null}, "model": "dinamicasapp.participacion", "pk": 228}, {"fields": {"nivelanswer": null, "tiempo": null, "usuario": 159, "promopk": 21, "ganadora": false, "fecha_ganador": null, "inicio": "2018-06-23T12:16:33.101Z", "usuario_asigna_ganador": null, "acepta_terminos": true, "final": null}, "model": "dinamicasapp.participacion", "pk": 229}]