[{"fields": {"usuariopk": 1, "date_reg": "2018-04-09T21:14:49.824Z", "servicios": "claromusica,clarovideo", "imagen": ""}, "model": "dinamicasapp.profileuser", "pk": 1}, {"fields": {"usuariopk": 2, "date_reg": "2018-04-09T21:52:55.840Z", "servicios": "clarovideo,claromusica", "imagen": ""}, "model": "dinamicasapp.profileuser", "pk": 2}, {"fields": {"usuariopk": 7, "date_reg": "2018-04-10T08:51:31.856Z", "servicios": "claro_musica", "imagen": ""}, "model": "dinamicasapp.profileuser", "pk": 3}, {"fields": {"usuariopk": 8, "date_reg": "2018-04-10T08:59:57.718Z", "servicios": "claro_musica", "imagen": ""}, "model": "dinamicasapp.profileuser", "pk": 4}, {"fields": {"usuariopk": 9, "date_reg": "2018-04-10T09:02:38.285Z", "servicios": "claro_musica", "imagen": ""}, "model": "dinamicasapp.profileuser", "pk": 5}, {"fields": {"usuariopk": 11, "date_reg": "2018-04-10T09:18:45.378Z", "servicios": "claro_musica", "imagen": ""}, "model": "dinamicasapp.profileuser", "pk": 6}, {"fields": {"usuariopk": 12, "date_reg": "2018-04-10T09:20:58.386Z", "servicios": "claro_musica", "imagen": ""}, "model": "dinamicasapp.profileuser", "pk": 7}, {"fields": {"usuariopk": 13, "date_reg": "2018-04-10T09:25:02.489Z", "servicios": "claro_musica", "imagen": ""}, "model": "dinamicasapp.profileuser", "pk": 8}, {"fields": {"usuariopk": 14, "date_reg": "2018-04-10T09:29:22.912Z", "servicios": "claro_musica", "imagen": ""}, "model": "dinamicasapp.profileuser", "pk": 9}, {"fields": {"usuariopk": 15, "date_reg": "2018-04-10T10:36:20.473Z", "servicios": "claro_musica", "imagen": ""}, "model": "dinamicasapp.profileuser", "pk": 10}, {"fields": {"usuariopk": 16, "date_reg": "2018-04-10T10:37:25.279Z", "servicios": "mmmm", "imagen": ""}, "model": "dinamicasapp.profileuser", "pk": 11}, {"fields": {"usuariopk": 17, "date_reg": "2018-04-10T16:03:09.244Z", "servicios": "claro_musica", "imagen": ""}, "model": "dinamicasapp.profileuser", "pk": 12}, {"fields": {"usuariopk": 18, "date_reg": "2018-04-14T20:24:51.024Z", "servicios": "claro_musica,claro_video", "imagen": ""}, "model": "dinamicasapp.profileuser", "pk": 13}, {"fields": {"usuariopk": 19, "date_reg": "2018-04-15T15:27:37.798Z", "servicios": null, "imagen": ""}, "model": "dinamicasapp.profileuser", "pk": 14}, {"fields": {"usuariopk": 20, "date_reg": "2018-04-16T12:13:27.586Z", "servicios": null, "imagen": ""}, "model": "dinamicasapp.profileuser", "pk": 15}, {"fields": {"usuariopk": 21, "date_reg": "2018-04-16T12:14:37.781Z", "servicios": null, "imagen": ""}, "model": "dinamicasapp.profileuser", "pk": 16}, {"fields": {"usuariopk": 22, "date_reg": "2018-04-16T12:29:28.360Z", "servicios": null, "imagen": ""}, "model": "dinamicasapp.profileuser", "pk": 17}, {"fields": {"usuariopk": 23, "date_reg": "2018-04-16T12:52:58.266Z", "servicios": null, "imagen": ""}, "model": "dinamicasapp.profileuser", "pk": 18}, {"fields": {"usuariopk": 24, "date_reg": "2018-04-16T12:53:44.303Z", "servicios": null, "imagen": ""}, "model": "dinamicasapp.profileuser", "pk": 19}, {"fields": {"usuariopk": 25, "date_reg": "2018-04-16T12:55:10.961Z", "servicios": null, "imagen": ""}, "model": "dinamicasapp.profileuser", "pk": 20}, {"fields": {"usuariopk": 26, "date_reg": "2018-04-16T13:01:05.831Z", "servicios": null, "imagen": ""}, "model": "dinamicasapp.profileuser", "pk": 21}, {"fields": {"usuariopk": 27, "date_reg": "2018-04-16T13:04:28.087Z", "servicios": null, "imagen": ""}, "model": "dinamicasapp.profileuser", "pk": 22}, {"fields": {"usuariopk": 28, "date_reg": "2018-04-16T13:15:24.575Z", "servicios": null, "imagen": ""}, "model": "dinamicasapp.profileuser", "pk": 23}, {"fields": {"usuariopk": 29, "date_reg": "2018-04-16T13:17:40.144Z", "servicios": null, "imagen": ""}, "model": "dinamicasapp.profileuser", "pk": 24}, {"fields": {"usuariopk": 30, "date_reg": "2018-04-16T13:18:28.652Z", "servicios": null, "imagen": ""}, "model": "dinamicasapp.profileuser", "pk": 25}, {"fields": {"usuariopk": 31, "date_reg": "2018-04-16T13:21:43.584Z", "servicios": null, "imagen": ""}, "model": "dinamicasapp.profileuser", "pk": 26}, {"fields": {"usuariopk": 32, "date_reg": "2018-04-16T13:24:15.323Z", "servicios": null, "imagen": ""}, "model": "dinamicasapp.profileuser", "pk": 27}, {"fields": {"usuariopk": 33, "date_reg": "2018-04-16T13:48:12.284Z", "servicios": null, "imagen": ""}, "model": "dinamicasapp.profileuser", "pk": 28}, {"fields": {"usuariopk": 34, "date_reg": "2018-04-16T13:51:19.062Z", "servicios": null, "imagen": ""}, "model": "dinamicasapp.profileuser", "pk": 29}, {"fields": {"usuariopk": 35, "date_reg": "2018-04-16T13:55:50.378Z", "servicios": null, "imagen": ""}, "model": "dinamicasapp.profileuser", "pk": 30}, {"fields": {"usuariopk": 36, "date_reg": "2018-04-16T14:11:18.413Z", "servicios": null, "imagen": ""}, "model": "dinamicasapp.profileuser", "pk": 31}, {"fields": {"usuariopk": 37, "date_reg": "2018-04-16T14:27:16.632Z", "servicios": null, "imagen": ""}, "model": "dinamicasapp.profileuser", "pk": 32}, {"fields": {"usuariopk": 38, "date_reg": "2018-04-16T14:43:02.786Z", "servicios": "claro_musica", "imagen": ""}, "model": "dinamicasapp.profileuser", "pk": 33}, {"fields": {"usuariopk": 39, "date_reg": "2018-04-16T14:51:49.617Z", "servicios": null, "imagen": ""}, "model": "dinamicasapp.profileuser", "pk": 34}, {"fields": {"usuariopk": 40, "date_reg": "2018-04-16T15:25:57.849Z", "servicios": null, "imagen": ""}, "model": "dinamicasapp.profileuser", "pk": 35}, {"fields": {"usuariopk": 41, "date_reg": "2018-04-16T15:51:00.122Z", "servicios": null, "imagen": ""}, "model": "dinamicasapp.profileuser", "pk": 36}, {"fields": {"usuariopk": 42, "date_reg": "2018-04-16T16:06:51.597Z", "servicios": null, "imagen": ""}, "model": "dinamicasapp.profileuser", "pk": 37}, {"fields": {"usuariopk": 43, "date_reg": "2018-04-16T16:50:39.990Z", "servicios": null, "imagen": ""}, "model": "dinamicasapp.profileuser", "pk": 38}, {"fields": {"usuariopk": 44, "date_reg": "2018-04-17T09:34:13.714Z", "servicios": null, "imagen": ""}, "model": "dinamicasapp.profileuser", "pk": 39}, {"fields": {"usuariopk": 45, "date_reg": "2018-04-18T16:50:38.444Z", "servicios": null, "imagen": ""}, "model": "dinamicasapp.profileuser", "pk": 40}, {"fields": {"usuariopk": 46, "date_reg": "2018-04-19T13:00:28.063Z", "servicios": null, "imagen": ""}, "model": "dinamicasapp.profileuser", "pk": 41}, {"fields": {"usuariopk": 47, "date_reg": "2018-04-27T15:18:54.183Z", "servicios": "claro_musica", "imagen": ""}, "model": "dinamicasapp.profileuser", "pk": 42}, {"fields": {"usuariopk": 48, "date_reg": "2018-04-30T18:46:19.704Z", "servicios": null, "imagen": ""}, "model": "dinamicasapp.profileuser", "pk": 43}, {"fields": {"usuariopk": 49, "date_reg": "2018-04-30T18:49:00.344Z", "servicios": null, "imagen": ""}, "model": "dinamicasapp.profileuser", "pk": 44}, {"fields": {"usuariopk": 50, "date_reg": "2018-04-30T18:51:23.904Z", "servicios": null, "imagen": ""}, "model": "dinamicasapp.profileuser", "pk": 45}, {"fields": {"usuariopk": 51, "date_reg": "2018-04-30T19:06:41.995Z", "servicios": null, "imagen": ""}, "model": "dinamicasapp.profileuser", "pk": 46}, {"fields": {"usuariopk": 52, "date_reg": "2018-04-30T19:07:56.666Z", "servicios": null, "imagen": ""}, "model": "dinamicasapp.profileuser", "pk": 47}, {"fields": {"usuariopk": 53, "date_reg": "2018-04-30T19:08:16.658Z", "servicios": null, "imagen": ""}, "model": "dinamicasapp.profileuser", "pk": 48}, {"fields": {"usuariopk": 54, "date_reg": "2018-04-30T19:11:33.523Z", "servicios": null, "imagen": ""}, "model": "dinamicasapp.profileuser", "pk": 49}, {"fields": {"usuariopk": 55, "date_reg": "2018-04-30T19:12:28.049Z", "servicios": null, "imagen": ""}, "model": "dinamicasapp.profileuser", "pk": 50}, {"fields": {"usuariopk": 56, "date_reg": "2018-04-30T19:17:59.183Z", "servicios": null, "imagen": ""}, "model": "dinamicasapp.profileuser", "pk": 51}, {"fields": {"usuariopk": 57, "date_reg": "2018-04-30T19:25:41.500Z", "servicios": null, "imagen": ""}, "model": "dinamicasapp.profileuser", "pk": 52}, {"fields": {"usuariopk": 58, "date_reg": "2018-04-30T19:31:05.460Z", "servicios": null, "imagen": ""}, "model": "dinamicasapp.profileuser", "pk": 53}, {"fields": {"usuariopk": 59, "date_reg": "2018-04-30T19:34:36.584Z", "servicios": null, "imagen": ""}, "model": "dinamicasapp.profileuser", "pk": 54}, {"fields": {"usuariopk": 60, "date_reg": "2018-04-30T19:36:56.220Z", "servicios": null, "imagen": ""}, "model": "dinamicasapp.profileuser", "pk": 55}, {"fields": {"usuariopk": 61, "date_reg": "2018-04-30T19:37:04.086Z", "servicios": null, "imagen": ""}, "model": "dinamicasapp.profileuser", "pk": 56}, {"fields": {"usuariopk": 62, "date_reg": "2018-04-30T19:48:05.917Z", "servicios": null, "imagen": ""}, "model": "dinamicasapp.profileuser", "pk": 57}, {"fields": {"usuariopk": 63, "date_reg": "2018-04-30T19:48:58.975Z", "servicios": null, "imagen": ""}, "model": "dinamicasapp.profileuser", "pk": 58}, {"fields": {"usuariopk": 64, "date_reg": "2018-04-30T19:49:08.409Z", "servicios": null, "imagen": ""}, "model": "dinamicasapp.profileuser", "pk": 59}, {"fields": {"usuariopk": 65, "date_reg": "2018-04-30T22:14:57.442Z", "servicios": null, "imagen": ""}, "model": "dinamicasapp.profileuser", "pk": 60}, {"fields": {"usuariopk": 66, "date_reg": "2018-04-30T22:15:23.897Z", "servicios": null, "imagen": ""}, "model": "dinamicasapp.profileuser", "pk": 61}, {"fields": {"usuariopk": 67, "date_reg": "2018-04-30T22:15:53.413Z", "servicios": null, "imagen": ""}, "model": "dinamicasapp.profileuser", "pk": 62}, {"fields": {"usuariopk": 68, "date_reg": "2018-05-02T21:36:20.201Z", "servicios": null, "imagen": ""}, "model": "dinamicasapp.profileuser", "pk": 63}, {"fields": {"usuariopk": 69, "date_reg": "2018-05-02T22:00:50.923Z", "servicios": null, "imagen": ""}, "model": "dinamicasapp.profileuser", "pk": 64}, {"fields": {"usuariopk": 70, "date_reg": "2018-05-03T21:05:16.801Z", "servicios": null, "imagen": ""}, "model": "dinamicasapp.profileuser", "pk": 65}, {"fields": {"status": "publish", "fecha_publicacion": null, "destacado": true, "color": "c227b9", "linea_tres": "", "ciudad": "Guadalajara", "likes": 18, "linea_uno": "La velocidad de la NASCAR", "vigencia": "2018-06-03", "premio": "", "shares": 120, "bases": "<p>\u00a1Vive toda la velocidad de NASCAR Peak M\u00e9xico Series!<br/><br/>Esto se trata de velocidad, habr\u00e1 un total de 250 pases dobles, pero \u00fanicamente los tres m\u00e1s r\u00e1pidos obtendr\u00e1n accesos al hospitality en el auditorio Cajititl\u00e1n de Guadalajara.<br/><br/>En sus marcas, \u00bflistos? \u00a1Fuera!<br/></p>", "dinamica": "trivia", "titulo": "<p>La trivia consta de 6 preguntas de opci\u00f3n m\u00faltiple, selecciona la respuesta correcta y pasa a la siguiente pregunta. La mayor cantidad de respuestas correctas con el menor tiempo de participaci\u00f3n gana.<br/></p>", "lugar": "Auditorio Cajititl\u00e1n", "terms": "<p>Lorem ipsum dolor sit amet, consectetur adipiscing elit. Sed gravida cursus lacus, eget tempus dolor molestie et. Ut sed congue risus. Mauris vitae orci in risus iaculis vestibulum. Curabitur ullamcorper, risus et vehicula suscipit, urna ante malesuada lorem, at feugiat augue felis in nisi. Ut dapibus libero sem, quis dignissim sem lobortis nec. Curabitur rhoncus non nunc vel faucibus. Phasellus velit dolor, euismod vel cursus nec, sagittis nec lorem. Mauris id est est. Nulla non odio nisi.<br/><br/>Donec sit amet condimentum ipsum, eget laoreet urna. Duis nunc sem, interdum eu mauris eu, rhoncus aliquam risus. Morbi metus nisl, eleifend eget risus id, facilisis pretium nisi. Aenean eget ullamcorper elit, nec suscipit urna. Donec id viverra odio, in luctus felis. Fusce tincidunt sagittis nulla, tincidunt lacinia turpis fringilla ac. Mauris laoreet lectus eget nulla vulputate varius. Vestibulum ac nisl ligula. Ut suscipit turpis vel bibendum gravida. Sed eleifend vehicula leo nec tempus. Phasellus nec felis aliquam, sodales nibh eget, luctus nulla.<br/></p>", "orden": 2, "fecha_evento": "2018-06-10", "categorias": "[\"automovilismo\"]", "img": "/static/temps/promo_4_min.jpg", "segmentos": "[]", "imglg": "/static/temps/promo_4_lg.jpg", "linea_dos": "trae pases dobles y acceso al hospitality."}, "model": "dinamicasapp.promocion", "pk": 4}, {"fields": {"status": "publish", "fecha_publicacion": null, "destacado": false, "color": "c227b9", "linea_tres": "", "ciudad": "CDMX", "likes": 0, "linea_uno": "Doble velocidad con", "vigencia": "2018-06-10", "premio": "", "shares": 120, "bases": "<p><span style=\\\"font-size: 16px;text-align: left;float: none;\\\">\u00a1Vive toda la velocidad de la F\u00f3rmula 4!</span><br style=\\\"font-size: 16px;text-align: left;\\\"/><br style=\\\"font-size: 16px;text-align: left;\\\"/><span style=\\\"font-size: 16px;text-align: left;float: none;\\\">Si eres de las 50 m\u00e1s r\u00e1pidos te llevas pases dobles para asistir a la F\u00f3rmula 4 en la Ciudad de M\u00e9xico.</span><br style=\\\"font-size: 16px;text-align: left;\\\"/><br style=\\\"font-size: 16px;text-align: left;\\\"/><span style=\\\"font-size: 16px;text-align: left;float: none;\\\">En sus marcas, \u00bflistos? \u00a1Fuera!</span><br/></p>", "dinamica": "trivia", "titulo": "<p>La trivia consta de 4 preguntas de opci\u00f3n m\u00faltiple, selecciona la respuesta correcta y pasa a la siguiente pregunta. La mayor cantidad de respuestas correctas con el menor tiempo de participaci\u00f3n gana.<br/></p>", "lugar": "", "terms": "<p>Lorem ipsum dolor sit amet, consectetur adipiscing elit. Sed gravida cursus lacus, eget tempus dolor molestie et. Ut sed congue risus. Mauris vitae orci in risus iaculis vestibulum. Curabitur ullamcorper, risus et vehicula suscipit, urna ante malesuada lorem, at feugiat augue felis in nisi. Ut dapibus libero sem, quis dignissim sem lobortis nec. Curabitur rhoncus non nunc vel faucibus. Phasellus velit dolor, euismod vel cursus nec, sagittis nec lorem. Mauris id est est. Nulla non odio nisi.<br/><br/>Donec sit amet condimentum ipsum, eget laoreet urna. Duis nunc sem, interdum eu mauris eu, rhoncus aliquam risus. Morbi metus nisl, eleifend eget risus id, facilisis pretium nisi. Aenean eget ullamcorper elit, nec suscipit urna. Donec id viverra odio, in luctus felis. Fusce tincidunt sagittis nulla, tincidunt lacinia turpis fringilla ac. Mauris laoreet lectus eget nulla vulputate varius. Vestibulum ac nisl ligula. Ut suscipit turpis vel bibendum gravida. Sed eleifend vehicula leo nec tempus. Phasellus nec felis aliquam, sodales nibh eget, luctus nulla.<br/></p>", "orden": 8, "fecha_evento": "2018-06-17", "categorias": "[\"automovilismo\"]", "img": "/static/temps/promo_10_min.jpg", "segmentos": "[]", "imglg": "/static/temps/promo_10_lg.jpg", "linea_dos": "dos accesos a la F4"}, "model": "dinamicasapp.promocion", "pk": 10}, {"fields": {"status": "publish", "fecha_publicacion": null, "destacado": true, "color": "c227b9", "linea_tres": "", "ciudad": "M\u00e9xico", "likes": 340, "linea_uno": "No te pierdas en el Auditorio Nacional a", "vigencia": "2018-05-25", "premio": "", "shares": 120, "bases": "<p>\u00a1Paty Cant\u00fa te espera en su concierto!</p><p>Asiste este primero de Junio al Lunario del Auditorio Nacional con un acompa\u00f1ante y escuchen lo \u00faltimo de esta gran cantante antes de que siga su gira por Latinoam\u00e9rica.</p><p>\u00a1No te lo puedes perder, participa!</p>", "dinamica": "trivia", "titulo": "<p></p><p>La trivia consta de 5 preguntas de opci\u00f3n m\u00faltiple, selecciona la respuesta correcta y pasa a la siguiente pregunta. La mayor cantidad de respuestas correctas con el menor tiempo de participaci\u00f3n gana.<br/></p><p></p>", "lugar": "Auditorio Nacional", "terms": "<p>Lorem ipsum dolor sit amet, consectetur adipiscing elit. Sed gravida cursus lacus, eget tempus dolor molestie et. Ut sed congue risus. Mauris vitae orci in risus iaculis vestibulum. Curabitur ullamcorper, risus et vehicula suscipit, urna ante malesuada lorem, at feugiat augue felis in nisi. Ut dapibus libero sem, quis dignissim sem lobortis nec. Curabitur rhoncus non nunc vel faucibus. Phasellus velit dolor, euismod vel cursus nec, sagittis nec lorem. Mauris id est est. Nulla non odio nisi.<br/><br/>Donec sit amet condimentum ipsum, eget laoreet urna. Duis nunc sem, interdum eu mauris eu, rhoncus aliquam risus. Morbi metus nisl, eleifend eget risus id, facilisis pretium nisi. Aenean eget ullamcorper elit, nec suscipit urna. Donec id viverra odio, in luctus felis. Fusce tincidunt sagittis nulla, tincidunt lacinia turpis fringilla ac. Mauris laoreet lectus eget nulla vulputate varius. Vestibulum ac nisl ligula. Ut suscipit turpis vel bibendum gravida. Sed eleifend vehicula leo nec tempus. Phasellus nec felis aliquam, sodales nibh eget, luctus nulla.<br/></p>", "orden": 1, "fecha_evento": "2018-06-01", "categorias": "[\"musica\"]", "img": "/static/temps/promo_14_min.jpg", "segmentos": "[]", "imglg": "/static/temps/promo_14_lg.jpg", "linea_dos": "Paty Cant\u00fa con pases dobles."}, "model": "dinamicasapp.promocion", "pk": 14}, {"fields": {"status": "publish", "fecha_publicacion": null, "destacado": true, "color": "c227b9", "linea_tres": "", "ciudad": "M\u00e9xico", "likes": 0, "linea_uno": "Morat te espera en el Auditorio con", "vigencia": "2018-05-26", "premio": "", "shares": 120, "bases": "<p>\u00a1Te tenemos pases dobles para Morat!</p><p>Este 2 de junio el Auditorio Nacional se llenar\u00e1 de folk-pop con la fabulosa banda colombiana que est\u00e1 esperando que te ganes estos boletos para ti y un acompa\u00f1ante.<br/><br/>\u00bfQu\u00e9 esperas? \u00a1Participa!<br/></p>", "dinamica": "trivia", "titulo": "<p>La trivia consta de 5 preguntas de opci\u00f3n m\u00faltiple, selecciona la respuesta correcta y pasa a la siguiente pregunta. La mayor cantidad de respuestas correctas con el menor tiempo de participaci\u00f3n gana.<br/></p>", "lugar": "Auditorio Nacional", "terms": "<p>Lorem ipsum dolor sit amet, consectetur adipiscing elit. Sed gravida cursus lacus, eget tempus dolor molestie et. Ut sed congue risus. Mauris vitae orci in risus iaculis vestibulum. Curabitur ullamcorper, risus et vehicula suscipit, urna ante malesuada lorem, at feugiat augue felis in nisi. Ut dapibus libero sem, quis dignissim sem lobortis nec. Curabitur rhoncus non nunc vel faucibus. Phasellus velit dolor, euismod vel cursus nec, sagittis nec lorem. Mauris id est est. Nulla non odio nisi.<br/><br/>Donec sit amet condimentum ipsum, eget laoreet urna. Duis nunc sem, interdum eu mauris eu, rhoncus aliquam risus. Morbi metus nisl, eleifend eget risus id, facilisis pretium nisi. Aenean eget ullamcorper elit, nec suscipit urna. Donec id viverra odio, in luctus felis. Fusce tincidunt sagittis nulla, tincidunt lacinia turpis fringilla ac. Mauris laoreet lectus eget nulla vulputate varius. Vestibulum ac nisl ligula. Ut suscipit turpis vel bibendum gravida. Sed eleifend vehicula leo nec tempus. Phasellus nec felis aliquam, sodales nibh eget, luctus nulla.<br/></p>", "orden": 3, "fecha_evento": "2018-06-02", "categorias": "[\"musica\"]", "img": "/static/temps/promo_15_min.jpg", "segmentos": "[]", "imglg": "/static/temps/promo_15_lg.jpg", "linea_dos": "pases dobles para ti."}, "model": "dinamicasapp.promocion", "pk": 15}, {"fields": {"orden": 0, "catname": "Categor\u00edas", "catslug": "categorias", "parentcat": null}, "model": "dinamicasapp.promocat", "pk": 5}, {"fields": {"orden": 0, "catname": "Automovilismo", "catslug": "automovilismo", "parentcat": 5}, "model": "dinamicasapp.promocat", "pk": 6}, {"fields": {"orden": 0, "catname": "Atletismo", "catslug": "atletismo", "parentcat": 5}, "model": "dinamicasapp.promocat", "pk": 7}, {"fields": {"orden": 0, "catname": "Beisbol", "catslug": "beisbol", "parentcat": 5}, "model": "dinamicasapp.promocat", "pk": 8}, {"fields": {"orden": 0, "catname": "F\u00fatbol", "catslug": "futbol", "parentcat": 5}, "model": "dinamicasapp.promocat", "pk": 9}, {"fields": {"orden": 0, "catname": "M\u00fasica", "catslug": "musica", "parentcat": 5}, "model": "dinamicasapp.promocat", "pk": 10}, {"fields": {"orden": 0, "catname": "Teatro", "catslug": "teatro", "parentcat": 5}, "model": "dinamicasapp.promocat", "pk": 11}, {"fields": {"orden": 0, "catname": "Tenis", "catslug": "tenis", "parentcat": 5}, "model": "dinamicasapp.promocat", "pk": 12}, {"fields": {"orden": 0, "catname": "Entretenimiento", "catslug": "entretenimiento", "parentcat": 5}, "model": "dinamicasapp.promocat", "pk": 13}, {"fields": {"orden": 1, "owners": 4, "imagen": "static/media/promocion/crop_20_4YwWDc1.jpeg", "pregunta": "\u00bfCu\u00e1l es el significado de NASCAR?"}, "model": "dinamicasapp.pregunta", "pk": 20}, {"fields": {"orden": 1, "owners": 4, "imagen": "static/media/promocion/crop_21.jpeg", "pregunta": "\u00bfCu\u00e1l de estas marcas no compite actualmente en NASCAR Peak?"}, "model": "dinamicasapp.pregunta", "pk": 21}, {"fields": {"orden": 1, "owners": 4, "imagen": "static/media/promocion/crop_22.jpeg", "pregunta": "\u00bfQui\u00e9n es el actual piloto campe\u00f3n de la NASCAR Peak?"}, "model": "dinamicasapp.pregunta", "pk": 22}, {"fields": {"orden": 1, "owners": 4, "imagen": "static/media/promocion/crop_23.jpeg", "pregunta": "\u00bfQui\u00e9n es el \u00fanico piloto que ha conseguido ser tres veces campe\u00f3n?"}, "model": "dinamicasapp.pregunta", "pk": 23}, {"fields": {"orden": 1, "owners": 4, "imagen": "static/media/promocion/crop_24.jpeg", "pregunta": "\u00bfQui\u00e9n fue Rookie del a\u00f1o en el 2014?"}, "model": "dinamicasapp.pregunta", "pk": 24}, {"fields": {"orden": 1, "owners": 4, "imagen": "static/media/promocion/crop_25.jpeg", "pregunta": "\u00bfCu\u00e1l es la pista con m\u00e1s carreras en la historia de NASCAR Peak M\u00e9xico?"}, "model": "dinamicasapp.pregunta", "pk": 25}, {"fields": {"orden": 1, "owners": 10, "imagen": "static/media/promocion/crop_32.jpeg", "pregunta": "\u00bfEn qu\u00e9 a\u00f1o se realiz\u00f3 el primer campeonato de F4 M\u00e9xico?"}, "model": "dinamicasapp.pregunta", "pk": 32}, {"fields": {"orden": 1, "owners": 10, "imagen": "static/media/promocion/crop_33.jpeg", "pregunta": "\u00bfCu\u00e1l es el precio m\u00e1ximo estipulado para un motor de F4?"}, "model": "dinamicasapp.pregunta", "pk": 33}, {"fields": {"orden": 1, "owners": 10, "imagen": "static/media/promocion/crop_34.jpeg", "pregunta": "\u00bfEn d\u00f3nde se celebr\u00f3 en Marzo la fecha 3 de F4?"}, "model": "dinamicasapp.pregunta", "pk": 34}, {"fields": {"orden": 1, "owners": 10, "imagen": "static/media/promocion/crop_35_xKiG2AI.jpeg", "pregunta": "\u00bfCu\u00e1l es la edad m\u00ednima para participar en F4?"}, "model": "dinamicasapp.pregunta", "pk": 35}, {"fields": {"orden": 1, "owners": 14, "imagen": "static/media/promocion/crop_36_EUTXAA6.jpeg", "pregunta": "\u00bfEn qu\u00e9 ciudad naci\u00f3 Paty Cant\u00fa"}, "model": "dinamicasapp.pregunta", "pk": 36}, {"fields": {"orden": 1, "owners": 14, "imagen": "static/media/promocion/crop_37.jpeg", "pregunta": "Antes de convertirse en solista, \u00bfen qu\u00e9 agrupaci\u00f3n cantaba Paty Cant\u00fa?"}, "model": "dinamicasapp.pregunta", "pk": 37}, {"fields": {"orden": 1, "owners": 14, "imagen": "static/media/promocion/crop_38.jpeg", "pregunta": "\u00bfC\u00f3mo se llam\u00f3 su primer \u00e1lbum como solista?"}, "model": "dinamicasapp.pregunta", "pk": 38}, {"fields": {"orden": 1, "owners": 14, "imagen": "static/media/promocion/crop_39.jpeg", "pregunta": "\u00bfEn qu\u00e9 pel\u00edcula particip\u00f3 doblando la voz de un personaje?"}, "model": "dinamicasapp.pregunta", "pk": 39}, {"fields": {"orden": 1, "owners": 14, "imagen": "static/media/promocion/crop_40.jpeg", "pregunta": "\u00bfCu\u00e1l de estas canciones NO es de Paty Cant\u00fa?"}, "model": "dinamicasapp.pregunta", "pk": 40}, {"fields": {"orden": 1, "owners": 15, "imagen": "static/media/promocion/crop_41.jpeg", "pregunta": "\u00bfDe d\u00f3nde son originarios los integrantes de Morat?"}, "model": "dinamicasapp.pregunta", "pk": 41}, {"fields": {"orden": 1, "owners": 15, "imagen": "static/media/promocion/crop_42.jpeg", "pregunta": "\u00bfCon qu\u00e9 cantante mexicana colaboraron para la canci\u00f3n \u201cMi nuevo vicio\u201d?"}, "model": "dinamicasapp.pregunta", "pk": 42}, {"fields": {"orden": 1, "owners": 15, "imagen": "static/media/promocion/crop_43.jpeg", "pregunta": "\u00bfCu\u00e1l es el nombre del primer \u00e1lbum de esta agrupaci\u00f3n musical?"}, "model": "dinamicasapp.pregunta", "pk": 43}, {"fields": {"orden": 1, "owners": 15, "imagen": "static/media/promocion/crop_44.jpeg", "pregunta": "\u00bfPara cu\u00e1l de sus canciones colaboraron con Juanes?"}, "model": "dinamicasapp.pregunta", "pk": 44}, {"fields": {"orden": 1, "owners": 15, "imagen": "static/media/promocion/crop_45.jpeg", "pregunta": "\u00bfCu\u00e1les son los nombres de los integrantes de Morat?"}, "model": "dinamicasapp.pregunta", "pk": 45}, {"fields": {"resp": "Ford", "cor": "False", "indice": "A", "pregunta": 21}, "model": "dinamicasapp.respuesta", "pk": 211}, {"fields": {"resp": "Mazda", "cor": "False", "indice": "B", "pregunta": 21}, "model": "dinamicasapp.respuesta", "pk": 212}, {"fields": {"resp": "Honda", "cor": "True", "indice": "C", "pregunta": 21}, "model": "dinamicasapp.respuesta", "pk": 213}, {"fields": {"resp": "Abraham Calder\u00f3n", "cor": "True", "indice": "A", "pregunta": 22}, "model": "dinamicasapp.respuesta", "pk": 214}, {"fields": {"resp": "Rub\u00e9n Garc\u00eda, Jr.", "cor": "False", "indice": "B", "pregunta": 22}, "model": "dinamicasapp.respuesta", "pk": 215}, {"fields": {"resp": "Jimmy Morales", "cor": "False", "indice": "C", "pregunta": 22}, "model": "dinamicasapp.respuesta", "pk": 216}, {"fields": {"resp": "Rogelio L\u00f3pez", "cor": "False", "indice": "A", "pregunta": 23}, "model": "dinamicasapp.respuesta", "pk": 217}, {"fields": {"resp": "Germ\u00e1n Quiroga", "cor": "True", "indice": "B", "pregunta": 23}, "model": "dinamicasapp.respuesta", "pk": 218}, {"fields": {"resp": "Abraham Calder\u00f3n", "cor": "False", "indice": "C", "pregunta": 23}, "model": "dinamicasapp.respuesta", "pk": 219}, {"fields": {"resp": "Jimmy Morales", "cor": "False", "indice": "A", "pregunta": 24}, "model": "dinamicasapp.respuesta", "pk": 220}, {"fields": {"resp": "Santiago Tovar", "cor": "False", "indice": "B", "pregunta": 24}, "model": "dinamicasapp.respuesta", "pk": 221}, {"fields": {"resp": "Rodrigo Marban", "cor": "True", "indice": "C", "pregunta": 24}, "model": "dinamicasapp.respuesta", "pk": 222}, {"fields": {"resp": "Aut\u00f3dromo Hermanos Rodr\u00edguez", "cor": "False", "indice": "A", "pregunta": 25}, "model": "dinamicasapp.respuesta", "pk": 223}, {"fields": {"resp": "Aut\u00f3dromo Monterrey", "cor": "False", "indice": "B", "pregunta": 25}, "model": "dinamicasapp.respuesta", "pk": 224}, {"fields": {"resp": "Aut\u00f3dromo Potosino", "cor": "True", "indice": "C", "pregunta": 25}, "model": "dinamicasapp.respuesta", "pk": 225}, {"fields": {"resp": "2003", "cor": "False", "indice": "A", "pregunta": 32}, "model": "dinamicasapp.respuesta", "pk": 265}, {"fields": {"resp": "2013", "cor": "False", "indice": "B", "pregunta": 32}, "model": "dinamicasapp.respuesta", "pk": 266}, {"fields": {"resp": "2014", "cor": "True", "indice": "C", "pregunta": 32}, "model": "dinamicasapp.respuesta", "pk": 267}, {"fields": {"resp": "\u20ac10,000", "cor": "False", "indice": "A", "pregunta": 33}, "model": "dinamicasapp.respuesta", "pk": 268}, {"fields": {"resp": "8,500 USD", "cor": "False", "indice": "B", "pregunta": 33}, "model": "dinamicasapp.respuesta", "pk": 269}, {"fields": {"resp": "\u20ac9,500", "cor": "True", "indice": "C", "pregunta": 33}, "model": "dinamicasapp.respuesta", "pk": 270}, {"fields": {"resp": "15", "cor": "True", "indice": "A", "pregunta": 35}, "model": "dinamicasapp.respuesta", "pk": 271}, {"fields": {"resp": "16", "cor": "False", "indice": "B", "pregunta": 35}, "model": "dinamicasapp.respuesta", "pk": 272}, {"fields": {"resp": "17", "cor": "False", "indice": "C", "pregunta": 35}, "model": "dinamicasapp.respuesta", "pk": 273}, {"fields": {"resp": "Aguascalientes", "cor": "True", "indice": "A", "pregunta": 34}, "model": "dinamicasapp.respuesta", "pk": 274}, {"fields": {"resp": "Puebla", "cor": "False", "indice": "B", "pregunta": 34}, "model": "dinamicasapp.respuesta", "pk": 275}, {"fields": {"resp": "San Luis Potos\u00ed", "cor": "False", "indice": "C", "pregunta": 34}, "model": "dinamicasapp.respuesta", "pk": 276}, {"fields": {"resp": "Monterrey", "cor": "False", "indice": "A", "pregunta": 36}, "model": "dinamicasapp.respuesta", "pk": 310}, {"fields": {"resp": "Guadalajara", "cor": "True", "indice": "B", "pregunta": 36}, "model": "dinamicasapp.respuesta", "pk": 311}, {"fields": {"resp": "Ciudad de M\u00e9xico", "cor": "False", "indice": "C", "pregunta": 36}, "model": "dinamicasapp.respuesta", "pk": 312}, {"fields": {"resp": "Lu", "cor": "True", "indice": "A", "pregunta": 37}, "model": "dinamicasapp.respuesta", "pk": 313}, {"fields": {"resp": "RBD", "cor": "False", "indice": "B", "pregunta": 37}, "model": "dinamicasapp.respuesta", "pk": 314}, {"fields": {"resp": "Belanova", "cor": "False", "indice": "C", "pregunta": 37}, "model": "dinamicasapp.respuesta", "pk": 315}, {"fields": {"resp": "D\u00e9jame ir", "cor": "False", "indice": "A", "pregunta": 38}, "model": "dinamicasapp.respuesta", "pk": 316}, {"fields": {"resp": "Coraz\u00f3n bipolar", "cor": "False", "indice": "B", "pregunta": 38}, "model": "dinamicasapp.respuesta", "pk": 317}, {"fields": {"resp": "Me quedo sola", "cor": "True", "indice": "C", "pregunta": 38}, "model": "dinamicasapp.respuesta", "pk": 318}, {"fields": {"resp": "Toy Story", "cor": "False", "indice": "A", "pregunta": 39}, "model": "dinamicasapp.respuesta", "pk": 322}, {"fields": {"resp": "Pollitos en fuga", "cor": "False", "indice": "B", "pregunta": 39}, "model": "dinamicasapp.respuesta", "pk": 323}, {"fields": {"resp": "Los Pitufos", "cor": "True", "indice": "C", "pregunta": 39}, "model": "dinamicasapp.respuesta", "pk": 324}, {"fields": {"resp": "A quien t\u00fa decidiste amar", "cor": "True", "indice": "A", "pregunta": 40}, "model": "dinamicasapp.respuesta", "pk": 325}, {"fields": {"resp": "Quiero todo, quiero nada", "cor": "False", "indice": "B", "pregunta": 40}, "model": "dinamicasapp.respuesta", "pk": 326}, {"fields": {"resp": "Afortunadamente no eres t\u00fa", "cor": "False", "indice": "C", "pregunta": 40}, "model": "dinamicasapp.respuesta", "pk": 327}, {"fields": {"resp": "M\u00e9xico", "cor": "False", "indice": "A", "pregunta": 41}, "model": "dinamicasapp.respuesta", "pk": 361}, {"fields": {"resp": "Colombia", "cor": "True", "indice": "B", "pregunta": 41}, "model": "dinamicasapp.respuesta", "pk": 362}, {"fields": {"resp": "Venezuela", "cor": "False", "indice": "C", "pregunta": 41}, "model": "dinamicasapp.respuesta", "pk": 363}, {"fields": {"resp": "Yuri", "cor": "False", "indice": "A", "pregunta": 42}, "model": "dinamicasapp.respuesta", "pk": 364}, {"fields": {"resp": "Paulina Rubio", "cor": "True", "indice": "B", "pregunta": 42}, "model": "dinamicasapp.respuesta", "pk": 365}, {"fields": {"resp": "Thal\u00eda", "cor": "False", "indice": "C", "pregunta": 42}, "model": "dinamicasapp.respuesta", "pk": 366}, {"fields": {"resp": "Cama incendiada", "cor": "False", "indice": "A", "pregunta": 43}, "model": "dinamicasapp.respuesta", "pk": 367}, {"fields": {"resp": "Besos en guerra", "cor": "False", "indice": "B", "pregunta": 43}, "model": "dinamicasapp.respuesta", "pk": 368}, {"fields": {"resp": "Sobre el amor y sus efectos secundarios", "cor": "True", "indice": "C", "pregunta": 43}, "model": "dinamicasapp.respuesta", "pk": 369}, {"fields": {"resp": "Besos en guerra", "cor": "True", "indice": "A", "pregunta": 44}, "model": "dinamicasapp.respuesta", "pk": 370}, {"fields": {"resp": "Ya no est\u00e1s t\u00fa", "cor": "False", "indice": "B", "pregunta": 44}, "model": "dinamicasapp.respuesta", "pk": 371}, {"fields": {"resp": "Una vez m\u00e1s", "cor": "False", "indice": "C", "pregunta": 44}, "model": "dinamicasapp.respuesta", "pk": 372}, {"fields": {"resp": "Pablo, Juan, Alejandro y Francisco", "cor": "False", "indice": "A", "pregunta": 45}, "model": "dinamicasapp.respuesta", "pk": 373}, {"fields": {"resp": "Sim\u00f3n, Alejandro, Juan Pablo y Francisco", "cor": "False", "indice": "B", "pregunta": 45}, "model": "dinamicasapp.respuesta", "pk": 374}, {"fields": {"resp": "Juan Pablo, Sim\u00f3n, Mart\u00edn y Juan Pablo", "cor": "True", "indice": "C", "pregunta": 45}, "model": "dinamicasapp.respuesta", "pk": 375}, {"fields": {"resp": "National Automobile Speed Competition Association Rules", "cor": "False", "indice": "A", "pregunta": 20}, "model": "dinamicasapp.respuesta", "pk": 376}, {"fields": {"resp": "National Advanced Stock Car Auto Rally", "cor": "False", "indice": "B", "pregunta": 20}, "model": "dinamicasapp.respuesta", "pk": 377}, {"fields": {"resp": "National Association for Stock Car Auto Racing", "cor": "True", "indice": "C", "pregunta": 20}, "model": "dinamicasapp.respuesta", "pk": 378}, {"fields": {"promopk": 4, "userpk": 11, "date_like": "2018-04-25T18:13:56.566Z"}, "model": "dinamicasapp.delikes", "pk": 2}, {"fields": {"promopk": 4, "userpk": 8, "date_like": "2018-04-30T18:19:30.417Z"}, "model": "dinamicasapp.delikes", "pk": 14}, {"fields": {"promopk": 4, "userpk": 51, "date_like": "2018-04-30T19:07:04.221Z"}, "model": "dinamicasapp.delikes", "pk": 18}, {"fields": {"promopk": 4, "userpk": 53, "date_like": "2018-04-30T19:08:22.051Z"}, "model": "dinamicasapp.delikes", "pk": 21}, {"fields": {"promopk": 4, "userpk": 54, "date_like": "2018-04-30T19:11:54.300Z"}, "model": "dinamicasapp.delikes", "pk": 25}, {"fields": {"promopk": 4, "userpk": 55, "date_like": "2018-04-30T19:12:33.924Z"}, "model": "dinamicasapp.delikes", "pk": 28}, {"fields": {"promopk": 4, "userpk": 56, "date_like": "2018-04-30T19:18:26.236Z"}, "model": "dinamicasapp.delikes", "pk": 34}, {"fields": {"promopk": 4, "userpk": 57, "date_like": "2018-04-30T19:25:44.573Z"}, "model": "dinamicasapp.delikes", "pk": 37}, {"fields": {"promopk": 4, "userpk": 58, "date_like": "2018-04-30T19:31:09.557Z"}, "model": "dinamicasapp.delikes", "pk": 42}, {"fields": {"promopk": 4, "userpk": 22, "date_like": "2018-05-01T16:26:17.637Z"}, "model": "dinamicasapp.delikes", "pk": 49}, {"fields": {"promopk": 4, "userpk": 2, "date_like": "2018-05-01T16:35:00.893Z"}, "model": "dinamicasapp.delikes", "pk": 52}, {"fields": {"promopk": 4, "userpk": 3, "date_like": "2018-05-03T11:51:59.325Z"}, "model": "dinamicasapp.delikes", "pk": 57}, {"fields": {"promopk": 4, "userpk": 14, "date_like": "2018-05-03T12:42:51.488Z"}, "model": "dinamicasapp.delikes", "pk": 60}, {"fields": {"promopk": 4, "userpk": 17, "date_like": "2018-05-03T12:43:24.728Z"}, "model": "dinamicasapp.delikes", "pk": 63}, {"fields": {"promopk": 4, "userpk": 15, "date_like": "2018-05-03T12:49:18.664Z"}, "model": "dinamicasapp.delikes", "pk": 66}, {"fields": {"promopk": 4, "userpk": 18, "date_like": "2018-05-03T20:26:30.845Z"}, "model": "dinamicasapp.delikes", "pk": 71}, {"fields": {"promopk": 4, "userpk": 19, "date_like": "2018-05-03T20:35:08.516Z"}, "model": "dinamicasapp.delikes", "pk": 75}, {"fields": {"promopk": 4, "userpk": 28, "date_like": "2018-05-03T21:05:21.498Z"}, "model": "dinamicasapp.delikes", "pk": 77}, {"fields": {"nivelanswer": 3, "tiempo": "17000.0", "usuario": 7, "promopk": 4, "ganadora": true, "fecha_ganador": "2018-04-25T18:35:18.200Z", "inicio": "2018-04-10T08:51:48.592Z", "usuario_asigna_ganador": null, "acepta_terminos": true, "final": "2018-04-10T08:52:05.614Z"}, "model": "dinamicasapp.participacion", "pk": 4}, {"fields": {"nivelanswer": 1, "tiempo": "9000.0", "usuario": 9, "promopk": 4, "ganadora": false, "fecha_ganador": null, "inicio": "2018-04-10T09:03:05.551Z", "usuario_asigna_ganador": null, "acepta_terminos": true, "final": "2018-04-10T09:03:14.829Z"}, "model": "dinamicasapp.participacion", "pk": 6}, {"fields": {"nivelanswer": 1, "tiempo": "19000.0", "usuario": 12, "promopk": 4, "ganadora": false, "fecha_ganador": null, "inicio": "2018-04-10T09:21:09.415Z", "usuario_asigna_ganador": null, "acepta_terminos": true, "final": "2018-04-10T09:21:28.330Z"}, "model": "dinamicasapp.participacion", "pk": 9}, {"fields": {"nivelanswer": 8, "tiempo": "3309000.0", "usuario": 14, "promopk": 4, "ganadora": true, "fecha_ganador": "2018-04-25T18:35:13.203Z", "inicio": "2018-04-10T09:29:33.982Z", "usuario_asigna_ganador": null, "acepta_terminos": true, "final": "2018-04-10T10:24:42.462Z"}, "model": "dinamicasapp.participacion", "pk": 13}, {"fields": {"nivelanswer": 2, "tiempo": "15000.0", "usuario": 15, "promopk": 4, "ganadora": false, "fecha_ganador": null, "inicio": "2018-04-10T10:43:37.190Z", "usuario_asigna_ganador": null, "acepta_terminos": true, "final": "2018-04-10T10:43:52.067Z"}, "model": "dinamicasapp.participacion", "pk": 18}, {"fields": {"nivelanswer": 0, "tiempo": "484000.0", "usuario": 22, "promopk": 4, "ganadora": false, "fecha_ganador": null, "inicio": "2018-04-16T12:34:15.215Z", "usuario_asigna_ganador": null, "acepta_terminos": true, "final": "2018-04-16T12:42:19.351Z"}, "model": "dinamicasapp.participacion", "pk": 23}, {"fields": {"nivelanswer": 0, "tiempo": "11000.0", "usuario": 28, "promopk": 4, "ganadora": false, "fecha_ganador": null, "inicio": "2018-04-16T13:15:34.858Z", "usuario_asigna_ganador": null, "acepta_terminos": true, "final": "2018-04-16T13:15:45.110Z"}, "model": "dinamicasapp.participacion", "pk": 28}, {"fields": {"nivelanswer": 1, "tiempo": "10000.0", "usuario": 29, "promopk": 4, "ganadora": false, "fecha_ganador": null, "inicio": "2018-04-16T13:17:57.162Z", "usuario_asigna_ganador": null, "acepta_terminos": true, "final": "2018-04-16T13:18:07.665Z"}, "model": "dinamicasapp.participacion", "pk": 29}, {"fields": {"nivelanswer": 4, "tiempo": "13000.0", "usuario": 39, "promopk": 4, "ganadora": true, "fecha_ganador": "2018-04-25T18:35:15.853Z", "inicio": "2018-04-16T15:08:49.998Z", "usuario_asigna_ganador": null, "acepta_terminos": true, "final": "2018-04-16T15:09:02.641Z"}, "model": "dinamicasapp.participacion", "pk": 38}, {"fields": {"nivelanswer": null, "tiempo": null, "usuario": 47, "promopk": 4, "ganadora": false, "fecha_ganador": null, "inicio": "2018-04-27T15:19:09.554Z", "usuario_asigna_ganador": null, "acepta_terminos": true, "final": null}, "model": "dinamicasapp.participacion", "pk": 45}, {"fields": {"date_add": "2018-04-10T08:52:05.599Z", "parti": 4, "typo": "trivia", "pregunta": 20, "respuesta": 209}, "model": "dinamicasapp.resparticipacion", "pk": 1}, {"fields": {"date_add": "2018-04-10T08:52:05.602Z", "parti": 4, "typo": "trivia", "pregunta": 21, "respuesta": 213}, "model": "dinamicasapp.resparticipacion", "pk": 2}, {"fields": {"date_add": "2018-04-10T08:52:05.604Z", "parti": 4, "typo": "trivia", "pregunta": 22, "respuesta": 216}, "model": "dinamicasapp.resparticipacion", "pk": 3}, {"fields": {"date_add": "2018-04-10T08:52:05.606Z", "parti": 4, "typo": "trivia", "pregunta": 22, "respuesta": 216}, "model": "dinamicasapp.resparticipacion", "pk": 4}, {"fields": {"date_add": "2018-04-10T08:52:05.608Z", "parti": 4, "typo": "trivia", "pregunta": 23, "respuesta": 218}, "model": "dinamicasapp.resparticipacion", "pk": 5}, {"fields": {"date_add": "2018-04-10T08:52:05.611Z", "parti": 4, "typo": "trivia", "pregunta": 24, "respuesta": 221}, "model": "dinamicasapp.resparticipacion", "pk": 6}, {"fields": {"date_add": "2018-04-10T08:52:05.613Z", "parti": 4, "typo": "trivia", "pregunta": 25, "respuesta": 225}, "model": "dinamicasapp.resparticipacion", "pk": 7}, {"fields": {"date_add": "2018-04-10T09:03:14.805Z", "parti": 6, "typo": "trivia", "pregunta": 20, "respuesta": 208}, "model": "dinamicasapp.resparticipacion", "pk": 14}, {"fields": {"date_add": "2018-04-10T09:03:14.809Z", "parti": 6, "typo": "trivia", "pregunta": 21, "respuesta": 211}, "model": "dinamicasapp.resparticipacion", "pk": 15}, {"fields": {"date_add": "2018-04-10T09:03:14.813Z", "parti": 6, "typo": "trivia", "pregunta": 22, "respuesta": 214}, "model": "dinamicasapp.resparticipacion", "pk": 16}, {"fields": {"date_add": "2018-04-10T09:03:14.821Z", "parti": 6, "typo": "trivia", "pregunta": 23, "respuesta": 217}, "model": "dinamicasapp.resparticipacion", "pk": 17}, {"fields": {"date_add": "2018-04-10T09:03:14.825Z", "parti": 6, "typo": "trivia", "pregunta": 24, "respuesta": 220}, "model": "dinamicasapp.resparticipacion", "pk": 18}, {"fields": {"date_add": "2018-04-10T09:03:14.827Z", "parti": 6, "typo": "trivia", "pregunta": 25, "respuesta": 223}, "model": "dinamicasapp.resparticipacion", "pk": 19}, {"fields": {"date_add": "2018-04-10T09:21:28.314Z", "parti": 9, "typo": "trivia", "pregunta": 20, "respuesta": 209}, "model": "dinamicasapp.resparticipacion", "pk": 32}, {"fields": {"date_add": "2018-04-10T09:21:28.317Z", "parti": 9, "typo": "trivia", "pregunta": 21, "respuesta": 212}, "model": "dinamicasapp.resparticipacion", "pk": 33}, {"fields": {"date_add": "2018-04-10T09:21:28.320Z", "parti": 9, "typo": "trivia", "pregunta": 22, "respuesta": 216}, "model": "dinamicasapp.resparticipacion", "pk": 34}, {"fields": {"date_add": "2018-04-10T09:21:28.323Z", "parti": 9, "typo": "trivia", "pregunta": 23, "respuesta": 218}, "model": "dinamicasapp.resparticipacion", "pk": 35}, {"fields": {"date_add": "2018-04-10T09:21:28.326Z", "parti": 9, "typo": "trivia", "pregunta": 24, "respuesta": 221}, "model": "dinamicasapp.resparticipacion", "pk": 36}, {"fields": {"date_add": "2018-04-10T09:21:28.328Z", "parti": 9, "typo": "trivia", "pregunta": 25, "respuesta": 223}, "model": "dinamicasapp.resparticipacion", "pk": 37}, {"fields": {"date_add": "2018-04-10T10:24:42.440Z", "parti": 13, "typo": "trivia", "pregunta": 21, "respuesta": 213}, "model": "dinamicasapp.resparticipacion", "pk": 85}, {"fields": {"date_add": "2018-04-10T10:24:42.444Z", "parti": 13, "typo": "trivia", "pregunta": 21, "respuesta": 213}, "model": "dinamicasapp.resparticipacion", "pk": 86}, {"fields": {"date_add": "2018-04-10T10:24:42.446Z", "parti": 13, "typo": "trivia", "pregunta": 21, "respuesta": 213}, "model": "dinamicasapp.resparticipacion", "pk": 87}, {"fields": {"date_add": "2018-04-10T10:24:42.449Z", "parti": 13, "typo": "trivia", "pregunta": 22, "respuesta": 215}, "model": "dinamicasapp.resparticipacion", "pk": 88}, {"fields": {"date_add": "2018-04-10T10:24:42.452Z", "parti": 13, "typo": "trivia", "pregunta": 23, "respuesta": 218}, "model": "dinamicasapp.resparticipacion", "pk": 89}, {"fields": {"date_add": "2018-04-10T10:24:42.454Z", "parti": 13, "typo": "trivia", "pregunta": 24, "respuesta": 222}, "model": "dinamicasapp.resparticipacion", "pk": 90}, {"fields": {"date_add": "2018-04-10T10:24:42.456Z", "parti": 13, "typo": "trivia", "pregunta": 23, "respuesta": 218}, "model": "dinamicasapp.resparticipacion", "pk": 91}, {"fields": {"date_add": "2018-04-10T10:24:42.459Z", "parti": 13, "typo": "trivia", "pregunta": 24, "respuesta": 222}, "model": "dinamicasapp.resparticipacion", "pk": 92}, {"fields": {"date_add": "2018-04-10T10:24:42.461Z", "parti": 13, "typo": "trivia", "pregunta": 25, "respuesta": 225}, "model": "dinamicasapp.resparticipacion", "pk": 93}, {"fields": {"date_add": "2018-04-10T10:43:52.047Z", "parti": 18, "typo": "trivia", "pregunta": 20, "respuesta": 210}, "model": "dinamicasapp.resparticipacion", "pk": 99}, {"fields": {"date_add": "2018-04-10T10:43:52.051Z", "parti": 18, "typo": "trivia", "pregunta": 21, "respuesta": 212}, "model": "dinamicasapp.resparticipacion", "pk": 100}, {"fields": {"date_add": "2018-04-10T10:43:52.054Z", "parti": 18, "typo": "trivia", "pregunta": 22, "respuesta": 216}, "model": "dinamicasapp.resparticipacion", "pk": 101}, {"fields": {"date_add": "2018-04-10T10:43:52.057Z", "parti": 18, "typo": "trivia", "pregunta": 23, "respuesta": 217}, "model": "dinamicasapp.resparticipacion", "pk": 102}, {"fields": {"date_add": "2018-04-10T10:43:52.060Z", "parti": 18, "typo": "trivia", "pregunta": 24, "respuesta": 220}, "model": "dinamicasapp.resparticipacion", "pk": 103}, {"fields": {"date_add": "2018-04-10T10:43:52.066Z", "parti": 18, "typo": "trivia", "pregunta": 25, "respuesta": 225}, "model": "dinamicasapp.resparticipacion", "pk": 104}, {"fields": {"date_add": "2018-04-16T13:15:45.098Z", "parti": 28, "typo": "trivia", "pregunta": 20, "respuesta": 208}, "model": "dinamicasapp.resparticipacion", "pk": 162}, {"fields": {"date_add": "2018-04-16T13:15:45.100Z", "parti": 28, "typo": "trivia", "pregunta": 21, "respuesta": 211}, "model": "dinamicasapp.resparticipacion", "pk": 163}, {"fields": {"date_add": "2018-04-16T13:15:45.102Z", "parti": 28, "typo": "trivia", "pregunta": 22, "respuesta": 215}, "model": "dinamicasapp.resparticipacion", "pk": 164}, {"fields": {"date_add": "2018-04-16T13:15:45.104Z", "parti": 28, "typo": "trivia", "pregunta": 23, "respuesta": 219}, "model": "dinamicasapp.resparticipacion", "pk": 165}, {"fields": {"date_add": "2018-04-16T13:15:45.107Z", "parti": 28, "typo": "trivia", "pregunta": 24, "respuesta": 221}, "model": "dinamicasapp.resparticipacion", "pk": 166}, {"fields": {"date_add": "2018-04-16T13:15:45.109Z", "parti": 28, "typo": "trivia", "pregunta": 25, "respuesta": 224}, "model": "dinamicasapp.resparticipacion", "pk": 167}, {"fields": {"date_add": "2018-04-16T13:18:07.650Z", "parti": 29, "typo": "trivia", "pregunta": 20, "respuesta": 209}, "model": "dinamicasapp.resparticipacion", "pk": 168}, {"fields": {"date_add": "2018-04-16T13:18:07.654Z", "parti": 29, "typo": "trivia", "pregunta": 21, "respuesta": 213}, "model": "dinamicasapp.resparticipacion", "pk": 169}, {"fields": {"date_add": "2018-04-16T13:18:07.656Z", "parti": 29, "typo": "trivia", "pregunta": 22, "respuesta": 215}, "model": "dinamicasapp.resparticipacion", "pk": 170}, {"fields": {"date_add": "2018-04-16T13:18:07.659Z", "parti": 29, "typo": "trivia", "pregunta": 23, "respuesta": 217}, "model": "dinamicasapp.resparticipacion", "pk": 171}, {"fields": {"date_add": "2018-04-16T13:18:07.662Z", "parti": 29, "typo": "trivia", "pregunta": 24, "respuesta": 221}, "model": "dinamicasapp.resparticipacion", "pk": 172}, {"fields": {"date_add": "2018-04-16T13:18:07.664Z", "parti": 29, "typo": "trivia", "pregunta": 25, "respuesta": 224}, "model": "dinamicasapp.resparticipacion", "pk": 173}, {"fields": {"date_add": "2018-04-16T15:09:02.628Z", "parti": 38, "typo": "trivia", "pregunta": 20, "respuesta": 210}, "model": "dinamicasapp.resparticipacion", "pk": 192}, {"fields": {"date_add": "2018-04-16T15:09:02.630Z", "parti": 38, "typo": "trivia", "pregunta": 21, "respuesta": 212}, "model": "dinamicasapp.resparticipacion", "pk": 193}, {"fields": {"date_add": "2018-04-16T15:09:02.633Z", "parti": 38, "typo": "trivia", "pregunta": 22, "respuesta": 214}, "model": "dinamicasapp.resparticipacion", "pk": 194}, {"fields": {"date_add": "2018-04-16T15:09:02.635Z", "parti": 38, "typo": "trivia", "pregunta": 23, "respuesta": 218}, "model": "dinamicasapp.resparticipacion", "pk": 195}, {"fields": {"date_add": "2018-04-16T15:09:02.638Z", "parti": 38, "typo": "trivia", "pregunta": 24, "respuesta": 222}, "model": "dinamicasapp.resparticipacion", "pk": 196}, {"fields": {"date_add": "2018-04-16T15:09:02.640Z", "parti": 38, "typo": "trivia", "pregunta": 25, "respuesta": 224}, "model": "dinamicasapp.resparticipacion", "pk": 197}]